# Image list with two lines of data per image:
#   IMAGE_ID, QW, QX, QY, QZ, TX, TY, TZ, CAMERA_ID, NAME
#   POINTS2D[] as (X, Y, POINT3D_ID)
# Number of images: 40, mean observations per image: 111.09999999999999
1 0.95392429980868654 0.28672897208610915 0.066843020580705098 -0.05785272163518184 -1.7740419250666548 2.5282402038182492 -7.0928545573714477 1 top_left_000001.jpg
434.87640380859375 307.468505859375 297 452.67520141601562 308.4853515625 508 436.60775756835938 320.484130859375 -1 443.47933959960938 321.06402587890625 -1 443.47933959960938 321.06402587890625 -1 452.43930053710938 326.2330322265625 3 452.43930053710938 326.2330322265625 4 444.98178100585938 327.8504638671875 -1 444.98178100585938 327.8504638671875 -1 407.8963623046875 332.35604858398438 496 407.8963623046875 332.35604858398438 496 431.14776611328125 332.9405517578125 -1 445.60122680664062 335.60202026367188 -1 366.4024658203125 338.6741943359375 -1 488.49087524414062 339.62350463867188 270 425.4609375 340.05999755859375 252 468.57632446289062 340.47064208984375 -1 374.10305786132812 341.39486694335938 330 43.054141998291016 344.04110717773438 -1 382.05523681640625 343.89236450195312 -1 107.00471496582031 344.52700805664062 -1 630.428955078125 345.0777587890625 -1 11.039031982421875 346.62405395507812 -1 123.66156768798828 347.16494750976562 -1 217.7730712890625 346.9541015625 -1 266.618896484375 347.50851440429688 -1 277.51055908203125 347.87875366210938 -1 300.02182006835938 347.93142700195312 -1 321.49258422851562 348.41812133789062 -1 343.19085693359375 348.42819213867188 -1 347.30215454101562 348.39715576171875 -1 395.12374877929688 348.35787963867188 506 395.12374877929688 348.35787963867188 506 220.17160034179688 349.57595825195312 -1 234.98863220214844 349.559326171875 -1 239.87300109863281 349.48794555664062 -1 320.52633666992188 351.08868408203125 -1 553.9326171875 351.62408447265625 -1 498.37921142578125 355.12075805664062 -1 501.480712890625 355.00198364257812 -1 462.6455078125 359.11083984375 -1 400.09066772460938 360.00286865234375 390 445.585205078125 361.10919189453125 -1 425.74948120117188 368.99896240234375 -1 360.46710205078125 372.3245849609375 -1 499.87545776367188 404.57275390625 501 546.676513671875 408.61251831054688 -1 11.444351196289062 443.74124145507812 -1 39.153396606445312 449.07504272460938 -1 16.958335876464844 458.85440063476562 -1 453.90219116210938 317.91415405273438 355 459.37020874023438 318.03839111328125 2 466.2635498046875 339.87472534179688 -1 456.4864501953125 340.67266845703125 -1 47.554191589355469 344.10595703125 -1 63.009666442871094 343.85525512695312 -1 148.16709899902344 344.55853271484375 -1 635.49139404296875 344.52175903320312 -1 406.74603271484375 345.39572143554688 6 621.50775146484375 345.366455078125 -1 608.36993408203125 346.01266479492188 -1 222.83636474609375 346.39273071289062 -1 55.271732330322266 346.8272705078125 -1 329.43081665039062 347.9678955078125 -1 620.00531005859375 348.86746215820312 -1 292.06448364257812 350.97052001953125 -1 311.86917114257812 351.00787353515625 -1 580.6361083984375 352.03567504882812 -1 566.4923095703125 353.05685424804688 -1 435.88470458984375 353.7332763671875 -1 440.91986083984375 366.59237670898438 678 430.5174560546875 368.54470825195312 -1 357.71139526367188 371.39837646484375 -1 383.6136474609375 403.32763671875 303 505.65939331054688 403.44778442382812 -1 574.044677734375 406.66552734375 -1 36.470188140869141 451.6407470703125 -1 42.576934814453125 451.87478637695312 -1 50.574302673339844 456.18411254882812 -1 53.797988891601562 458.4573974609375 -1 55.628028869628906 463.67056274414062 -1 58.110305786132812 472.74111938476562 -1 443.20333862304688 310.50848388671875 1 450.02944946289062 311.2574462890625 75 450.02944946289062 311.2574462890625 708 413.39523315429688 321.48757934570312 233 425.68988037109375 328.57183837890625 849 456.29202270507812 328.63833618164062 3 484.87142944335938 337.216064453125 -1 397.93048095703125 340.928955078125 400 428.2337646484375 344.20587158203125 458 467.73342895507812 343.918212890625 -1 613.32147216796875 345.76931762695312 -1 600.525146484375 346.25091552734375 -1 262.66000366210938 346.98226928710938 -1 49.589794158935547 347.43939208984375 563 192.8609619140625 349.22109985351562 -1 441.45687866210938 351.81448364257812 -1 560.03314208984375 353.09854125976562 -1 408.66275024414062 356.44256591796875 7 458.30343627929688 356.81207275390625 -1 499.62637329101562 359.4923095703125 -1 449.10964965820312 375.50711059570312 265 457.1793212890625 377.80563354492188 15 478.4423828125 383.70315551757812 266 377.04342651367188 392.51190185546875 486 387.51681518554688 395.85482788085938 158 498.05877685546875 401.12716674804688 17 607.77288818359375 409.916015625 -1 536.35528564453125 410.92666625976562 417 530.90753173828125 411.3814697265625 336 9.8973836898803711 459.09490966796875 -1 450.05502319335938 337.85952758789062 269 398.23678588867188 340.41839599609375 400 38.667766571044922 347.7105712890625 -1 192.623779296875 349.58486938476562 -1 409.28323364257812 350.48764038085938 13 409.28323364257812 350.48764038085938 14 458.740234375 351.85711669921875 -1 440.88906860351562 367.19747924804688 565 457.2161865234375 377.84747314453125 -1 9.4761257171630859 446.69003295898438 -1 5.4459714889526367 450.97152709960938 -1 15.852529525756836 451.8455810546875 -1 10.721179008483887 454.63113403320312 -1 14.537321090698242 457.05184936523438 -1 9.82183837890625 459.40945434570312 -1 455.38613891601562 315.79653930664062 355 446.83441162109375 316.50140380859375 19 448.34036254882812 323.87841796875 23 448.34036254882812 323.87841796875 22 457.48843383789062 323.04092407226562 24 439.20782470703125 325.2974853515625 25 450.01058959960938 331.38644409179688 28 450.01058959960938 331.38644409179688 27 441.44863891601562 332.4664306640625 26 478.75106811523438 336.6160888671875 -1 148.54501342773438 343.26995849609375 -1 400.57968139648438 345.74459838867188 29 360.11703491210938 346.00277709960938 -1 392.1448974609375 346.03189086914062 39 328.20901489257812 352.61990356445312 -1 393.51800537109375 353.63775634765625 31 402.53878784179688 358.12335205078125 33 402.53878784179688 358.12335205078125 34 472.53497314453125 386.38784790039062 36 600.66412353515625 410.80596923828125 543 35.766437530517578 458.40985107421875 -1 516.19189453125 337.99395751953125 -1 516.19189453125 337.99395751953125 -1 488.66973876953125 347.41598510742188 -1 349.691650390625 353.3614501953125 -1 410.51873779296875 360.10702514648438 44 471.81951904296875 395.58944702148438 -1 436.05242919921875 314.57931518554688 43 436.05242919921875 314.57931518554688 42 461.48147583007812 333.70574951171875 -1 461.48147583007812 333.70574951171875 -1 516.55316162109375 338.18807983398438 -1 358.813720703125 344.63055419921875 -1 448.55392456054688 355.25247192382812 -1 448.55392456054688 355.25247192382812 -1 475.50140380859375 357.54574584960938 -1 450.38388061523438 368.18014526367188 198 465.4288330078125 380.62640380859375 46 465.4288330078125 380.62640380859375 281 631.4798583984375 403.76287841796875 -1 382.74667358398438 336.12158203125 47 434.67800903320312 342.39486694335938 48 400.943603515625 352.22259521484375 49 474.14212036132812 370.08917236328125 -1 378.425537109375 399.25015258789062 58 550.47479248046875 400.82052612304688 63 429.315185546875 318.39736938476562 53 429.315185546875 318.39736938476562 52 397.33859252929688 325.76968383789062 55 397.33859252929688 325.76968383789062 54 421.00289916992188 352.38595581054688 59 508.54946899414062 353.82550048828125 -1 546.63507080078125 356.82803344726562 -1 410.97344970703125 309.32156372070312 347 493.22610473632812 365.57785034179688 -1 512.2315673828125 386.80368041992188 61 512.2315673828125 386.80368041992188 283 483.40835571289062 391.22158813476562 62 621.62164306640625 399.35043334960938 -1 413.06988525390625 331.3748779296875 65 413.06988525390625 331.3748779296875 64 373.32098388671875 362.17166137695312 -1 31.061847686767578 439.74761962890625 -1 551.38433837890625 383.07733154296875 -1 504.0128173828125 427.1505126953125 -1 
2 0.96197914795991712 0.26487878072820442 0.062392434517123604 -0.023292370537968204 -1.597099610271334 1.3869342653353589 -0.3568582974668828 1 top_left_000002.jpg
411.77780151367188 338.5567626953125 297 398.06964111328125 343.47189331054688 380 159.74981689453125 344.83657836914062 -1 83.901992797851562 346.59579467773438 -1 218.70405578613281 346.59634399414062 -1 582.7674560546875 346.44528198242188 -1 60.009979248046875 346.91464233398438 -1 127.47215270996094 347.17495727539062 -1 131.16035461425781 347.1864013671875 -1 473.12026977539062 346.81402587890625 -1 568.76519775390625 346.96463012695312 -1 163.49888610839844 347.52407836914062 -1 280.22320556640625 347.34619140625 -1 468.6923828125 347.70822143554688 -1 555.53314208984375 347.5400390625 -1 298.61688232421875 347.95416259765625 -1 524.22125244140625 348.217529296875 -1 428.77630615234375 348.81298828125 355 428.77630615234375 348.81298828125 376 235.58622741699219 349.43997192382812 -1 306.70150756835938 350.48464965820312 -1 320.6531982421875 350.86190795898438 -1 426.90707397460938 354.93817138671875 3 426.90707397460938 354.93817138671875 4 457.79849243164062 360.93246459960938 402 361.15524291992188 363.06988525390625 291 453.71340942382812 363.411865234375 -1 475.32830810546875 367.9122314453125 253 592.80126953125 369.57656860351562 -1 405.59844970703125 370.86117553710938 458 459.10629272460938 371.06497192382812 270 389.78146362304688 373.00311279296875 -1 389.78146362304688 373.00311279296875 -1 586.02984619140625 373.516845703125 -1 523.303466796875 379.2021484375 -1 378.40365600585938 380.88543701171875 8 419.81692504882812 381.17080688476562 348 425.36154174804688 383.87026977539062 348 426.68231201171875 391.5909423828125 294 425.14096069335938 400.5101318359375 5 482.91192626953125 406.28619384765625 395 455.740478515625 420.46817016601562 16 572.0615234375 427.87808227539062 -1 485.06765747070312 429.09197998046875 -1 539.80303955078125 428.86373901367188 -1 620.68603515625 429.40716552734375 -1 577.50982666015625 430.60903930664062 -1 585.8680419921875 430.55535888671875 -1 494.59646606445312 431.48202514648438 417 10.884319305419922 431.63357543945312 -1 8.8107070922851562 433.68417358398438 -1 35.207881927490234 445.97662353515625 -1 398.64645385742188 343.63494873046875 195 560.3876953125 343.9393310546875 -1 126.15646362304688 344.66766357421875 -1 544.29449462890625 344.55795288085938 -1 168.78416442871094 344.91937255859375 -1 174.21224975585938 345.21499633789062 -1 526.10455322265625 344.90072631835938 -1 9.4908876419067383 346.68368530273438 -1 371.95980834960938 346.76275634765625 290 266.25750732421875 346.91098022460938 -1 444.450927734375 347.21017456054688 -1 288.316162109375 347.65591430664062 -1 543.1173095703125 347.53549194335938 -1 167.37303161621094 348.05746459960938 -1 429.93359375 348.07089233398438 355 497.79299926757812 349.06649780273438 -1 218.77113342285156 349.36233520507812 -1 492.11959838867188 349.400634765625 -1 260.46826171875 350.10955810546875 -1 279.45974731445312 350.44418334960938 -1 388.38192749023438 358.42166137695312 496 388.38192749023438 358.42166137695312 496 461.835693359375 363.97036743164062 292 352.54067993164062 365.50079345703125 -1 465.91607666015625 368.04403686523438 254 610.08062744140625 369.20010375976562 -1 388.5736083984375 379.56588745117188 7 347.72821044921875 383.28750610351562 -1 428.24252319335938 384.80657958984375 257 429.10317993164062 389.373779296875 272 429.10317993164062 389.373779296875 -1 408.1461181640625 391.0333251953125 -1 422.33502197265625 398.06478881835938 265 426.95050048828125 404.3446044921875 709 445.87432861328125 405.75161743164062 267 445.80819702148438 420.63357543945312 166 541.53814697265625 426.32669067382812 -1 520.75909423828125 427.88482666015625 194 601.41888427734375 428.54803466796875 -1 6.4472122192382812 428.83392333984375 -1 616.44976806640625 428.9000244140625 -1 590.158447265625 431.61599731445312 -1 487.16549682617188 432.15155029296875 336 12.385093688964844 436.02545166015625 -1 20.02311897277832 440.41653442382812 -1 53.143222808837891 456.85406494140625 -1 272.72933959960938 347.04486083984375 -1 2.3230206966400146 347.34228515625 -1 302.24002075195312 347.5943603515625 -1 350.519775390625 347.6214599609375 338 362.83016967773438 351.224365234375 567 362.83016967773438 351.224365234375 464 431.1512451171875 358.10540771484375 3 380.05752563476562 365.34487915039062 400 456.75650024414062 368.04327392578125 -1 466.26214599609375 371.65731811523438 -1 389.50137329101562 374.48736572265625 13 389.50137329101562 374.48736572265625 14 418.54776000976562 374.38052368164062 12 510.593994140625 378.71142578125 312 418.92510986328125 379.56146240234375 353 415.6134033203125 382.73974609375 35 415.9141845703125 390.6226806640625 307 429.1417236328125 399.98464965820312 15 370.53070068359375 408.83859252929688 158 515.957763671875 428.51425170898438 277 606.93634033203125 428.39865112304688 -1 511.81716918945312 429.24227905273438 -1 472.87954711914062 430.35626220703125 534 25.571414947509766 440.05633544921875 -1 418.97830200195312 341.69430541992188 1 423.46255493164062 346.69033813476562 19 423.46255493164062 346.69033813476562 20 468.32940673828125 346.233642578125 -1 583.0400390625 347.04754638671875 -1 394.13189697265625 348.97525024414062 233 445.03311157226562 351.75079345703125 279 445.03311157226562 351.75079345703125 278 432.41165161132812 352.92092895507812 24 424.1253662109375 353.17864990234375 22 424.1253662109375 353.17864990234375 23 416.34906005859375 353.9254150390625 25 425.4136962890625 360.06219482421875 27 425.4136962890625 360.06219482421875 28 449.81326293945312 359.26507568359375 268 417.88803100585938 360.50350952148438 26 382.18228149414062 369.7825927734375 29 610.3201904296875 369.48141479492188 -1 429.86370849609375 374.53387451171875 373 375.71185302734375 376.40924072265625 31 375.71185302734375 376.40924072265625 32 383.12799072265625 380.62191772460938 33 383.12799072265625 380.62191772460938 34 440.79571533203125 408.25637817382812 36 440.79571533203125 408.25637817382812 37 589.282958984375 427.20449829101562 -1 598.1806640625 432.57479858398438 -1 25.796991348266602 439.57107543945312 -1 32.471084594726562 443.709716796875 -1 563.72552490234375 348.7332763671875 -1 450.76901245117188 365.30477905273438 275 375.09835815429688 369.39846801757812 39 594.01751708984375 373.61190795898438 -1 432.57125854492188 392.0355224609375 40 491.41116333007812 406.27203369140625 -1 428.7449951171875 410.61740112304688 379 506.09310913085938 343.28793334960938 -1 518.0697021484375 343.73248291015625 -1 414.86965942382812 344.36322021484375 43 414.86965942382812 344.36322021484375 42 453.78912353515625 379.421142578125 343 390.0418701171875 382.97683715820312 44 377.73342895507812 385.53924560546875 45 423.62066650390625 392.9620361328125 198 435.97869873046875 402.69781494140625 46 506.14236450195312 407.82205200195312 -1 506.14236450195312 407.82205200195312 -1 527.40875244140625 423.28482055664062 -1 367.15756225585938 360.45391845703125 47 411.12689208984375 368.64486694335938 48 382.03692626953125 375.504150390625 49 382.03692626953125 375.504150390625 50 444.76852416992188 397.46405029296875 51 460.22079467773438 400.5020751953125 57 527.32965087890625 422.76907348632812 -1 504.22293090820312 424.08499145507812 63 408.93695068359375 347.084716796875 53 408.93695068359375 347.084716796875 52 380.15695190429688 352.18988037109375 55 380.15695190429688 352.18988037109375 54 452.07406616210938 354.7401123046875 321 452.07406616210938 354.7401123046875 322 432.92337036132812 366.30825805664062 199 474.15805053710938 372.56280517578125 282 399.04910278320312 376.92535400390625 59 467.91482543945312 388.17514038085938 56 361.39498901367188 414.10394287109375 58 448.138427734375 413.4361572265625 62 55.334346771240234 469.83200073242188 -1 437.19802856445312 381.00698852539062 60 473.12188720703125 413.32669067382812 61 473.12188720703125 413.32669067382812 283 53.257114410400391 468.94757080078125 -1 393.10617065429688 359.0323486328125 65 393.10617065429688 359.0323486328125 64 565.00469970703125 399.1131591796875 66 503.76364135742188 422.19113159179688 519 29.649629592895508 435.67510986328125 -1 359.00491333007812 382.91775512695312 284 492.388916015625 390.290771484375 -1 357.51382446289062 334.62484741210938 -1 499.77911376953125 405.3736572265625 324 466.77740478515625 439.9639892578125 308 447.61032104492188 395.00320434570312 288 66.948760986328125 286.022705078125 -1 
3 0.96203241880471124 0.26487903619362702 0.061291119529968012 -0.024002500300072113 -1.386194684328653 1.6006271619417749 -0.38474582282015962 1 top_left_000003.jpg
10.652654647827148 344.0062255859375 -1 51.700946807861328 344.01010131835938 -1 109.92942047119141 344.43704223632812 -1 150.06990051269531 344.49957275390625 -1 545.67401123046875 345.00973510742188 -1 629.66522216796875 345.35043334960938 -1 10.406222343444824 346.51669311523438 -1 111.4444580078125 347.12060546875 -1 121.93410491943359 347.01016235351562 -1 448.82260131835938 347.6595458984375 -1 505.82028198242188 348.43911743164062 -1 233.38383483886719 349.4510498046875 -1 438.02377319335938 349.37289428710938 -1 338.91595458984375 351.04559326171875 -1 430.55313110351562 351.74319458007812 355 430.55313110351562 351.74319458007812 376 441.51766967773438 354.656494140625 368 445.00021362304688 360.85159301757812 -1 472.46392822265625 366.56671142578125 333 463.3665771484375 367.02880859375 292 360.84597778320312 367.76437377929688 330 470.33828735351562 368.41610717773438 331 423.055419921875 370.07998657226562 392 468.85797119140625 371.168212890625 254 484.9825439453125 372.46224975585938 -1 606.8541259765625 372.45901489257812 -1 458.64056396484375 374.73623657226562 270 440.123046875 376.20355224609375 30 436.65390014648438 376.41314697265625 356 551.9344482421875 378.46823120117188 -1 501.98239135742188 379.58035278320312 371 508.12420654296875 381.02432250976562 317 524.51708984375 384.56744384765625 -1 383.180419921875 385.35260009765625 390 423.814697265625 385.238037109375 348 348.5816650390625 390.03277587890625 -1 485.94955444335938 408.86370849609375 395 457.1346435546875 423.46826171875 16 523.8211669921875 430.51461791992188 194 10.321640968322754 431.40777587890625 -1 481.52545166015625 431.42791748046875 354 543.88299560546875 432.07354736328125 -1 575.66314697265625 433.5302734375 -1 482.16632080078125 434.27291870117188 260 486.71978759765625 434.43832397460938 336 606.29376220703125 434.23184204101562 -1 16.558427810668945 434.99014282226562 -1 30.69866943359375 443.23150634765625 -1 39.7408447265625 449.03762817382812 -1 2.6095004081726074 343.96859741210938 -1 140.53761291503906 344.35629272460938 -1 427.25106811523438 344.95599365234375 75 427.25106811523438 344.95599365234375 708 483.80905151367188 346.26171875 -1 240.05792236328125 346.37960815429688 -1 13.729547500610352 346.93682861328125 -1 48.431907653808594 346.86599731445312 -1 400.24853515625 346.87429809570312 195 137.07063293457031 347.57318115234375 -1 149.54173278808594 347.39651489257812 -1 286.27255249023438 347.26202392578125 -1 321.6461181640625 347.74606323242188 -1 156.98007202148438 348.126953125 -1 178.19093322753906 348.00711059570312 -1 474.7650146484375 349.78253173828125 -1 422.7047119140625 354.27053833007812 365 422.7047119140625 354.27053833007812 463 439.4339599609375 359.34359741210938 310 405.95938110351562 359.34051513671875 849 389.93148803710938 361.67263793945312 496 389.93148803710938 361.67263793945312 496 425.74557495117188 368.07528686523438 269 389.1571044921875 372.90850830078125 6 588.40972900390625 373.162109375 -1 462.31906127929688 373.86001586914062 270 544.6666259765625 379.09756469726562 -1 389.91720581054688 382.61346435546875 7 419.80490112304688 382.61590576171875 353 428.0111083984375 390.81689453125 272 378.60491943359375 399.31735229492188 264 423.994873046875 401.2325439453125 265 430.95498657226562 403.39828491210938 15 375.36904907226562 403.79690551757812 299 428.98910522460938 407.75912475585938 709 447.40267944335938 408.71975708007812 267 447.40267944335938 408.71975708007812 266 450.75137329101562 420.9373779296875 357 462.9326171875 424.89202880859375 17 466.98287963867188 426.5692138671875 531 5.8349723815917969 428.40789794921875 -1 478.63717651367188 434.04449462890625 260 591.68560791015625 434.12246704101562 -1 13.539996147155762 436.59042358398438 -1 57.363864898681641 459.97589111328125 -1 64.440559387207031 474.28262329101562 -1 194.06893920898438 345.4002685546875 -1 245.18833923339844 346.42059326171875 -1 259.21932983398438 346.42279052734375 -1 268.61480712890625 346.8377685546875 -1 299.11044311523438 347.56979370117188 -1 335.42007446289062 347.52517700195312 -1 143.08290100097656 347.83114624023438 -1 191.811279296875 348.912353515625 -1 207.80764770507812 349.68539428710938 -1 251.02958679199219 350.15444946289062 -1 314.50021362304688 351.58425903320312 -1 458.52554321289062 371.14694213867188 -1 599.81658935546875 371.06924438476562 -1 391.26654052734375 377.75201416015625 14 391.26654052734375 377.75201416015625 13 419.82403564453125 377.50503540039062 12 488.62200927734375 378.46630859375 -1 434.13726806640625 382.67108154296875 -1 417.72128295898438 385.87637329101562 35 372.62197875976562 411.3201904296875 158 437.81576538085938 422.60153198242188 359 366.7523193359375 422.68438720703125 303 531.09368896484375 431.9078369140625 -1 583.40533447265625 434.259033203125 -1 613.06689453125 435.49468994140625 -1 268.01300048828125 346.51992797851562 -1 540.32586669921875 348.96221923828125 -1 424.74844360351562 349.7882080078125 19 424.74844360351562 349.7882080078125 20 250.5626220703125 350.5936279296875 -1 433.92361450195312 356.0648193359375 24 425.8392333984375 356.35220336914062 23 425.8392333984375 356.35220336914062 22 417.794189453125 357.0989990234375 25 451.66729736328125 362.39019775390625 268 419.4295654296875 363.56887817382812 26 426.81283569335938 362.94244384765625 27 426.81283569335938 362.94244384765625 28 383.79205322265625 372.84866333007812 29 492.68679809570312 375.31954956054688 255 431.44085693359375 377.52664184570312 373 377.53936767578125 379.65335083007812 31 377.53936767578125 379.65335083007812 32 495.73226928710938 381.80194091796875 -1 384.91842651367188 384.08380126953125 33 384.91842651367188 384.08380126953125 34 417.3885498046875 385.76101684570312 35 524.20489501953125 385.33798217773438 301 417.18209838867188 394.60549926757812 307 442.66781616210938 411.17706298828125 36 370.47140502929688 417.22567749023438 555 445.39639282226562 424.3662109375 166 524.03985595703125 343.68841552734375 -1 538.2437744140625 343.90304565429688 -1 452.37643432617188 368.26974487304688 275 376.50985717773438 372.57180786132812 39 589.23065185546875 377.51315307617188 -1 433.86160278320312 394.94744873046875 40 425.40109252929688 396.02679443359375 198 430.32379150390625 413.44342041015625 379 568.54779052734375 341.25033569335938 -1 416.27001953125 347.36517333984375 43 416.27001953125 347.36517333984375 42 558.51513671875 349.85986328125 -1 454.591552734375 382.29379272460938 343 391.75253295898438 386.136474609375 44 456.67446899414062 393.827880859375 99 437.54010009765625 405.77178955078125 46 568.8638916015625 340.78790283203125 -1 368.72149658203125 363.60195922851562 47 412.82876586914062 371.72628784179688 48 383.6358642578125 378.92160034179688 49 383.6358642578125 378.92160034179688 50 446.755615234375 400.57876586914062 51 362.71185302734375 418.03329467773438 58 410.01837158203125 350.58291625976562 53 410.01837158203125 350.58291625976562 52 434.75881958007812 369.23583984375 199 475.8389892578125 375.46890258789062 282 469.60324096679688 391.25482177734375 56 485.33700561523438 402.44134521484375 320 449.97750854492188 416.27590942382812 62 506.40475463867188 426.47152709960938 63 55.729385375976562 469.97091674804688 -1 439.49786376953125 384.08987426757812 60 474.60842895507812 416.30691528320312 61 474.60842895507812 416.30691528320312 283 611.4210205078125 354.84304809570312 -1 567.546142578125 401.97634887695312 66 418.878662109375 411.125244140625 752 395.89129638671875 361.51800537109375 64 395.89129638671875 361.51800537109375 65 360.51351928710938 386.396728515625 284 621.38861083984375 424.98410034179688 -1 621.38861083984375 424.98410034179688 -1 29.600767135620117 433.37564086914062 -1 448.82205200195312 396.80780029296875 288 70.1470947265625 285.79815673828125 -1 
4 0.96244250191264524 0.26298175006026964 0.063553061298297728 -0.022495289439805534 -1.568067107689167 1.4576145534629481 -0.39662663878365922 1 top_left_000004.jpg
418.1080322265625 338.64361572265625 367 4.1775918006896973 344.099609375 -1 8.9224710464477539 344.00933837890625 -1 52.062808990478516 344.1060791015625 -1 74.845626831054688 343.88128662109375 -1 88.750999450683594 344.04934692382812 -1 112.11849975585938 344.5225830078125 -1 115.88499450683594 344.42184448242188 -1 558.89892578125 344.43771362304688 -1 534.10516357421875 345.408935546875 -1 85.559371948242188 346.6473388671875 -1 90.088188171386719 346.66229248046875 -1 405.95343017578125 346.5343017578125 -1 569.799560546875 346.56405639648438 -1 553.29449462890625 346.7999267578125 -1 450.13430786132812 347.44772338867188 -1 187.9072265625 348.12921142578125 -1 346.39169311523438 348.17385864257812 -1 354.44647216796875 347.91964721679688 -1 206.31166076660156 348.67318725585938 -1 322.51409912109375 348.42160034179688 -1 390.98226928710938 348.63717651367188 247 516.24090576171875 348.29074096679688 -1 247.00929260253906 349.6385498046875 -1 279.83660888671875 350.13653564453125 -1 420.65679931640625 353.38876342773438 365 420.65679931640625 353.38876342773438 249 441.1593017578125 354.49969482421875 368 389.2581787109375 359.153076171875 251 428.77536010742188 358.84426879882812 3 428.77536010742188 358.84426879882812 4 444.07699584960938 359.712890625 250 446.040771484375 362.9019775390625 250 461.75442504882812 365.13424682617188 -1 430.83053588867188 367.23101806640625 375 360.57217407226562 367.55560302734375 330 363.10446166992188 367.46026611328125 291 608.45745849609375 370.78427124023438 -1 468.42129516601562 371.91830444335938 254 385.37429809570312 372.61611938476562 -1 385.37429809570312 372.61611938476562 -1 589.04962158203125 374.71621704101562 -1 378.84457397460938 375.88638305664062 506 569.59033203125 377.48104858398438 -1 564.8759765625 378.2108154296875 -1 527.692138671875 382.70504760742188 -1 524.4859619140625 383.07305908203125 -1 425.60446166992188 384.0787353515625 -1 421.62530517578125 385.00521850585938 348 425.79513549804688 387.11187744140625 348 402.61361694335938 389.30813598632812 -1 461.0245361328125 393.04006958007812 258 407.66482543945312 394.802734375 -1 402.86138916015625 395.61972045898438 295 372.19219970703125 411.752685546875 158 455.75885009765625 423.78250122070312 16 9.5771665573120117 431.01235961914062 -1 492.0130615234375 432.89239501953125 -1 22.052684783935547 438.24160766601562 -1 22.491926193237305 441.19338989257812 -1 31.210201263427734 447.02838134765625 -1 53.414958953857422 456.9757080078125 -1 98.092483520507812 467.07235717773438 -1 63.541221618652344 476.21014404296875 -1 79.556243896484375 344.08169555664062 -1 150.77920532226562 344.4754638671875 -1 427.70611572265625 345.85650634765625 75 427.70611572265625 345.85650634765625 708 226.9259033203125 346.43850708007812 -1 236.64360046386719 346.5511474609375 -1 481.7708740234375 346.53805541992188 -1 48.585418701171875 347.07098388671875 -1 76.157432556152344 347.01577758789062 -1 462.08615112304688 347.03152465820312 -1 130.47621154785156 347.49087524414062 -1 143.42210388183594 347.504638671875 -1 445.96063232421875 347.37142944335938 -1 221.66542053222656 349.42697143554688 -1 262.38186645507812 349.82208251953125 -1 353.82492065429688 350.99063110351562 -1 431.4442138671875 351.87570190429688 355 406.2169189453125 359.88253784179688 849 406.2169189453125 359.88253784179688 849 432.03173828125 361.33016967773438 3 432.03173828125 361.33016967773438 4 390.0238037109375 362.4376220703125 496 390.0238037109375 362.4376220703125 496 594.22381591796875 373.52017211914062 -1 389.1888427734375 373.87017822265625 6 579.10516357421875 376.24697875976562 -1 488.66363525390625 378.68301391601562 -1 499.97512817382812 379.42831420898438 371 535.63665771484375 381.43405151367188 -1 417.12948608398438 382.24368286132812 -1 513.39154052734375 382.82080078125 312 390.45220947265625 383.272705078125 7 516.30340576171875 382.9808349609375 312 511.84918212890625 385.59005737304688 271 429.44000244140625 392.48806762695312 272 423.95571899414062 401.97927856445312 265 376.0738525390625 403.53750610351562 299 429.05349731445312 408.36874389648438 709 447.89044189453125 409.78439331054688 267 368.60848999023438 419.29180908203125 -1 437.3785400390625 422.75994873046875 359 359.72442626953125 427.87863159179688 459 6.5036611557006836 428.68899536132812 -1 465.4449462890625 430.41461181640625 501 609.96142578125 432.27713012695312 -1 634.37432861328125 436.56533813476562 -1 46.086360931396484 452.88970947265625 -1 59.508270263671875 461.94027709960938 -1 268.1912841796875 346.81478881835938 -1 341.6007080078125 347.70382690429688 -1 136.982666015625 348.034423828125 -1 357.13970947265625 347.98397827148438 338 546.41510009765625 348.16561889648438 -1 267.86868286132812 350.59835815429688 -1 396.40847778320312 352.95333862304688 233 439.29620361328125 360.87026977539062 310 450.51272583007812 363.50997924804688 268 425.71002197265625 368.95166015625 269 458.91290283203125 371.78195190429688 -1 353.10064697265625 374.35861206054688 -1 492.6678466796875 377.03829956054688 -1 431.60186767578125 378.20358276367188 373 391.33349609375 378.33657836914062 13 391.33349609375 378.33657836914062 14 420.00299072265625 378.38424682617188 12 549.25604248046875 378.97537231445312 -1 582.85546875 378.833251953125 -1 535.69464111328125 384.89785766601562 -1 418.28097534179688 386.64117431640625 35 417.47140502929688 394.94906616210938 307 465.16552734375 398.09384155273438 -1 431.09625244140625 404.05526733398438 15 445.38235473632812 424.45147705078125 166 496.681884765625 432.19369506835938 -1 539.5135498046875 433.61138916015625 -1 604.7342529296875 436.00247192382812 -1 35.282390594482422 446.01025390625 -1 584.21551513671875 342.26092529296875 -1 179.31448364257812 344.20016479492188 -1 445.82763671875 346.77984619140625 -1 136.60272216796875 348.51596069335938 -1 546.47308349609375 348.84402465820312 -1 518.28375244140625 349.82736206054688 -1 424.97683715820312 350.6112060546875 19 285.6285400390625 351.8280029296875 -1 293.488525390625 351.57797241210938 436 443.90682983398438 351.70126342773438 279 396.320556640625 352.86199951171875 233 401.82022094726562 355.6431884765625 21 434.1085205078125 356.8338623046875 24 392.96340942382812 357.49615478515625 91 426.1910400390625 357.07342529296875 22 426.1910400390625 357.07342529296875 23 417.98736572265625 357.826171875 25 427.01535034179688 363.91748046875 27 427.01535034179688 363.91748046875 28 419.62841796875 364.31283569335938 26 383.917236328125 373.669189453125 29 353.35018920898438 374.18057250976562 -1 492.8924560546875 376.63619995117188 255 431.649658203125 378.31082153320312 373 377.69418334960938 380.45498657226562 31 377.69418334960938 380.45498657226562 32 384.92364501953125 384.70932006835938 33 384.92364501953125 384.70932006835938 34 535.6585693359375 385.10479736328125 -1 433.32925415039062 389.45248413085938 319 417.30569458007812 395.49200439453125 307 465.522216796875 397.6171875 344 493.8260498046875 410.0640869140625 -1 442.69387817382812 412.01730346679688 36 528.71356201171875 428.47561645507812 -1 570.48101806640625 435.45571899414062 -1 604.84161376953125 436.49313354492188 -1 45.032627105712891 451.3228759765625 -1 460.36135864257812 351.70358276367188 366 452.44253540039062 369.03982543945312 275 376.61410522460938 373.49063110351562 39 440.8319091796875 378.1800537109375 30 570.10015869140625 381.5843505859375 -1 434.0177001953125 395.84893798828125 40 430.60427856445312 414.51809692382812 379 37.406715393066406 452.95999145507812 -1 583.48321533203125 341.0302734375 -1 548.881103515625 342.07919311523438 -1 416.32870483398438 348.26773071289062 43 416.32870483398438 348.26773071289062 42 530.716552734375 350.42926025390625 -1 445.66690063476562 352.49447631835938 279 445.66690063476562 352.49447631835938 278 431.29043579101562 371.34060668945312 199 456.03204345703125 383.26016235351562 343 392.07232666015625 386.87106323242188 44 379.60626220703125 389.484130859375 45 456.42718505859375 394.25265502929688 99 425.48568725585938 396.81411743164062 198 437.83444213867188 406.58255004882812 46 368.92190551757812 364.41220092773438 47 413.00927734375 372.5980224609375 48 495.58709716796875 374.5677490234375 -1 383.81704711914062 379.44393920898438 49 383.81704711914062 379.44393920898438 50 446.77313232421875 401.35153198242188 51 462.03445434570312 404.22845458984375 57 362.4630126953125 419.17086791992188 58 530.873291015625 426.74240112304688 -1 506.88296508789062 427.80633544921875 63 36.235076904296875 455.376708984375 -1 410.63772583007812 350.90286254882812 53 410.63772583007812 350.90286254882812 52 381.70553588867188 356.06170654296875 55 381.70553588867188 356.06170654296875 54 434.70440673828125 370.12081909179688 199 475.99700927734375 376.27499389648438 282 401.12606811523438 380.81915283203125 59 470.10772705078125 391.94265747070312 56 485.49163818359375 403.72854614257812 320 449.91317749023438 417.26190185546875 62 55.638568878173828 469.9808349609375 -1 456.28228759765625 356.67236328125 321 439.32659912109375 384.97537231445312 60 474.88912963867188 417.16836547851562 61 474.88912963867188 417.16836547851562 283 54.000202178955078 469.27078247070312 -1 569.47515869140625 402.78079223632812 66 28.992055892944336 435.58026123046875 -1 396.1427001953125 362.26544189453125 64 396.1427001953125 362.26544189453125 65 360.58267211914062 387.27264404296875 284 607.51861572265625 400.47021484375 -1 620.9935302734375 426.16329956054688 -1 620.9935302734375 426.16329956054688 -1 448.8836669921875 397.4158935546875 288 70.160171508789062 285.68478393554688 -1 
5 0.9631768043859037 0.26022969342334612 0.062931868380006792 -0.024708907218885353 -1.5703793802443138 1.383931808786121 -0.47426754533682081 1 top_left_000005.jpg
4.8083157539367676 343.94772338867188 -1 40.0931396484375 344.07745361328125 -1 57.355739593505859 343.9039306640625 -1 67.1641845703125 344.172119140625 -1 73.058937072753906 343.84527587890625 -1 155.02598571777344 344.80557250976562 -1 175.69615173339844 345.33053588867188 -1 189.28941345214844 345.60910034179688 -1 503.88803100585938 345.85916137695312 -1 34.463588714599609 346.54638671875 -1 463.81256103515625 346.90838623046875 -1 261.58441162109375 347.52023315429688 -1 269.3187255859375 347.52545166015625 -1 439.58123779296875 347.46466064453125 -1 176.25653076171875 347.91000366210938 -1 315.31326293945312 348.47235107421875 -1 279.92529296875 350.03378295898438 -1 399.5416259765625 349.99383544921875 380 452.10614013671875 350.12786865234375 -1 439.20309448242188 350.58871459960938 -1 438.8876953125 353.9410400390625 -1 421.87905883789062 356.95428466796875 -1 421.87905883789062 356.95428466796875 -1 391.324951171875 357.56716918945312 -1 442.03201293945312 359.22637939453125 368 429.01361083984375 361.61801147460938 4 429.01361083984375 361.61801147460938 3 386.76699829101562 361.68182373046875 251 456.13446044921875 367.46224975585938 -1 459.89114379882812 367.38775634765625 402 618.08221435546875 373.33883666992188 -1 593.8160400390625 376.29959106445312 -1 444.86911010742188 378.9766845703125 -1 490.41165161132812 378.91668701171875 -1 494.06497192382812 380.55502319335938 410 549.7625732421875 382.39462280273438 -1 421.45449829101562 387.31317138671875 348 428.71322631835938 391.57675170898438 257 392.1607666015625 399.3905029296875 -1 347.21212768554688 406.39846801757812 -1 345.25616455078125 412.42938232421875 259 363.07379150390625 414.05184936523438 486 347.74786376953125 414.825439453125 -1 438.26663208007812 425.58157348632812 359 460.62591552734375 427.85330200195312 -1 6.5367269515991211 428.98617553710938 -1 542.52740478515625 432.877197265625 -1 16.448179244995117 437.63931274414062 -1 20.708711624145508 440.1099853515625 -1 38.579723358154297 448.15777587890625 -1 571.8297119140625 343.7724609375 -1 61.406417846679688 343.98992919921875 -1 529.65020751953125 344.99884033203125 -1 228.12928771972656 346.4102783203125 -1 237.4549560546875 346.50537109375 -1 77.380691528320312 347.1419677734375 -1 82.526138305664062 347.0147705078125 -1 107.56594848632812 347.09579467773438 -1 112.97708129882812 347.22006225585938 -1 460.33056640625 346.9595947265625 -1 184.01431274414062 348.54281616210938 -1 431.30038452148438 354.31961059570312 355 439.45440673828125 362.26922607421875 310 406.39047241210938 362.82635498046875 849 406.39047241210938 362.82635498046875 -1 390.07516479492188 365.03042602539062 496 390.07516479492188 365.03042602539062 496 389.0465087890625 376.54751586914062 6 348.96810913085938 379.4718017578125 -1 501.45242309570312 382.4903564453125 371 494.00253295898438 383.71563720703125 334 390.29913330078125 385.95608520507812 7 542.6705322265625 386.09548950195312 -1 421.09445190429688 386.77243041992188 353 349.8123779296875 389.140625 -1 376.1024169921875 405.7772216796875 299 496.15109252929688 410.1934814453125 -1 496.15109252929688 410.1934814453125 -1 429.04061889648438 411.18316650390625 709 447.71231079101562 412.57437133789062 267 447.71231079101562 412.57437133789062 266 455.24740600585938 426.15884399414062 16 10.792509078979492 431.50784301757812 -1 526.97412109375 431.5125732421875 -1 584.37835693359375 437.6158447265625 -1 23.131414413452148 438.15383911132812 -1 41.787124633789062 449.85702514648438 -1 45.585945129394531 452.53494262695312 -1 52.091659545898438 456.24795532226562 -1 59.165016174316406 461.594482421875 -1 64.158248901367188 474.27859497070312 -1 200.96339416503906 345.5323486328125 -1 503.41665649414062 345.55233764648438 -1 454.1436767578125 347.00296020507812 -1 319.52041625976562 347.54452514648438 -1 344.93197631835938 347.7791748046875 -1 251.16893005371094 350.12255859375 -1 463.48391723632812 350.53399658203125 -1 440.26995849609375 350.82339477539062 411 440.26995849609375 350.82339477539062 -1 330.47216796875 351.66928100585938 -1 347.80233764648438 351.53482055664062 -1 432.79495239257812 364.51040649414062 3 445.07421875 365.0596923828125 250 624.43341064453125 371.51837158203125 -1 458.76187133789062 374.34994506835938 -1 577.15325927734375 378.34121704101562 -1 431.84832763671875 380.75106811523438 373 391.26422119140625 381.17132568359375 14 391.26422119140625 381.17132568359375 13 419.98931884765625 380.9898681640625 12 574.92449951171875 382.43856811523438 -1 435.00234985351562 385.34335327148438 -1 530.40753173828125 388.10836791992188 -1 417.44686889648438 397.45401000976562 307 423.23922729492188 404.9864501953125 265 542.42730712890625 432.62106323242188 -1 520.49658203125 435.14813232421875 -1 497.93203735351562 438.55889892578125 417 32.037685394287109 443.64346313476562 -1 28.232606887817383 445.4434814453125 -1 627.5784912109375 341.43679809570312 -1 516.58245849609375 344.33538818359375 -1 280.74911499023438 346.94375610351562 -1 292.42556762695312 346.56387329101562 -1 327.62664794921875 347.17874145507812 -1 163.51397705078125 348.83013916015625 -1 251.04689025878906 350.57135009765625 -1 472.45504760742188 350.8236083984375 -1 425.00201416015625 353.1964111328125 19 425.00201416015625 353.1964111328125 20 395.94326782226562 355.60336303710938 233 426.02099609375 359.83154296875 23 426.02099609375 359.83154296875 22 434.13421630859375 359.4794921875 24 417.68081665039062 360.61773681640625 25 451.07846069335938 365.69656372070312 268 419.47933959960938 366.9617919921875 26 426.93484497070312 366.40798950195312 27 426.93484497070312 366.40798950195312 28 382.02615356445312 371.14724731445312 400 383.8751220703125 376.44317626953125 29 440.68765258789062 380.42160034179688 30 377.56597900390625 383.13763427734375 31 377.56597900390625 383.13763427734375 32 385.00469970703125 387.28497314453125 33 385.00469970703125 387.28497314453125 34 530.23828125 388.40676879882812 -1 442.7879638671875 414.7117919921875 36 446.5311279296875 427.71615600585938 166 462.07748413085938 427.81060791015625 17 520.3001708984375 435.59872436523438 -1 598.213623046875 438.82501220703125 -1 620.28021240234375 439.48898315429688 -1 211.48046875 344.3013916015625 -1 564.48126220703125 348.6453857421875 -1 542.45062255859375 349.383056640625 385 339.44915771484375 352.607177734375 -1 452.30902099609375 371.616943359375 275 587.85760498046875 375.21743774414062 -1 376.56118774414062 376.1358642578125 39 433.760498046875 398.19473266601562 40 430.39666748046875 417.70339965820312 379 442.812255859375 422.17977905273438 -1 527.791015625 430.67489624023438 -1 578.75604248046875 341.515625 -1 416.17245483398438 351.0428466796875 43 416.17245483398438 351.0428466796875 42 371.83245849609375 356.559326171875 414 455.85791015625 385.75601196289062 343 391.919921875 389.57601928710938 44 466.44970703125 397.2783203125 344 425.49246215820312 399.3958740234375 198 437.87600708007812 409.10614013671875 46 368.68389892578125 367.18911743164062 47 412.89724731445312 375.20993041992188 48 383.75555419921875 382.23956298828125 49 383.75555419921875 382.23956298828125 50 446.82766723632812 404.000244140625 51 462.16302490234375 406.69378662109375 57 362.46075439453125 421.83465576171875 58 507.20263671875 430.2747802734375 63 409.67584228515625 354.33633422851562 53 409.67584228515625 354.33633422851562 52 434.8341064453125 372.70706176757812 199 475.53219604492188 378.75479125976562 282 470.02053833007812 394.4996337890625 56 485.34890747070312 406.23007202148438 320 450.01705932617188 419.88980102539062 62 55.730381011962891 469.94793701171875 -1 440.00320434570312 387.47549438476562 60 474.95477294921875 419.6778564453125 61 474.95477294921875 419.6778564453125 283 458.19036865234375 358.3094482421875 321 569.324951171875 405.3438720703125 66 396.2025146484375 365.06106567382812 64 396.2025146484375 365.06106567382812 65 360.53973388671875 389.648681640625 284 620.79974365234375 428.5648193359375 -1 620.79974365234375 428.5648193359375 -1 31.563922882080078 433.4227294921875 -1 367.6279296875 334.70455932617188 -1 449.21542358398438 400.96347045898438 288 466.1888427734375 443.84893798828125 308 501.82861328125 408.7249755859375 324 69.339683532714844 286.07260131835938 -1 
6 0.96245019586444958 0.26384080577511559 0.059051669086072872 -0.024301235906215999 -1.0865218724466772 1.7019688780057345 -0.40939525404669719 1 top_left_000006.jpg
278.884521484375 30.502342224121094 -1 37.986038208007812 343.93606567382812 -1 42.279811859130859 344.26824951171875 -1 60.704452514648438 343.90484619140625 -1 80.388748168945312 344.00494384765625 -1 111.68968963623047 344.4027099609375 -1 120.76902770996094 344.2803955078125 -1 130.99786376953125 344.55889892578125 -1 175.243896484375 345.21453857421875 -1 551.75799560546875 344.84835815429688 -1 431.37939453125 345.55303955078125 508 27.813373565673828 346.63748168945312 -1 94.335845947265625 346.47750854492188 -1 578.9766845703125 346.39578247070312 -1 129.45611572265625 347.18099975585938 -1 441.57403564453125 347.35638427734375 -1 445.604736328125 347.69894409179688 -1 295.8643798828125 347.9638671875 -1 305.4539794921875 347.85867309570312 -1 356.14279174804688 348.2100830078125 -1 528.9129638671875 348.17987060546875 -1 319.4407958984375 348.4310302734375 -1 502.02792358398438 349.069580078125 -1 245.173095703125 349.65972900390625 -1 250.60823059082031 349.32461547851562 -1 273.08203125 350.021484375 -1 281.3154296875 350.15530395507812 -1 378.40145874023438 350.03363037109375 -1 396.91165161132812 352.07150268554688 339 438.58102416992188 351.91921997070312 -1 432.03475952148438 354.39263916015625 355 432.03475952148438 354.39263916015625 376 437.0614013671875 354.61044311523438 2 441.07272338867188 354.94271850585938 368 444.04873657226562 355.18405151367188 -1 421.93475341796875 355.60693359375 365 421.93475341796875 355.60693359375 249 431.97247314453125 362.5078125 4 431.97247314453125 362.5078125 3 448.82498168945312 362.83432006835938 -1 379.44970703125 365.43722534179688 -1 460.71640014648438 367.06576538085938 402 424.76571655273438 369.34600830078125 -1 459.42709350585938 369.437255859375 292 355.19430541992188 371.52273559570312 -1 472.22900390625 371.47433471679688 331 405.89462280273438 375.92422485351562 490 446.79364013671875 376.09860229492188 349 461.94467163085938 377.00485229492188 270 577.927734375 378.46490478515625 -1 395.72817993164062 380.47760009765625 418 583.91790771484375 380.34109497070312 -1 391.13607788085938 385.52059936523438 404 384.44915771484375 388.31063842773438 390 401.73916625976562 391.64358520507812 -1 396.62594604492188 398.598876953125 -1 428.55178833007812 406.97503662109375 5 464.4322509765625 428.03451538085938 17 460.97802734375 429.42828369140625 507 470.27975463867188 429.92837524414062 -1 468.04244995117188 432.49899291992188 501 582.1292724609375 433.51724243164062 -1 499.47616577148438 434.42376708984375 -1 544.7313232421875 435.02792358398438 -1 18.463544845581055 438.75741577148438 -1 22.786584854125977 441.86416625976562 -1 27.836891174316406 444.35025024414062 -1 35.579055786132812 446.14434814453125 -1 39.61016845703125 448.69537353515625 -1 53.505775451660156 456.859375 -1 1.9783790111541748 344.11196899414062 -1 47.202281951904297 344.10794067382812 351 57.282630920410156 344.00900268554688 -1 124.23381042480469 344.12139892578125 -1 222.54753112792969 346.1942138671875 -1 55.330062866210938 347.00213623046875 -1 58.920368194580078 347.05429077148438 -1 98.585983276367188 347.14117431640625 -1 315.14706420898438 347.672119140625 -1 451.6209716796875 347.58041381835938 -1 552.85601806640625 347.43890380859375 -1 325.0411376953125 347.9200439453125 -1 347.75091552734375 347.99435424804688 -1 200.22927856445312 348.81509399414062 -1 402.72988891601562 355.46212768554688 352 407.37005615234375 362.14486694335938 849 407.37005615234375 362.14486694335938 849 391.17721557617188 364.55035400390625 496 391.17721557617188 364.55035400390625 496 631.00616455078125 369.09564208984375 -1 464.62606811523438 370.03811645507812 292 351.93038940429688 372.50848388671875 -1 469.71157836914062 374.05661010742188 254 598.2874755859375 375.13406372070312 -1 390.65679931640625 376.03436279296875 6 549.9521484375 381.56088256835938 -1 545.1002197265625 382.408447265625 -1 422.39288330078125 386.20407104492188 353 428.76220703125 393.1116943359375 272 403.66293334960938 397.97433471679688 -1 432.11837768554688 405.97998046875 15 376.72341918945312 406.93704223632812 299 430.91421508789062 411.10208129882812 709 457.8843994140625 425.80404663085938 16 3.5510530471801758 426.90280151367188 -1 365.3568115234375 427.9659423828125 303 455.825439453125 428.23199462890625 159 8.2166385650634766 429.89071655273438 -1 479.55364990234375 433.2801513671875 354 507.12612915039062 436.06015014648438 -1 558.6090087890625 436.07601928710938 -1 25.26365852355957 439.88369750976562 -1 42.899761199951172 454.02597045898438 -1 57.509597778320312 460.0126953125 -1 62.440498352050781 464.6839599609375 -1 588.020751953125 477.63787841796875 -1 236.9129638671875 346.241943359375 -1 64.43316650390625 347.4312744140625 -1 328.33175659179688 347.5098876953125 -1 169.99073791503906 348.3316650390625 -1 397.35595703125 355.165771484375 233 452.21511840820312 365.52593994140625 268 459.62371826171875 373.72210693359375 -1 592.61895751953125 375.50872802734375 -1 607.3131103515625 376.65789794921875 -1 582.97821044921875 376.71096801757812 -1 432.99618530273438 380.15121459960938 373 392.55313110351562 380.47314453125 13 392.55313110351562 380.47314453125 14 421.49710083007812 380.37289428710938 12 534.8853759765625 383.12442016601562 -1 435.55624389648438 385.3758544921875 -1 418.83139038085938 388.57571411132812 35 418.86868286132812 396.85171508789062 307 424.76852416992188 404.31881713867188 265 449.38803100585938 411.9815673828125 267 368.65322875976562 424.827392578125 303 583.31842041015625 437.055419921875 -1 595.868896484375 437.5364990234375 -1 486.40542602539062 437.92483520507812 -1 633.25433349609375 438.48757934570312 -1 32.001487731933594 443.66925048828125 -1 52.697738647460938 460.51620483398438 -1 445.8048095703125 346.77798461914062 -1 541.38482666015625 348.31903076171875 -1 485.53085327148438 350.68182373046875 -1 286.72320556640625 351.74118041992188 -1 444.2254638671875 351.83343505859375 411 444.2254638671875 351.83343505859375 279 426.4197998046875 352.73391723632812 19 426.4197998046875 352.73391723632812 20 435.28689575195312 358.90670776367188 24 435.28689575195312 358.90670776367188 -1 427.21038818359375 359.17312622070312 22 427.21038818359375 359.17312622070312 23 419.23370361328125 359.95986938476562 25 428.40798950195312 366.00918579101562 27 428.40798950195312 366.00918579101562 28 420.91445922851562 366.49649047851562 26 385.10049438476562 375.844970703125 29 582.96490478515625 376.461669921875 -1 432.96258544921875 380.3104248046875 373 378.84933471679688 382.589599609375 31 378.84933471679688 382.589599609375 32 386.30694580078125 387.05636596679688 33 386.30694580078125 387.05636596679688 34 418.73446655273438 388.52645874023438 35 418.73446655273438 388.52645874023438 -1 418.63229370117188 397.3729248046875 307 443.97238159179688 413.98199462890625 36 443.97238159179688 413.98199462890625 37 531.2071533203125 430.16879272460938 -1 582.37884521484375 437.69955444335938 -1 486.64288330078125 438.27890014648438 -1 467.68707275390625 345.22540283203125 -1 471.71783447265625 351.73269653320312 -1 453.61044311523438 370.93167114257812 275 623.6966552734375 372.668212890625 -1 378.05233764648438 375.76931762695312 39 439.81008911132812 392.28091430664062 306 435.14425659179688 397.79043579101562 40 495.12347412109375 411.95404052734375 -1 510.27105712890625 413.39306640625 -1 510.27105712890625 413.39306640625 -1 432.16061401367188 416.3524169921875 379 524.78411865234375 435.8265380859375 -1 11.810056686401367 437.80490112304688 -1 417.50250244140625 350.41632080078125 43 446.47140502929688 353.1337890625 278 446.47140502929688 353.1337890625 279 457.91897583007812 384.75338745117188 343 393.0865478515625 389.1990966796875 44 380.8006591796875 391.540771484375 45 458.0770263671875 396.56832885742188 99 467.31686401367188 397.01898193359375 344 426.796630859375 398.87567138671875 198 439.19134521484375 408.50946044921875 46 369.80307006835938 366.614013671875 47 414.14901733398438 374.70126342773438 48 385.36099243164062 381.68728637695312 49 385.36099243164062 381.68728637695312 50 448.56240844726562 403.582275390625 51 463.4058837890625 406.139404296875 57 364.11611938476562 420.93515014648438 58 532.7208251953125 428.63516235351562 -1 410.66445922851562 353.67385864257812 53 410.66445922851562 353.67385864257812 52 383.3372802734375 358.36782836914062 55 383.3372802734375 358.36782836914062 54 436.07791137695312 372.12655639648438 199 477.20159912109375 378.31781005859375 282 402.26895141601562 383.14907836914062 59 471.2435302734375 394.15353393554688 56 486.69277954101562 405.48318481445312 320 55.857357025146484 469.96151733398438 -1 441.1048583984375 387.03762817382812 60 476.22705078125 419.144775390625 61 476.22705078125 419.144775390625 283 458.23822021484375 357.67578125 321 570.6905517578125 404.89068603515625 66 418.8514404296875 412.2208251953125 752 623.14801025390625 428.33016967773438 -1 623.14801025390625 428.33016967773438 -1 397.35018920898438 364.46981811523438 64 397.35018920898438 364.46981811523438 65 361.79568481445312 389.6173095703125 284 499.215576171875 362.62884521484375 285 468.37185668945312 442.59140014648438 308 450.16912841796875 399.6231689453125 288 493.37567138671875 405.8765869140625 -1 71.272926330566406 285.72430419921875 -1 
7 0.96263170350719662 0.26184083432813171 0.064553248812298569 -0.024747907971344241 -1.6292438345818736 1.3690806212185322 -0.38117990567032201 1 top_left_000007.jpg
278.89007568359375 30.327192306518555 -1 428.84295654296875 342.59619140625 460 570.4954833984375 343.65093994140625 -1 46.988304138183594 343.98681640625 -1 432.30685424804688 343.809326171875 508 109.75177001953125 344.408203125 -1 119.58758544921875 344.35861206054688 -1 619.92681884765625 345.4034423828125 -1 506.03005981445312 345.83111572265625 -1 9.6761026382446289 346.56640625 -1 94.127204895019531 346.6878662109375 -1 263.08963012695312 347.08102416992188 -1 468.8409423828125 346.80599975585938 -1 157.07742309570312 347.60888671875 -1 171.04080200195312 347.57440185546875 -1 272.6341552734375 347.37869262695312 -1 286.60617065429688 348.06661987304688 -1 295.02761840820312 348.18338012695312 -1 306.4068603515625 347.95053100585938 -1 309.66448974609375 348.12445068359375 -1 196.07200622558594 348.502197265625 -1 348.69970703125 348.52264404296875 -1 275.63323974609375 349.98550415039062 -1 284.505126953125 350.14459228515625 -1 458.1512451171875 350.12164306640625 -1 373.4697265625 350.287353515625 290 314.92364501953125 351.03192138671875 -1 421.62045288085938 353.37527465820312 365 421.62045288085938 353.37527465820312 249 429.45516967773438 354.95181274414062 -1 447.1051025390625 358.14031982421875 -1 430.7796630859375 359.5863037109375 3 430.7796630859375 359.5863037109375 4 451.62747192382812 364.1558837890625 268 355.47598266601562 366.28826904296875 -1 363.93618774414062 367.1697998046875 291 361.44918823242188 367.29058837890625 330 474.65316772460938 367.95980834960938 333 475.73727416992188 370.83755493164062 331 480.039306640625 372.47335815429688 253 353.00320434570312 376.38845825195312 -1 580.500732421875 376.61050415039062 -1 441.47628784179688 377.0411376953125 30 409.33282470703125 378.90402221679688 -1 495.7022705078125 380.7493896484375 334 540.5589599609375 381.59722900390625 -1 561.8914794921875 381.96127319335938 -1 525.817626953125 382.9107666015625 -1 381.34170532226562 385.0198974609375 8 427.25335693359375 387.05960083007812 348 382.6971435546875 388.55242919921875 -1 347.47451782226562 389.9998779296875 -1 432.5191650390625 389.97207641601562 257 390.27566528320312 397.41400146484375 -1 421.2822265625 399.731689453125 -1 486.3946533203125 410.10794067382812 395 432.43417358398438 412.64645385742188 379 440.67816162109375 423.50778198242188 359 457.8072509765625 424.27664184570312 16 2.9921805858612061 426.55279541015625 -1 358.80172729492188 427.17791748046875 459 540.78875732421875 433.1063232421875 -1 23.375106811523438 442.0347900390625 -1 66.300857543945312 343.89028930664062 -1 127.77028656005859 343.98800659179688 -1 140.80046081542969 344.617919921875 -1 425.38720703125 344.95986938476562 1 429.0255126953125 345.92355346679688 75 12.485990524291992 346.97085571289062 -1 34.319316864013672 346.95016479492188 -1 54.816516876220703 346.88644409179688 -1 68.563407897949219 347.15069580078125 -1 85.134963989257812 347.01296997070312 -1 141.99832153320312 347.41131591796875 -1 279.48260498046875 347.40469360351562 -1 313.92654418945312 347.939208984375 -1 322.8682861328125 347.98956298828125 -1 438.4737548828125 348.91326904296875 -1 233.17578125 349.63345336914062 -1 479.53640747070312 349.69345092773438 -1 421.4061279296875 353.17193603515625 365 421.4061279296875 353.17193603515625 249 407.382568359375 359.9267578125 849 445.61062622070312 360.66070556640625 250 425.84756469726562 368.3416748046875 269 468.5318603515625 371.7481689453125 254 353.86279296875 373.75576782226562 298 390.2886962890625 374.05038452148438 6 409.02011108398438 374.57431030273438 458 585.7967529296875 375.3192138671875 -1 560.983154296875 379.02700805664062 -1 507.33926391601562 381.43460083007812 317 532.37158203125 381.83282470703125 -1 435.7645263671875 382.85635375976562 -1 435.7645263671875 382.85635375976562 -1 391.3914794921875 383.58718872070312 7 421.41632080078125 383.4864501953125 353 431.34194946289062 392.8680419921875 272 431.34194946289062 392.8680419921875 -1 462.5965576171875 392.96469116210938 258 407.76638793945312 395.34414672851562 -1 403.95278930664062 395.91912841796875 295 393.90182495117188 397.45791625976562 263 432.12051391601562 404.09967041015625 15 449.43545532226562 410.24481201171875 267 449.43545532226562 410.24481201171875 266 372.67388916015625 414.58682250976562 158 456.29806518554688 426.83612060546875 159 473.04290771484375 429.48806762695312 160 516.67657470703125 432.57778930664062 277 529.98577880859375 432.50537109375 -1 613.362548828125 436.21575927734375 -1 54.248958587646484 457.36679077148438 -1 64.417640686035156 474.69488525390625 -1 198.39598083496094 345.30300903320312 -1 237.08283996582031 346.35061645507812 -1 244.59465026855469 346.24569702148438 -1 129.08818054199219 347.64041137695312 -1 150.39010620117188 347.85629272460938 -1 157.17845153808594 347.97512817382812 -1 297.26870727539062 350.98480224609375 -1 329.85763549804688 351.56939697265625 -1 397.37515258789062 353.01443481445312 233 459.523193359375 372.02072143554688 -1 565.9400634765625 377.51785278320312 -1 392.45718383789062 378.6231689453125 14 392.45718383789062 378.6231689453125 13 421.5286865234375 378.2742919921875 12 544.4869384765625 379.95095825195312 -1 513.33642578125 382.6063232421875 312 418.88845825195312 386.75515747070312 35 424.77297973632812 402.29519653320312 265 432.14718627929688 413.2769775390625 379 463.52578735351562 425.43630981445312 17 518.40753173828125 428.90972900390625 369 625.8319091796875 432.852294921875 -1 511.2720947265625 434.05673217773438 -1 496.5562744140625 436.39303588867188 417 420.82070922851562 345.83978271484375 1 496.13967895507812 345.27642822265625 -1 279.9820556640625 346.59320068359375 399 25.613876342773438 347.66937255859375 -1 509.90695190429688 349.25497436523438 -1 426.30126953125 350.70242309570312 19 426.30126953125 350.70242309570312 20 433.69775390625 350.82855224609375 355 470.55081176757812 350.72457885742188 -1 479.24053955078125 350.14419555664062 -1 397.19537353515625 352.95181274414062 233 435.49908447265625 356.94354248046875 24 426.99472045898438 357.15481567382812 22 426.99472045898438 357.15481567382812 23 419.18011474609375 357.94064331054688 25 428.32952880859375 363.97799682617188 27 428.32952880859375 363.97799682617188 28 420.78131103515625 364.48361206054688 26 385.04476928710938 373.72256469726562 29 585.77978515625 374.76882934570312 -1 433.23065185546875 378.428466796875 373 544.47613525390625 379.767578125 -1 378.75634765625 380.53201293945312 31 378.75634765625 380.53201293945312 32 386.10787963867188 384.73602294921875 33 386.10787963867188 384.73602294921875 34 418.73297119140625 386.656982421875 35 526.97821044921875 386.61029052734375 301 418.30816650390625 395.43252563476562 307 444.08465576171875 412.06076049804688 36 518.3128662109375 428.54617309570312 -1 625.0277099609375 432.26406860351562 -1 511.19204711914062 434.30740356445312 -1 546.34954833984375 434.9227294921875 543 539.99212646484375 343.26596069335938 -1 453.64031982421875 345.69308471679688 405 528.79046630859375 349.18527221679688 -1 540.9677734375 349.4378662109375 -1 549.46649169921875 349.49496459960938 -1 453.55746459960938 369.167236328125 275 377.73446655273438 373.58456420898438 39 563.76666259765625 382.50543212890625 -1 440.0916748046875 390.28073120117188 306 435.32113647460938 396.09011840820312 40 495.31607055664062 410.25146484375 -1 449.69198608398438 426.57168579101562 166 417.5933837890625 348.40585327148438 43 417.5933837890625 348.40585327148438 42 447.12664794921875 352.6923828125 278 447.12664794921875 352.6923828125 279 432.47952270507812 371.50341796875 199 456.01385498046875 383.6466064453125 343 393.16604614257812 386.96844482421875 44 380.54693603515625 389.50411987304688 45 458.04132080078125 394.52117919921875 99 426.68594360351562 396.8829345703125 198 439.00225830078125 406.68820190429688 46 369.9495849609375 364.50515747070312 47 414.14468383789062 372.68502807617188 48 385.15121459960938 379.61734008789062 49 385.15121459960938 379.61734008789062 50 448.36111450195312 401.52777099609375 51 463.30001831054688 404.3355712890625 57 363.84320068359375 418.87252807617188 58 507.916259765625 427.93154907226562 63 34.019332885742188 452.72909545898438 -1 410.53948974609375 351.68359375 53 410.53948974609375 351.68359375 52 382.57318115234375 356.11154174804688 55 382.57318115234375 356.11154174804688 54 476.80548095703125 376.25863647460938 282 402.21109008789062 381.20755004882812 59 470.841796875 392.32513427734375 56 486.49392700195312 403.5731201171875 320 55.777500152587891 469.8648681640625 -1 457.34124755859375 356.80218505859375 321 457.34124755859375 356.80218505859375 322 440.76437377929688 385.03189086914062 60 476.290771484375 417.306884765625 61 476.290771484375 417.306884765625 283 396.42349243164062 362.98980712890625 65 396.42349243164062 362.98980712890625 64 570.5606689453125 402.69284057617188 66 622.700439453125 426.90731811523438 -1 622.700439453125 426.90731811523438 -1 361.62445068359375 386.92001342773438 284 608.09564208984375 400.36093139648438 -1 500.93695068359375 362.78195190429688 285 362.10894775390625 334.30831909179688 289 449.84982299804688 398.49838256835938 288 467.72967529296875 442.58245849609375 308 501.08651733398438 406.81869506835938 324 70.048980712890625 286.73260498046875 -1 
8 0.96197795561319743 0.26450057726605103 0.064731449591380025 -0.021158850960715365 -1.58410121113151 1.3869433759868979 -0.49381974877077173 1 top_left_000008.jpg
279.12551879882812 29.466091156005859 -1 429.62918090820312 339.513916015625 460 418.53366088867188 340.59329223632812 326 14.70633602142334 344.14273071289062 -1 41.945461273193359 343.9840087890625 -1 53.150833129882812 344.09970092773438 -1 59.715469360351562 344.14080810546875 -1 98.527778625488281 344.00509643554688 -1 376.76580810546875 344.077880859375 -1 108.22748565673828 344.45184326171875 -1 118.98067474365234 344.50296020507812 -1 134.287841796875 344.42825317382812 -1 181.39942932128906 345.48150634765625 -1 391.83059692382812 345.54043579101562 247 13.398195266723633 346.60009765625 -1 113.46269989013672 346.98385620117188 -1 232.98576354980469 346.86441040039062 -1 372.77072143554688 347.12887573242188 290 289.5386962890625 347.9471435546875 -1 197.26457214355469 348.63034057617188 -1 508.30270385742188 348.43856811523438 -1 515.42559814453125 348.58892822265625 -1 213.02027893066406 349.09927368164062 -1 256.00973510742188 349.62313842773438 -1 437.58023071289062 349.74435424804688 2 303.457763671875 350.62310791015625 -1 422.68304443359375 350.6964111328125 -1 422.68304443359375 350.6964111328125 -1 432.60369873046875 357.58798217773438 3 432.60369873046875 357.58798217773438 4 445.53433227539062 357.40036010742188 250 391.553955078125 359.10400390625 496 363.82550048828125 363.3875732421875 291 481.92019653320312 367.93438720703125 332 621.69329833984375 368.02288818359375 -1 603.34222412109375 370.07559204101562 -1 441.99609375 370.93099975585938 349 445.98675537109375 371.036865234375 349 588.18609619140625 372.998046875 -1 544.6776123046875 378.4248046875 -1 500.15167236328125 379.219970703125 -1 543.94512939453125 380.95413208007812 -1 380.93435668945312 381.41140747070312 8 425.27886962890625 383.07968139648438 348 427.92929077148438 384.50753784179688 348 407.11599731445312 385.66717529296875 -1 407.55422973632812 392.01055908203125 -1 403.17404174804688 392.58834838867188 -1 428.02639770507812 400.411865234375 5 368.48428344726562 400.88046264648438 325 522.40435791015625 426.54788208007812 369 561.07196044921875 428.77728271484375 -1 629.1434326171875 431.3587646484375 -1 636.220947265625 434.08056640625 -1 26.531856536865234 441.12515258789062 -1 24.029323577880859 442.3316650390625 -1 27.1424560546875 443.6839599609375 -1 39.514492034912109 448.75692749023438 -1 62.323345184326172 464.89022827148438 -1 161.78950500488281 345.09225463867188 -1 185.18853759765625 345.62600708007812 -1 508.71878051757812 345.67962646484375 -1 203.65611267089844 346.08145141601562 -1 498.114013671875 345.87539672851562 -1 55.17547607421875 347.04534912109375 -1 261.75100708007812 346.86883544921875 -1 551.932861328125 347.6282958984375 -1 332.17202758789062 348.26846313476562 -1 354.94512939453125 347.87051391601562 338 239.15402221679688 349.41647338867188 -1 355.98486328125 351.05892944335938 -1 469.66851806640625 362.860107421875 333 390.39529418945312 370.39639282226562 6 592.1290283203125 372.11471557617188 -1 493.71963500976562 374.33010864257812 255 573.67926025390625 374.59573364257812 -1 572.85693359375 377.85137939453125 -1 508.90072631835938 378.95425415039062 317 391.41192626953125 379.96795654296875 7 528.58526611328125 382.93695068359375 301 430.13241577148438 389.15338134765625 272 462.75668334960938 389.96270751953125 258 425.02374267578125 398.8826904296875 265 429.91815185546875 405.3985595703125 709 448.91912841796875 407.01690673828125 267 448.91912841796875 407.01690673828125 266 466.39794921875 419.24676513671875 -1 361.10818481445312 420.97305297851562 -1 457.18167114257812 420.8695068359375 16 517.84844970703125 426.4705810546875 369 527.72857666015625 426.37240600585938 -1 532.73724365234375 426.86508178710938 -1 622.3492431640625 430.842041015625 -1 561.04107666015625 431.80697631835938 -1 615.96429443359375 434.30712890625 -1 45.309482574462891 451.9683837890625 -1 57.091236114501953 459.66500854492188 -1 59.9461669921875 462.07196044921875 -1 64.199249267578125 475.61859130859375 -1 423.99151611328125 341.767822265625 1 249.24501037597656 346.5474853515625 -1 461.6341552734375 346.39321899414062 -1 560.0462646484375 347.44046020507812 -1 433.40902709960938 348.26904296875 355 397.34747314453125 349.75537109375 233 407.38729858398438 356.76998901367188 849 440.89837646484375 357.37701416015625 310 460.083984375 368.73580932617188 -1 426.98074340820312 373.29507446289062 11 392.33450317382812 375.1800537109375 13 392.33450317382812 375.1800537109375 14 421.50558471679688 374.6380615234375 12 433.16583251953125 375.00927734375 373 588.50360107421875 376.08456420898438 -1 556.3370361328125 376.24667358398438 -1 528.03857421875 379.41098022460938 -1 435.81512451171875 380.01602172851562 -1 419.3485107421875 383.44610595703125 35 418.45108032226562 391.586181640625 307 431.99038696289062 400.91574096679688 15 463.64816284179688 422.607421875 17 544.91070556640625 431.66213989257812 -1 551.875 431.79788208007812 -1 479.89898681640625 432.54415893554688 260 575.46649169921875 432.50344848632812 -1 629.7386474609375 434.66915893554688 -1 53.882213592529297 461.40411376953125 -1 408.94619750976562 477.33377075195312 -1 528.02093505859375 477.08651733398438 -1 421.1275634765625 342.60491943359375 1 489.32907104492188 345.45840454101562 -1 284.83306884765625 346.6236572265625 -1 453.74728393554688 346.263916015625 405 340.90866088867188 347.2318115234375 -1 426.51739501953125 347.35028076171875 19 426.51739501953125 347.35028076171875 20 402.434814453125 352.59182739257812 21 427.23251342773438 353.95233154296875 22 427.23251342773438 353.95233154296875 23 435.3753662109375 353.6431884765625 24 420.78103637695312 360.97439575195312 26 428.54360961914062 360.65939331054688 27 428.54360961914062 360.65939331054688 28 384.942138671875 370.30484008789062 29 613.5302734375 371.52999877929688 -1 442.3583984375 374.72451782226562 30 433.20718383789062 375.14334106445312 373 378.63046264648438 377.015869140625 31 378.63046264648438 377.015869140625 32 385.9739990234375 381.37118530273438 33 385.9739990234375 381.37118530273438 34 443.64999389648438 409.144287109375 36 443.64999389648438 409.144287109375 37 592.1751708984375 429.24520874023438 -1 537.59417724609375 431.3836669921875 -1 13.074756622314453 437.56771850585938 -1 53.299556732177734 461.64743041992188 -1 419.337890625 354.67645263671875 25 453.5504150390625 365.88052368164062 275 621.44500732421875 369.84381103515625 -1 378.05023193359375 369.94662475585938 39 580.3607177734375 378.43182373046875 -1 438.95205688476562 386.8387451171875 306 434.8907470703125 392.70687866210938 40 494.78817749023438 407.3282470703125 -1 431.69607543945312 411.32669067382812 379 525.720947265625 343.24893188476562 -1 417.71002197265625 345.03506469726562 43 417.71002197265625 345.03506469726562 42 548.86077880859375 349.44580078125 385 432.29977416992188 368.18246459960938 199 456.780029296875 380.3782958984375 343 392.88870239257812 383.49868774414062 44 380.37255859375 386.025634765625 45 467.5013427734375 391.9490966796875 344 426.53182983398438 393.71707153320312 198 438.93377685546875 403.49203491210938 46 525.69952392578125 342.35198974609375 -1 369.91754150390625 360.95263671875 47 414.12896728515625 369.336669921875 48 385.05068969726562 376.14804077148438 49 385.05068969726562 376.14804077148438 50 447.9912109375 398.32113647460938 51 463.424560546875 401.80984497070312 57 362.986572265625 416.11029052734375 58 411.2908935546875 347.74874877929688 53 411.2908935546875 347.74874877929688 52 382.96102905273438 352.546630859375 55 382.96102905273438 352.546630859375 54 456.21469116210938 355.15866088867188 321 456.21469116210938 355.15866088867188 322 436.11953735351562 366.87277221679688 199 477.056640625 373.36026000976562 282 402.08349609375 377.63385009765625 59 471.048095703125 389.4466552734375 56 486.88580322265625 400.63311767578125 320 450.94900512695312 414.28475952148438 62 507.6141357421875 425.06362915039062 63 56.071807861328125 470.07235717773438 -1 457.55194091796875 355.38748168945312 321 440.90548706054688 381.86968994140625 60 476.18844604492188 414.507568359375 61 476.18844604492188 414.507568359375 283 569.0057373046875 400.66802978515625 66 418.95578002929688 408.62399291992188 752 623.41937255859375 424.71597290039062 -1 397.62371826171875 358.49362182617188 64 397.62371826171875 358.49362182617188 65 361.15228271484375 383.35943603515625 284 450.40902709960938 396.06082153320312 288 468.52706909179688 438.5819091796875 308 70.434341430664062 286.90603637695312 -1 
9 0.96234794204366969 0.2630754421206255 0.064042776796620654 -0.024005685525090328 -1.6155165430106695 1.3785833890708727 -0.2755277804965916 1 top_left_000009.jpg
424.01614379882812 340.35287475585938 460 111.51810455322266 344.36553955078125 -1 136.6661376953125 344.76837158203125 -1 154.08248901367188 344.81729125976562 -1 190.46151733398438 345.568359375 -1 399.50494384765625 345.66378784179688 195 38.851207733154297 346.36456298828125 -1 74.277580261230469 346.60458374023438 -1 244.075439453125 346.92840576171875 -1 169.56651306152344 347.56466674804688 -1 173.34880065917969 347.568359375 -1 390.94009399414062 347.44345092773438 247 294.47998046875 348.02911376953125 -1 300.84939575195312 348.01791381835938 -1 336.12722778320312 348.0933837890625 -1 221.48185729980469 349.13565063476562 -1 227.66038513183594 349.1817626953125 -1 235.80616760253906 349.56326293945312 -1 251.86709594726562 349.47869873046875 -1 439.4921875 349.90957641601562 -1 436.3927001953125 351.01589965820312 2 443.10147094726562 355.97860717773438 368 439.90216064453125 356.82196044921875 -1 447.76251220703125 359.41693115234375 -1 422.10751342773438 360.05337524414062 401 446.58456420898438 362.22280883789062 250 454.32901000976562 363.43392944335938 -1 363.04263305664062 365.49282836914062 291 460.32260131835938 366.010986328125 292 630.05487060546875 366.46017456054688 -1 423.62155151367188 369.74609375 392 476.259521484375 370.11614990234375 253 469.35012817382812 370.72872924804688 254 389.1024169921875 372.45730590820312 -1 389.1024169921875 372.45730590820312 -1 430.93313598632812 372.91867065429688 398 461.848388671875 373.2698974609375 270 565.07470703125 377.08633422851562 -1 513.92584228515625 381.8603515625 312 421.38272094726562 383.10711669921875 348 383.26446533203125 384.50949096679688 -1 383.26446533203125 384.50949096679688 390 514.7535400390625 384.42996215820312 271 346.18505859375 390.1248779296875 -1 368.71844482421875 401.4427490234375 325 526.47039794921875 427.91531372070312 -1 544.91473388671875 432.11929321289062 -1 553.0849609375 432.65182495117188 -1 479.60128784179688 433.46539306640625 260 146.20933532714844 344.84017944335938 -1 428.05224609375 344.39495849609375 75 428.05224609375 344.39495849609375 708 159.11872863769531 344.867431640625 -1 523.52325439453125 345.19473266601562 -1 185.99029541015625 345.45513916015625 -1 501.67547607421875 345.95510864257812 -1 34.091991424560547 346.86566162109375 -1 277.87741088867188 347.12161254882812 -1 143.07778930664062 347.48638916015625 -1 457.41909790039062 347.30209350585938 -1 315.55630493164062 347.84848022460938 -1 198.45913696289062 349.1602783203125 -1 245.64866638183594 349.58474731445312 -1 390.498046875 360.80911254882812 496 390.498046875 360.80911254882812 496 408.1036376953125 373.17498779296875 458 587.50531005859375 373.60733032226562 -1 419.9449462890625 376.80892944335938 12 493.28973388671875 379.32540893554688 334 434.85003662109375 381.26382446289062 -1 434.85003662109375 381.26382446289062 -1 390.58184814453125 381.95697021484375 7 380.05645751953125 383.38705444335938 8 426.72940063476562 385.68374633789062 348 429.919189453125 390.94146728515625 272 429.919189453125 390.94146728515625 -1 394.07562255859375 395.64691162109375 -1 423.85092163085938 400.73257446289062 265 431.36038208007812 402.93145751953125 15 448.03707885742188 408.57614135742188 266 448.03707885742188 408.57614135742188 267 440.71182250976562 422.68585205078125 359 456.61865234375 422.4964599609375 16 462.07415771484375 427.98077392578125 507 10.232398986816406 430.934814453125 -1 515.69488525390625 430.878662109375 277 494.31704711914062 434.65045166015625 417 39.057807922363281 448.04537963867188 -1 61.080692291259766 462.95162963867188 -1 51.956684112548828 343.3961181640625 -1 65.775016784667969 343.57998657226562 -1 115.56749725341797 343.66885375976562 -1 548.58087158203125 344.08099365234375 -1 447.02130126953125 346.861083984375 -1 111.84879302978516 347.65228271484375 -1 432.15081787109375 350.09078979492188 355 396.3179931640625 351.66085815429688 233 406.5078125 358.4532470703125 849 406.5078125 358.4532470703125 849 439.24676513671875 359.407470703125 310 426.03640747070312 367.437744140625 269 458.9495849609375 370.43045043945312 -1 492.80865478515625 375.4482421875 255 570.7127685546875 375.65838623046875 -1 432.22592163085938 376.66748046875 373 391.47857666015625 376.88311767578125 14 391.47857666015625 376.88311767578125 13 505.25857543945312 379.29925537109375 317 506.04306030273438 383.64089965820312 -1 417.95816040039062 385.07315063476562 35 417.64181518554688 393.40664672851562 307 537.9237060546875 428.52642822265625 384 536.333251953125 432.29421997070312 -1 45.434364318847656 451.59014892578125 -1 425.61077880859375 349.05828857421875 19 425.61077880859375 349.05828857421875 20 432.66033935546875 349.49407958984375 355 245.39402770996094 350.49761962890625 -1 489.47097778320312 350.57757568359375 385 444.922119140625 351.4456787109375 279 444.922119140625 351.4456787109375 278 426.3458251953125 355.64639282226562 22 426.3458251953125 355.64639282226562 23 434.2427978515625 355.36611938476562 24 434.2427978515625 355.36611938476562 -1 420.10137939453125 362.89804077148438 26 427.58938598632812 362.42803955078125 27 427.58938598632812 362.42803955078125 28 384.113037109375 371.94711303710938 29 441.49383544921875 376.32974243164062 30 377.8070068359375 378.77630615234375 31 377.8070068359375 378.77630615234375 32 385.11019897460938 383.1866455078125 34 385.11019897460938 383.1866455078125 33 417.4132080078125 393.8519287109375 307 442.7327880859375 410.61642456054688 36 442.7327880859375 410.61642456054688 37 431.10025024414062 412.74407958984375 379 592.04168701171875 430.445556640625 -1 480.11883544921875 345.31732177734375 -1 418.388427734375 356.39675903320312 25 452.85372924804688 367.78814697265625 275 443.84451293945312 370.45199584960938 387 376.79354858398438 371.7764892578125 39 606.0009765625 374.50051879882812 -1 568.93634033203125 380.51657104492188 -1 434.34188842773438 394.5523681640625 40 493.23660278320312 408.723388671875 -1 508.72134399414062 410.6015625 -1 508.72134399414062 410.6015625 -1 616.447021484375 436.7320556640625 -1 416.88766479492188 346.85400390625 43 416.88766479492188 346.85400390625 42 455.24942016601562 381.81207275390625 343 392.0155029296875 385.3436279296875 44 440.44140625 388.5589599609375 306 457.16748046875 393.32177734375 99 425.775390625 395.34356689453125 198 438.10833740234375 405.03848266601562 46 369.093994140625 362.82345581054688 47 435.0098876953125 368.52587890625 199 413.22393798828125 370.98538208007812 48 384.07211303710938 377.87106323242188 49 384.07211303710938 377.87106323242188 50 446.99417114257812 399.94970703125 51 462.59341430664062 402.95135498046875 57 362.659423828125 417.56692504882812 58 506.82223510742188 426.42230224609375 63 546.8955078125 426.20407104492188 -1 381.9989013671875 354.56021118164062 55 381.9989013671875 354.56021118164062 54 475.86013793945312 374.72454833984375 282 469.9996337890625 390.84039306640625 56 449.88287353515625 416.09133911132812 62 56.074493408203125 469.99896240234375 -1 458.27313232421875 356.44598388671875 321 439.62078857421875 383.4124755859375 60 475.33377075195312 415.93399047851562 61 475.33377075195312 415.93399047851562 283 396.32247924804688 360.88409423828125 64 396.32247924804688 360.88409423828125 65 360.594482421875 385.58233642578125 284 620.90533447265625 425.29159545898438 -1 620.90533447265625 425.29159545898438 -1 361.24737548828125 334.84283447265625 289 449.11654663085938 396.43026733398438 288 468.30392456054688 441.26528930664062 308 500.6474609375 405.91372680664062 324 71.525505065917969 286.89801025390625 -1 
10 0.96255604065516509 0.26220361026869232 0.064353236574841544 -0.024367935954003866 -1.613340394178576 1.3878508408607322 -0.34649533294602014 1 top_left_000010.jpg
278.35552978515625 30.693964004516602 -1 413.5816650390625 342.64532470703125 297 31.619804382324219 344.0748291015625 -1 41.792167663574219 344.004150390625 -1 63.662147521972656 344.17227172851562 -1 3.9690420627593994 344.38442993164062 -1 139.94029235839844 344.77017211914062 -1 497.75433349609375 345.9136962890625 -1 34.079822540283203 346.45059204101562 -1 210.78536987304688 346.45193481445312 -1 230.36788940429688 346.8006591796875 -1 188.64134216308594 348.16064453125 -1 391.34829711914062 348.91543579101562 247 514.83160400390625 348.81399536132812 -1 438.69662475585938 349.38201904296875 -1 264.41891479492188 349.86260986328125 -1 443.60406494140625 357.28469848632812 368 446.5416259765625 357.44924926757812 -1 389.23123168945312 358.91397094726562 251 634.67047119140625 362.22396850585938 -1 363.67117309570312 366.96502685546875 291 460.00479125976562 367.31329345703125 292 626.81292724609375 367.87158203125 -1 469.41680908203125 371.55438232421875 254 592.84381103515625 373.99014282226562 -1 352.61187744140625 377.02764892578125 -1 547.08892822265625 380.07174682617188 -1 538.892333984375 380.9141845703125 -1 349.00088500976562 381.64385986328125 -1 510.1124267578125 381.98162841796875 -1 391.08026123046875 383.11904907226562 7 515.1517333984375 382.88494873046875 312 381.20147705078125 384.78546142578125 -1 411.94610595703125 394.37265014648438 -1 396.70669555664062 396.5123291015625 -1 433.39871215820312 407.44091796875 391 558.2779541015625 430.920166015625 -1 517.986328125 431.66424560546875 277 525.46197509765625 431.30377197265625 194 529.9630126953125 432.01611328125 -1 539.439697265625 432.61489868164062 -1 609.83428955078125 432.8192138671875 -1 485.65316772460938 434.9705810546875 314 25.331573486328125 443.14547729492188 -1 39.838706970214844 448.90093994140625 -1 53.698246002197266 456.88858032226562 -1 71.116622924804688 344.21002197265625 -1 513.44384765625 345.55718994140625 -1 480.11563110351562 346.13284301757812 -1 578.82196044921875 346.6302490234375 -1 90.821624755859375 346.9212646484375 -1 112.48970794677734 347.18917846679688 -1 261.34140014648438 346.99298095703125 -1 169.78858947753906 348.0172119140625 -1 314.57919311523438 347.87838745117188 -1 330.06854248046875 347.921875 -1 339.25045776367188 347.7864990234375 -1 343.20220947265625 347.77505493164062 -1 506.31817626953125 348.67062377929688 -1 491.4049072265625 349.68869018554688 -1 245.31983947753906 350.13827514648438 -1 473.67852783203125 350.13031005859375 -1 432.11639404296875 351.85617065429688 355 421.19354248046875 352.97714233398438 365 421.19354248046875 352.97714233398438 249 423.97103881835938 354.98928833007812 365 423.97103881835938 354.98928833007812 463 407.07318115234375 359.929443359375 849 391.02667236328125 362.24819946289062 496 391.02667236328125 362.24819946289062 496 462.55532836914062 364.42193603515625 402 355.2236328125 367.92559814453125 -1 464.26254272460938 367.90811157226562 292 601.70184326171875 372.23907470703125 -1 390.05746459960938 373.57952880859375 6 408.63510131835938 374.61444091796875 458 578.8892822265625 376.03787231445312 -1 427.5201416015625 376.34457397460938 11 574.32525634765625 376.77578735351562 -1 587.010498046875 378.11581420898438 -1 501.75537109375 379.4423828125 -1 506.50485229492188 380.94561767578125 -1 525.635986328125 382.21078491210938 -1 516.11334228515625 385.50283813476562 271 523.78045654296875 385.63363647460938 301 400.070556640625 396.53695678710938 295 424.843505859375 402.0550537109375 265 432.02197265625 403.83493041992188 15 428.14453125 405.38821411132812 5 496.19869995117188 407.94235229492188 -1 429.92529296875 408.47418212890625 709 448.86343383789062 410.1212158203125 266 448.86343383789062 410.1212158203125 267 432.06399536132812 412.55819702148438 379 438.70770263671875 423.03961181640625 359 456.57388305664062 423.25390625 16 3.7369918823242188 426.63442993164062 -1 574.84381103515625 434.59619140625 -1 580.7391357421875 434.5919189453125 -1 496.84646606445312 435.66787719726562 417 634.642822265625 436.17977905273438 -1 58.651813507080078 461.20257568359375 -1 64.260940551757812 474.66250610351562 -1 637.16595458984375 79.373046875 -1 504.6278076171875 345.33319091796875 -1 223.30026245117188 345.91616821289062 -1 272.00393676757812 346.7169189453125 -1 446.25119018554688 347.15118408203125 -1 144.45909118652344 348.11093139648438 -1 221.85243225097656 349.72158813476562 -1 397.04425048828125 352.90194702148438 233 478.65106201171875 368.51226806640625 361 460.00271606445312 371.54266357421875 -1 491.89508056640625 376.01043701171875 255 421.18902587890625 378.108642578125 12 432.7850341796875 378.0863037109375 373 392.28164672851562 378.37075805664062 14 392.28164672851562 378.37075805664062 -1 493.4840087890625 380.60223388671875 334 435.96145629882812 382.74270629882812 -1 418.41592407226562 386.40097045898438 35 418.52798461914062 394.55670166015625 307 371.38467407226562 416.6593017578125 158 463.7431640625 425.58120727539062 17 545.17376708984375 433.69219970703125 -1 565.258544921875 434.548828125 -1 503.16680908203125 435.16897583007812 -1 629.496337890625 436.46563720703125 -1 271.93426513671875 346.51129150390625 -1 547.022705078125 348.916015625 -1 254.78120422363281 350.87896728515625 -1 425.89932250976562 350.46957397460938 19 425.89932250976562 350.46957397460938 20 433.382080078125 350.47979736328125 355 480.40750122070312 350.83380126953125 -1 396.95806884765625 352.83297729492188 233 402.26956176757812 355.6890869140625 21 426.76223754882812 357.05389404296875 23 426.76223754882812 357.05389404296875 22 435.29501342773438 356.74154663085938 24 418.7490234375 357.99017333984375 25 428.01840209960938 363.69992065429688 27 428.01840209960938 363.69992065429688 28 452.676513671875 363.228515625 268 420.5201416015625 364.17086791992188 26 384.77426147460938 373.5994873046875 29 441.5887451171875 377.71237182617188 30 432.82504272460938 378.1595458984375 373 378.52993774414062 380.42745971679688 31 378.52993774414062 380.42745971679688 32 385.87945556640625 384.580810546875 33 385.87945556640625 384.580810546875 34 386.00338745117188 390.25875854492188 521 386.00338745117188 390.25875854492188 -1 443.79293823242188 411.79840087890625 36 443.79293823242188 411.79840087890625 37 503.54638671875 435.53659057617188 -1 53.179912567138672 461.414794921875 -1 330.18341064453125 346.20172119140625 -1 539.6990966796875 349.3675537109375 -1 453.55078125 368.95223999023438 275 377.63626098632812 373.35833740234375 39 568.72808837890625 381.54852294921875 -1 560.67230224609375 382.8402099609375 -1 434.84930419921875 395.54080200195312 40 494.68206787109375 409.6107177734375 -1 510.58285522460938 411.30441284179688 -1 431.5223388671875 414.63973999023438 379 447.09765625 352.82501220703125 278 447.09765625 352.82501220703125 279 347.4288330078125 353.17556762695312 346 432.15631103515625 371.08563232421875 199 456.76321411132812 383.0621337890625 343 392.93399047851562 386.74749755859375 44 441.49267578125 389.84957885742188 306 457.95779418945312 394.0743408203125 99 467.23995971679688 394.38909912109375 344 426.51596069335938 396.68560791015625 198 438.93753051757812 406.32485961914062 46 416.72824096679688 348.39096069335938 43 416.72824096679688 348.39096069335938 42 610.47833251953125 348.79327392578125 -1 369.791015625 364.30239868164062 47 413.80667114257812 372.38919067382812 48 384.861328125 379.40716552734375 49 384.861328125 379.40716552734375 50 448.072265625 401.34521484375 51 463.28277587890625 403.94973754882812 57 363.87957763671875 418.73733520507812 58 596.3848876953125 338.9931640625 -1 382.17886352539062 355.87203979492188 55 382.17886352539062 355.87203979492188 54 476.86279296875 375.96029663085938 282 401.83981323242188 380.89022827148438 59 470.41207885742188 392.23202514648438 56 56.079017639160156 469.98052978515625 -1 441.18124389648438 384.817626953125 60 476.45156860351562 417.15908813476562 61 476.45156860351562 417.15908813476562 283 460.671142578125 357.1536865234375 321 568.93206787109375 402.65692138671875 66 397.01824951171875 362.08807373046875 64 397.01824951171875 362.08807373046875 65 361.50375366210938 386.83078002929688 284 501.67645263671875 362.47042846679688 285 449.731689453125 397.86422729492188 288 500.61056518554688 405.8333740234375 324 74.203704833984375 285.61077880859375 -1 
11 0.96936769099814368 0.21241628988035877 0.11621402770496808 -0.041229833943152133 0.94321587879663205 1.5940364408151655 0.93550853376119736 2 top_right_000001.jpg
475.89450073242188 306.49346923828125 326 434.74111938476562 307.75881958007812 -1 438.05178833007812 308.14041137695312 -1 426.53955078125 309.67929077148438 -1 451.32174682617188 311.12527465820312 247 552.133544921875 311.12826538085938 -1 89.434661865234375 311.53863525390625 -1 324.74996948242188 311.781982421875 -1 372.3026123046875 311.51824951171875 -1 501.77383422851562 312.02664184570312 411 61.230602264404297 312.63677978515625 -1 21.531652450561523 312.89572143554688 -1 432.93173217773438 312.97897338867188 290 240.134521484375 314.15472412109375 -1 306.73675537109375 314.07150268554688 -1 262.4268798828125 314.27792358398438 -1 418.16574096679688 314.4049072265625 -1 72.567344665527344 315.0880126953125 -1 492.5980224609375 315.41043090820312 355 494.30691528320312 324.24252319335938 3 494.30691528320312 324.24252319335938 4 421.78958129882812 324.72442626953125 -1 524.88836669921875 328.12039184570312 -1 422.86880493164062 332.88247680664062 330 533.0091552734375 332.8687744140625 331 549.08111572265625 336.58782958984375 332 498.61968994140625 337.3468017578125 -1 488.58441162109375 338.05328369140625 11 487.169677734375 348.05657958984375 348 611.7181396484375 350.15304565429688 -1 476.697509765625 352.43145751953125 -1 461.95001220703125 360.0811767578125 -1 458.10989379882812 360.5179443359375 295 405.41293334960938 365.9058837890625 -1 435.71221923828125 371.28759765625 299 431.96112060546875 377.91207885742188 158 416.57391357421875 388.275390625 -1 416.57391357421875 388.275390625 -1 424.50033569335938 389.94723510742188 303 573.72869873046875 400.8900146484375 -1 552.26593017578125 401.63128662109375 314 96.878227233886719 436.74618530273438 -1 460.57168579101562 309.85202026367188 195 186.11860656738281 310.94204711914062 -1 294.3236083984375 310.80422973632812 -1 71.835540771484375 311.8209228515625 -1 136.03579711914062 314.54055786132812 -1 258.53652954101562 314.4110107421875 -1 350.57659912109375 314.60818481445312 563 468.14190673828125 323.02554321289062 849 451.51376342773438 325.55401611328125 496 451.51376342773438 325.55401611328125 496 411.12896728515625 327.85556030273438 -1 534.87554931640625 329.9254150390625 333 530.92340087890625 335.19058227539062 254 451.89614868164062 337.57449340820312 6 524.24102783203125 339.1380615234375 270 505.87490844726562 340.13235473632812 30 484.59844970703125 340.63534545898438 12 556.11865234375 344.09466552734375 -1 562.08172607421875 346.52816772460938 334 453.5194091796875 347.34060668945312 7 442.670654296875 349.11013793945312 8 490.45230102539062 349.56765747070312 348 486.81997680664062 351.42361450195312 -1 478.38397216796875 358.36819458007812 678 470.48101806640625 359.10723876953125 -1 454.414306640625 361.53009033203125 -1 449.16546630859375 362.09228515625 -1 440.07904052734375 365.76937866210938 264 6.6322650909423828 373.02792358398438 -1 489.56039428710938 375.63259887695312 -1 517.4127197265625 390.5888671875 159 420.20352172851562 392.28939819335938 459 557.89984130859375 402.6466064453125 336 563.68487548828125 402.50289916992188 417 626.54571533203125 402.34234619140625 -1 22.417825698852539 420.09735107421875 -1 97.132621765136719 473.83212280273438 -1 394.88372802734375 310.77005004882812 -1 415.37271118164062 310.38446044921875 338 234.52310180664062 310.84011840820312 -1 456.23843383789062 310.94247436523438 -1 456.23843383789062 310.94247436523438 339 53.407176971435547 311.51580810546875 -1 290.04757690429688 314.46466064453125 -1 481.02362060546875 315.47799682617188 365 481.02362060546875 315.47799682617188 316 412.84127807617188 322.30563354492188 -1 511.42483520507812 325.32196044921875 268 498.6015625 337.06878662109375 398 467.65451049804688 339.80096435546875 490 610.91217041015625 346.501953125 -1 576.37725830078125 347.275146484375 317 587.83770751953125 351.86053466796875 -1 409.12957763671875 359.7723388671875 -1 491.93695068359375 372.37939453125 709 16.272468566894531 378.66424560546875 -1 507.9864501953125 388.01608276367188 -1 102.01170349121094 446.73919677734375 -1 482.2806396484375 307.72372436523438 1 234.28897094726562 310.53787231445312 -1 581.690673828125 311.638671875 -1 87.621139526367188 315.83657836914062 -1 457.083984375 315.59323120117188 233 19.491720199584961 316.74325561523438 -1 31.265262603759766 316.33694458007812 -1 482.28408813476562 327.35345458984375 26 521.09527587890625 334.9775390625 -1 508.8741455078125 335.34628295898438 387 508.8741455078125 335.34628295898438 -1 446.01565551757812 337.45562744140625 29 453.62860107421875 342.30740356445312 13 453.62860107421875 342.30740356445312 14 440.32861328125 344.217041015625 31 440.32861328125 344.217041015625 32 448.18115234375 349.07427978515625 33 448.18115234375 349.07427978515625 34 482.98345947265625 350.393798828125 35 605.92767333984375 351.70700073242188 -1 587.76025390625 352.161376953125 -1 494.35311889648438 356.3304443359375 272 495.64813232421875 368.18624877929688 15 508.464111328125 376.69482421875 36 430.74258422851562 383.52264404296875 555 508.04364013671875 388.36358642578125 -1 525.90625 389.58892822265625 17 21.28685188293457 420.60430908203125 -1 86.196479797363281 424.22808837890625 -1 28.215286254882812 425.70437622070312 -1 93.668792724609375 429.75491333007812 -1 102.33869171142578 446.9031982421875 -1 342.16104125976562 309.33013916015625 -1 53.671672821044922 310.66244506835938 -1 486.6905517578125 313.19137573242188 19 266.7191162109375 315.58489990234375 -1 338.43719482421875 315.59994506835938 -1 488.16952514648438 320.03509521484375 23 488.16952514648438 320.03509521484375 22 496.34817504882812 319.65609741210938 24 480.2491455078125 321.07626342773438 25 489.96316528320312 327.13912963867188 27 514.02630615234375 330.70639038085938 275 490.89688110351562 333.70669555664062 -1 490.89688110351562 333.70669555664062 -1 438.52572631835938 337.2362060546875 39 515.60235595703125 338.81759643554688 -1 515.60235595703125 338.81759643554688 423 554.15289306640625 397.64334106445312 -1 99.522567749023438 467.32998657226562 -1 633.83154296875 304.76080322265625 -1 507.36044311523438 314.755859375 278 365.86203002929688 316.33023071289062 -1 444.98178100585938 330.4305419921875 280 522.64093017578125 347.15487670898438 343 455.22488403320312 350.7503662109375 44 442.14764404296875 353.52938842773438 45 506.48324584960938 353.794677734375 306 532.60498046875 359.11517333984375 344 489.06475830078125 360.76788330078125 198 499.93814086914062 360.2222900390625 40 503.10479736328125 370.78109741210938 281 503.10479736328125 370.78109741210938 46 491.587158203125 379.80816650390625 379 34.154338836669922 422.15460205078125 -1 96.416114807128906 441.10894775390625 -1 476.065673828125 311.17483520507812 43 476.57257080078125 336.4503173828125 48 512.43597412109375 365.80142211914062 51 490.11651611328125 380.35354614257812 572 423.05593872070312 384.42626953125 58 577.7142333984375 394.77926635742188 63 472.46145629882812 312.83493041992188 53 393.09521484375 318.39471435546875 346 442.34442138671875 318.26699829101562 55 430.24349975585938 327.85867309570312 47 498.49395751953125 332.50997924804688 199 542.31451416015625 340.64901733398438 282 446.684326171875 343.27288818359375 49 537.409912109375 357.01382446289062 56 526.55340576171875 367.40963745117188 57 516.08087158203125 381.53811645507812 62 455.036865234375 306.4088134765625 347 515.46258544921875 317.8564453125 322 464.2322998046875 344.35360717773438 59 504.19015502929688 347.6107177734375 60 540.150390625 382.05160522460938 61 540.150390625 382.05160522460938 283 459.82241821289062 324.49578857421875 65 459.82241821289062 324.49578857421875 64 420.96466064453125 350.32577514648438 284 566.57525634765625 326.07437133789062 285 421.81362915039062 295.14816284179688 289 55.312107086181641 398.07192993164062 -1 533.35552978515625 409.85885620117188 308 512.91033935546875 362.37655639648438 288 572.48846435546875 374.25253295898438 324 94.628257751464844 248.924560546875 -1 
12 0.96802080730651885 0.21204539937726988 0.12603846606225463 -0.045681180996593684 1.1606970031757069 1.2695914831837922 0.42122578851818554 2 top_right_000002.jpg
503.49728393554688 296.67916870117188 367 494.19036865234375 299.79598999023438 297 488.60675048828125 304.10223388671875 -1 501.18942260742188 307.03176879882812 -1 452.16354370117188 308.36956787109375 290 472.20358276367188 308.95669555664062 -1 192.82118225097656 310.97006225585938 -1 223.55696105957031 311.32864379882812 -1 360.32623291015625 311.38720703125 -1 340.33099365234375 311.77642822265625 -1 480.53561401367188 312.21954345703125 374 372.958984375 313.88430786132812 -1 394.44577026367188 314.15640258789062 -1 403.538818359375 314.01980590820312 -1 78.521125793457031 315.09832763671875 -1 441.49826049804688 318.95672607421875 -1 514.7828369140625 319.45480346679688 4 514.7828369140625 319.45480346679688 3 510.18463134765625 324.50723266601562 -1 515.515625 324.96676635742188 375 488.87725830078125 328.51947021484375 252 554.0364990234375 330.85379028320312 254 428.14529418945312 334.18154907226562 -1 505.87826538085938 336.5625 12 586.462158203125 338.36956787109375 -1 506.06265258789062 343.01486206054688 353 456.29745483398438 365.3282470703125 -1 455.24295043945312 367.67538452148438 -1 446.04843139648438 371.406982421875 486 10.194169044494629 374.91632080078125 -1 22.53643798828125 383.565673828125 -1 30.245529174804688 388.53103637695312 -1 439.60488891601562 388.82058715820312 459 626.4063720703125 392.9447021484375 -1 512.9852294921875 310.2005615234375 355 512.9852294921875 310.2005615234375 376 610.50274658203125 310.37359619140625 -1 227.83740234375 310.89450073242188 -1 532.030517578125 312.16021728515625 -1 359.01690673828125 314.22125244140625 -1 471.28887939453125 321.126953125 496 471.28887939453125 321.126953125 496 535.40411376953125 322.92147827148438 268 521.36627197265625 333.44757080078125 398 460.32656860351562 334.41552734375 506 544.4244384765625 335.05996704101562 270 473.48831176757812 342.43692016601562 7 607.73297119140625 343.07818603515625 312 462.18978881835938 344.47332763671875 8 608.03253173828125 346.13406372070312 -1 480.44064331054688 349.53509521484375 -1 476.82376098632812 349.88900756835938 422 488.712646484375 355.22515869140625 -1 484.111083984375 355.49810791015625 -1 470.02157592773438 358.00009155273438 -1 453.92660522460938 358.83956909179688 -1 424.65927124023438 361.40701293945312 -1 452.04632568359375 361.88369750976562 325 452.72134399414062 366.46438598632812 -1 424.504638671875 367.99273681640625 -1 535.14508056640625 370.67816162109375 267 535.14508056640625 370.67816162109375 266 3.6694939136505127 370.957763671875 -1 426.75119018554688 379.66827392578125 658 449.05645751953125 380.05926513671875 -1 447.23272705078125 383.44863891601562 303 444.97750854492188 386.28955078125 303 549.429443359375 387.79150390625 17 614.36480712890625 395.273681640625 277 610.36962890625 396.029296875 -1 96.889442443847656 475.02767944335938 -1 387.29388427734375 310.4798583984375 -1 318.03424072265625 310.79953002929688 -1 360.20657348632812 311.17062377929688 -1 364.01852416992188 314.9193115234375 -1 487.87503051757812 318.19091796875 849 471.73150634765625 332.53024291992188 6 630.0003662109375 341.83953857421875 -1 497.23931884765625 354.45263671875 678 506.1109619140625 362.14517211914062 265 452.27996826171875 375.152099609375 158 605.44573974609375 397.16879272460938 -1 593.92205810546875 398.70596313476562 -1 91.933502197265625 433.70022583007812 -1 102.46123504638672 443.85025024414062 -1 398.97622680664062 477.07400512695312 -1 74.48699951171875 310.49688720703125 -1 264.30007934570312 310.37969970703125 -1 300.98883056640625 310.53439331054688 -1 360.37545776367188 310.11624145507812 -1 526.658203125 312.81100463867188 278 526.658203125 312.81100463867188 279 160.455322265625 314.86212158203125 -1 422.86550903320312 314.81524658203125 -1 516.72869873046875 314.97561645507812 24 329.18154907226562 315.55593872070312 -1 508.40167236328125 315.2174072265625 22 508.40167236328125 315.2174072265625 23 18.439594268798828 316.64212036132812 -1 502.60928344726562 322.28018188476562 26 542.62249755859375 330.74972534179688 -1 529.8966064453125 331.50921630859375 387 465.49493408203125 332.64004516601562 29 473.61248779296875 337.61184692382812 13 473.61248779296875 337.61184692382812 14 518.415283203125 337.25338745117188 373 459.8360595703125 339.50808715820312 31 459.8360595703125 339.50808715820312 32 467.99313354492188 344.34683227539062 33 467.99313354492188 344.34683227539062 34 502.36007690429688 345.67303466796875 35 505.862548828125 362.17791748046875 -1 516.600341796875 364.1474609375 15 512.50506591796875 368.46719360351562 709 514.3111572265625 374.90213012695312 379 530.6474609375 386.51205444335938 166 536.07427978515625 387.69989013671875 513 627.67144775390625 397.20968627929688 -1 96.516716003417969 431.546875 -1 88.476852416992188 442.48110961914062 -1 116.05900573730469 309.65219116210938 -1 129.7979736328125 309.12371826171875 -1 215.289306640625 309.37734985351562 -1 500.19491577148438 316.07870483398438 25 510.3994140625 322.20452880859375 27 464.13034057617188 326.00296020507812 280 464.13034057617188 326.00296020507812 -1 535.67919921875 327.35018920898438 275 457.7833251953125 332.31561279296875 39 518.99176025390625 355.41873168945312 40 498.9837646484375 356.5013427734375 307 529.4951171875 372.46340942382812 36 33.457145690917969 421.0509033203125 -1 14.939052581787109 310.09335327148438 -1 438.25515747070312 319.0379638671875 742 475.1136474609375 346.12158203125 44 461.76229858398438 348.76974487304688 45 509.44305419921875 356.325439453125 198 524.29583740234375 366.41152954101562 281 524.29583740234375 366.41152954101562 46 55.162841796875 420.484130859375 -1 96.546684265136719 441.08206176757812 -1 496.35919189453125 306.40826416015625 43 449.58734130859375 323.18655395507812 47 497.13571166992188 331.27728271484375 48 563.8529052734375 335.38125610351562 282 534.28839111328125 361.91500854492188 51 603.65753173828125 390.48568725585938 63 490.8634033203125 309.13848876953125 53 490.8634033203125 309.13848876953125 52 537.499267578125 316.43191528320312 322 518.62811279296875 328.33682250976562 199 466.33224487304688 338.5184326171875 49 561.86651611328125 351.40304565429688 56 548.80438232421875 362.5352783203125 57 443.90869140625 379.19570922851562 58 536.30560302734375 378.51211547851562 62 474.951416015625 302.2755126953125 347 484.70263671875 339.6207275390625 59 527.17376708984375 343.67605590820312 60 563.51312255859375 378.28533935546875 61 563.51312255859375 378.28533935546875 283 91.013336181640625 420.9681396484375 -1 479.79446411132812 320.19918823242188 65 479.79446411132812 320.19918823242188 64 440.0843505859375 346.72348022460938 284 533.5843505859375 359.52130126953125 288 60.341648101806641 393.76925659179688 -1 556.93109130859375 406.5487060546875 308 77.084548950195312 449.73001098632812 -1 598.6553955078125 369.89413452148438 324 100.6658935546875 249.99948120117188 -1 
13 0.968090465585972 0.21031898709788854 0.1262213851020586 -0.051331628169890287 1.0461945816457696 1.391807048092361 0.27345582091065185 2 top_right_000003.jpg
493.55877685546875 304.01791381835938 297 454.8067626953125 306.69488525390625 -1 507.37661743164062 308.76812744140625 -1 472.26165771484375 309.97189331054688 247 198.0244140625 310.99050903320312 -1 561.36810302734375 311.16067504882812 -1 244.34577941894531 311.31451416015625 -1 309.27810668945312 311.9085693359375 -1 199.04158020019531 313.88095092773438 -1 402.386474609375 314.11453247070312 -1 309.503662109375 314.41162109375 -1 482.76187133789062 314.7327880859375 -1 439.0902099609375 316.60906982421875 -1 456.98507690429688 320.38116455078125 -1 443.652099609375 321.56463623046875 -1 550.4107666015625 327.563232421875 -1 490.87973022460938 331.0108642578125 252 433.15853881835938 333.98214721679688 -1 457.1485595703125 342.56756591796875 485 497.6339111328125 342.47103881835938 -1 431.03781127929688 344.64382934570312 -1 509.09527587890625 347.18353271484375 348 601.49151611328125 347.46688842773438 -1 467.64971923828125 348.99609375 390 469.63693237304688 361.07919311523438 -1 455.46148681640625 362.91287231445312 -1 520.6468505859375 371.2738037109375 391 536.642578125 373.4791259765625 266 536.642578125 373.4791259765625 267 427.33932495117188 376.8035888671875 259 18.782903671264648 380.58285522460938 -1 452.035888671875 381.122802734375 158 98.1585693359375 466.04833984375 -1 494.82119750976562 306.56072998046875 326 121.35811614990234 311.01412963867188 -1 593.87164306640625 311.12661743164062 -1 453.74551391601562 312.09426879882812 290 514.46600341796875 313.43319702148438 355 514.46600341796875 313.43319702148438 376 252.04205322265625 314.56381225585938 -1 305.73391723632812 314.45867919921875 -1 371.42333984375 314.62326049804688 -1 489.4163818359375 321.38613891601562 849 472.74688720703125 324.16366577148438 496 529.56549072265625 324.09188842773438 250 529.56549072265625 324.09188842773438 -1 553.8001708984375 333.59207153320312 254 429.97488403320312 334.5689697265625 -1 509.82037353515625 334.43231201171875 392 519.48309326171875 339.6162109375 -1 506.43365478515625 340.51678466796875 12 587.303466796875 340.82025146484375 410 605.94342041015625 348.47622680664062 -1 495.67425537109375 357.7982177734375 -1 479.60604858398438 360.0404052734375 295 458.17318725585938 364.05062866210938 644 450.57888793945312 370.17385864257812 325 453.92169189453125 370.498779296875 -1 24.34343147277832 384.12411499023438 -1 542.63568115234375 391.38418579101562 159 593.56414794921875 398.29135131835938 -1 617.91015625 398.58993530273438 277 574.5146484375 400.95794677734375 260 34.965152740478516 422.91192626953125 -1 99.962379455566406 456.1572265625 -1 482.75857543945312 309.05947875976562 195 329.114501953125 311.17178344726562 -1 345.75537109375 314.84039306640625 -1 518.47052001953125 323.55734252929688 3 536.8201904296875 325.93008422851562 268 473.51174926757812 335.54840087890625 6 529.36920166015625 339.36407470703125 30 604.180419921875 344.66461181640625 317 475.409423828125 345.90521240234375 7 463.55264282226562 348.22073364257812 8 610.303466796875 349.43521118164062 -1 616.65350341796875 349.73291015625 -1 426.47564697265625 351.41571044921875 -1 499.6005859375 357.67922973632812 678 458.61126708984375 358.2890625 451 429.4866943359375 361.059326171875 -1 429.55255126953125 369.0716552734375 -1 449.8321533203125 370.127685546875 -1 515.0858154296875 372.08221435546875 709 457.00360107421875 372.96945190429688 299 616.25396728515625 395.02801513671875 369 99.333534240722656 460.907958984375 -1 503.32684326171875 306.5906982421875 1 425.53988647460938 309.23477172851562 -1 90.463363647460938 310.14263916015625 -1 99.40240478515625 310.40878295898438 -1 264.56594848632812 310.231689453125 -1 329.092529296875 310.64352416992188 -1 411.58828735351562 314.84942626953125 -1 101.24213409423828 315.6705322265625 -1 510.00607299804688 318.47393798828125 23 510.00607299804688 318.47393798828125 22 504.2025146484375 325.46127319335938 26 536.87255859375 330.26986694335938 275 544.0797119140625 333.87539672851562 -1 531.23681640625 334.458251953125 387 467.20977783203125 335.81402587890625 29 539.4677734375 337.59075927734375 -1 475.17282104492188 340.7918701171875 13 475.17282104492188 340.7918701171875 14 520.18804931640625 340.2646484375 373 461.68222045898438 342.9039306640625 31 469.59475708007812 347.54547119140625 33 469.59475708007812 347.54547119140625 34 517.9990234375 367.03353881835938 15 430.79754638671875 374.5028076171875 -1 451.25454711914062 374.99636840820312 -1 551.165771484375 390.09408569335938 17 95.623336791992188 430.57968139648438 -1 102.61199951171875 446.61422729492188 -1 157.60749816894531 309.20904541015625 -1 508.42288208007812 311.65792846679688 19 585.99169921875 312.71923828125 -1 527.24981689453125 313.38897705078125 279 527.24981689453125 313.38897705078125 278 355.8316650390625 315.64602661132812 -1 39.480415344238281 316.58950805664062 -1 518.4212646484375 318.0059814453125 24 501.72732543945312 319.34469604492188 25 511.95770263671875 325.33566284179688 27 511.95770263671875 325.33566284179688 28 567.0894775390625 330.50991821289062 361 459.59170532226562 335.51080322265625 39 504.14999389648438 348.92269897460938 35 531.32806396484375 375.62091064453125 36 33.580970764160156 421.1197509765625 -1 425.81671142578125 308.36810302734375 -1 368.04998779296875 316.48739624023438 -1 476.8978271484375 349.41427612304688 44 463.5740966796875 352.0902099609375 45 521.1715087890625 358.84060668945312 40 511.12789916992188 359.52133178710938 198 501.54537963867188 361.62301635742188 307 526.06640625 369.37942504882812 281 526.06640625 369.37942504882812 46 65.337417602539062 408.16445922851562 -1 56.015666961669922 420.50546264648438 -1 498.34426879882812 309.31826782226562 43 498.74612426757812 334.40371704101562 48 566.398193359375 338.74896240234375 282 535.5477294921875 364.8572998046875 51 444.811279296875 384.0743408203125 58 451.019287109375 326.4893798828125 47 520.2978515625 331.7109375 199 468.01339721679688 341.780029296875 49 562.7491455078125 355.02560424804688 56 550.5601806640625 365.2679443359375 57 538.07794189453125 381.74029541015625 62 604.76531982421875 393.35458374023438 63 94.829910278320312 441.816162109375 -1 476.08547973632812 305.85614013671875 347 486.31289672851562 343.08511352539062 59 529.36138916015625 347.00985717773438 60 565.19403076171875 381.37698364257812 61 565.19403076171875 381.37698364257812 283 503.54290771484375 375.9188232421875 752 90.850906372070312 420.03167724609375 -1 481.0543212890625 322.9261474609375 65 481.0543212890625 322.9261474609375 64 441.62933349609375 351.17742919921875 284 61.510551452636719 395.970947265625 -1 78.032058715820312 448.92864990234375 -1 535.66851806640625 361.37408447265625 288 599.40692138671875 371.54351806640625 324 101.22360229492188 251.1087646484375 -1 
14 0.96780625607477466 0.21145961453791573 0.12666064550628525 -0.050921144939354956 1.0454106385724451 1.5469020262493087 0.26917768033073591 2 top_right_000004.jpg
480.72003173828125 309.4674072265625 195 424.0169677734375 311.119140625 -1 434.5228271484375 310.92669677734375 -1 356.4801025390625 311.71490478515625 -1 348.719970703125 312.08737182617188 -1 462.1339111328125 312.33938598632812 462 2.7591960430145264 313.05905151367188 -1 200.63035583496094 313.97525024414062 -1 220.22433471679688 313.89370727539062 -1 238.94679260253906 314.1339111328125 -1 387.17315673828125 314.06915283203125 -1 396.4068603515625 314.06039428710938 -1 401.011962890625 314.10205078125 -1 419.51019287109375 314.03121948242188 -1 299.58343505859375 314.44479370117188 -1 67.052566528320312 315.47381591796875 -1 513.30487060546875 316.20162963867188 -1 513.30487060546875 316.20162963867188 -1 514.29449462890625 321.94461059570312 3 443.0601806640625 323.60659790039062 -1 473.33932495117188 325.01971435546875 496 473.33932495117188 325.01971435546875 496 542.427978515625 327.60943603515625 402 567.41412353515625 332.87179565429688 -1 555.4757080078125 334.59197998046875 254 567.0018310546875 335.6865234375 253 462.63812255859375 338.8651123046875 506 462.63812255859375 338.8651123046875 506 474.96881103515625 346.4466552734375 7 474.96881103515625 346.4466552734375 404 631.6697998046875 349.11837768554688 -1 489.4888916015625 352.960693359375 -1 464.90921020507812 356.5694580078125 -1 490.37075805664062 359.00225830078125 -1 459.017333984375 360.10787963867188 451 473.22378540039062 361.46359252929688 -1 469.46060180664062 362.0118408203125 -1 464.701904296875 363.05938720703125 264 454.01248168945312 366.1123046875 325 516.86553955078125 377.79861450195312 379 427.79202270507812 378.67092895507812 259 19.952665328979492 381.55880737304688 -1 32.441272735595703 390.05758666992188 -1 605.8612060546875 398.09744262695312 -1 588.2169189453125 402.58941650390625 -1 1.9758707284927368 454.49822998046875 -1 471.6778564453125 311.1636962890625 247 257.77877807617188 311.44534301757812 -1 55.172615051269531 311.82186889648438 -1 413.39227294921875 314.09091186523438 -1 430.22842407226562 313.98519897460938 -1 537.33056640625 326.9931640625 268 491.62139892578125 330.93356323242188 252 431.07717895507812 331.07159423828125 -1 574.437744140625 336.0137939453125 -1 457.540771484375 344.8848876953125 485 610.62982177734375 350.203369140625 -1 457.57077026367188 366.01959228515625 644 508.2760009765625 365.942138671875 265 458.07940673828125 372.06182861328125 299 536.76434326171875 374.43572998046875 266 536.76434326171875 374.43572998046875 267 447.465576171875 375.0235595703125 486 429.4031982421875 384.5084228515625 658 25.479545593261719 385.18365478515625 -1 170.62391662597656 310.37628173828125 -1 290.3902587890625 310.84310913085938 -1 323.90570068359375 310.95391845703125 -1 534.0758056640625 312.63687133789062 -1 168.32275390625 314.432861328125 -1 256.20648193359375 314.69732666015625 -1 502.67861938476562 314.62179565429688 365 298.194580078125 314.818603515625 -1 489.92535400390625 322.320068359375 849 473.80740356445312 336.43893432617188 6 489.76739501953125 338.63687133789062 490 507.64678955078125 341.1719970703125 12 508.69259643554688 346.2781982421875 353 610.913330078125 346.62310791015625 312 620.27972412109375 350.641357421875 301 626.63104248046875 350.46463012695312 -1 516.42730712890625 351.096435546875 257 499.80386352539062 358.462158203125 678 464.12063598632812 359.90066528320312 362 15.801547050476074 382.6015625 -1 575.14630126953125 398.83868408203125 354 504.10391235351562 307.24398803710938 1 290.1744384765625 310.35498046875 -1 17.225677490234375 311.81082153320312 -1 19.736068725585938 316.72442626953125 -1 504.36007690429688 326.24005126953125 26 537.11175537109375 330.93771362304688 275 544.5087890625 334.70175170898438 -1 532.10504150390625 335.46286010742188 387 467.55532836914062 336.769775390625 29 529.82122802734375 340.6243896484375 30 475.59658813476562 341.63333129882812 13 475.59658813476562 341.63333129882812 14 520.72015380859375 341.14703369140625 373 461.84805297851562 343.67361450195312 31 461.84805297851562 343.67361450195312 32 618.4661865234375 346.33831787109375 -1 469.97946166992188 348.26214599609375 33 469.97946166992188 348.26214599609375 34 504.32275390625 349.70059204101562 35 518.3641357421875 367.98056030273438 15 514.98211669921875 372.75521850585938 709 551.46380615234375 391.14028930664062 17 575.5875244140625 398.37554931640625 -1 532.88751220703125 307.27163696289062 405 109.84694671630859 309.56881713867188 -1 381.20443725585938 309.35708618164062 -1 31.473125457763672 310.46408081054688 -1 43.753742218017578 310.38351440429688 -1 508.62359619140625 312.4322509765625 19 527.4144287109375 313.64849853515625 278 527.4144287109375 313.64849853515625 279 518.54266357421875 318.81298828125 24 518.54266357421875 318.81298828125 -1 510.32586669921875 319.28851318359375 23 510.32586669921875 319.28851318359375 22 502.10943603515625 320.2176513671875 25 512.38861083984375 326.20806884765625 27 512.38861083984375 326.20806884765625 28 459.84393310546875 336.36810302734375 39 539.78643798828125 338.55523681640625 -1 609.83880615234375 345.47698974609375 -1 531.82470703125 376.51449584960938 36 33.5960693359375 421.12744140625 -1 95.883323669433594 430.68142700195312 -1 367.0633544921875 316.45831298828125 -1 466.38638305664062 329.81719970703125 280 477.05853271484375 350.16107177734375 44 463.78695678710938 352.80734252929688 45 521.61285400390625 359.70037841796875 40 511.6607666015625 360.72674560546875 198 526.47711181640625 370.41073608398438 281 526.47711181640625 370.41073608398438 46 55.345100402832031 420.24517822265625 -1 497.83975219726562 310.54541015625 43 451.47958374023438 327.28500366210938 47 499.09762573242188 335.29745483398438 48 536.483642578125 365.88406372070312 51 444.96560668945312 384.87631225585938 58 605.40966796875 394.4361572265625 63 95.872673034667969 441.58282470703125 -1 464.14962768554688 317.98080444335938 55 520.51007080078125 332.51806640625 199 566.61236572265625 339.516845703125 282 468.41629028320312 342.55776977539062 49 563.1138916015625 355.90573120117188 56 550.9049072265625 366.4095458984375 57 550.9049072265625 366.4095458984375 -1 538.56390380859375 382.46176147460938 62 625.98687744140625 300.18759155273438 -1 476.49664306640625 306.29037475585938 347 486.63198852539062 343.646240234375 59 528.85076904296875 347.74612426757812 60 580.7806396484375 368.1483154296875 320 565.8653564453125 382.463623046875 61 565.8653564453125 382.463623046875 283 507.75518798828125 379.8380126953125 752 481.68026733398438 324.12057495117188 64 481.68026733398438 324.12057495117188 65 441.83880615234375 351.57492065429688 284 441.81304931640625 296.15966796875 289 61.153282165527344 393.74356079101562 -1 559.2728271484375 410.35116577148438 308 77.525566101074219 449.14462280273438 -1 535.8367919921875 363.19662475585938 288 601.26666259765625 374.02993774414062 324 102.04403686523438 250.55337524414062 -1 
15 0.96782967321007396 0.21122548344099873 0.12640558251003142 -0.052068680696724795 1.0163397047410396 1.7183488968937857 0.17430659367623053 2 top_right_000005.jpg
489.415283203125 308.6951904296875 -1 442.52642822265625 310.82232666015625 -1 228.79527282714844 311.36077880859375 -1 306.36383056640625 311.34228515625 -1 426.47271728515625 311.38851928710938 -1 470.17037963867188 311.54739379882812 525 466.2542724609375 312.19131469726562 -1 370.96859741210938 314.00244140625 -1 449.69003295898438 314.197998046875 -1 343.35443115234375 314.49807739257812 -1 463.97048950195312 314.9276123046875 -1 452.54281616210938 315.54928588867188 290 440.88809204101562 318.90505981445312 -1 527.985595703125 324.5362548828125 250 502.0357666015625 325.43032836914062 -1 516.853515625 326.20257568359375 3 516.853515625 326.20257568359375 4 433.04830932617188 326.57577514648438 -1 443.09332275390625 326.5218505859375 -1 558.0789794921875 335.08975219726562 331 449.92816162109375 341.52890014648438 -1 462.51007080078125 341.58889770507812 506 573.48199462890625 341.53421020507812 -1 457.86227416992188 347.58892822265625 485 600.07855224609375 348.12075805664062 -1 428.01800537109375 351.670166015625 -1 510.11367797851562 351.25653076171875 348 481.24496459960938 356.85736083984375 422 500.35317993164062 360.50106811523438 678 459.97259521484375 362.43942260742188 451 460.22567749023438 370.56558227539062 299 520.47186279296875 375.21743774414062 391 518.63580322265625 377.47610473632812 -1 582.042236328125 378.50836181640625 395 17.864908218383789 379.64639282226562 -1 21.078086853027344 382.055908203125 -1 24.303548812866211 384.312255859375 -1 531.04852294921875 392.18478393554688 -1 540.93402099609375 394.55410766601562 159 538.7965087890625 308.62509155273438 -1 255.584716796875 310.935302734375 -1 285.98739624023438 311.04278564453125 -1 289.90499877929688 310.89532470703125 -1 387.95794677734375 311.01611328125 -1 317.62176513671875 311.2689208984375 -1 481.6302490234375 312.4046630859375 195 406.24624633789062 314.02786254882812 -1 471.33538818359375 314.10733032226562 247 303.92681884765625 314.72677612304688 -1 347.5238037109375 314.56597900390625 -1 76.224998474121094 315.0440673828125 -1 515.13763427734375 316.76849365234375 355 489.81643676757812 324.95040893554688 849 489.81643676757812 324.95040893554688 849 524.0181884765625 325.12319946289062 310 431.87078857421875 331.42471313476562 -1 550.60498046875 341.18524169921875 270 514.24249267578125 342.61782836914062 11 475.82379150390625 349.60888671875 7 477.75814819335938 363.87484741210938 295 459.10305786132812 367.14385986328125 644 508.16744995117188 368.26394653320312 265 456.34112548828125 377.32418823242188 -1 543.77178955078125 392.11386108398438 16 574.56610107421875 404.79940795898438 260 588.704345703125 406.09579467773438 -1 80.621963500976562 424.31341552734375 -1 101.94901275634766 446.034912109375 -1 142.31991577148438 310.71353149414062 -1 277.42904663085938 310.4810791015625 -1 406.70932006835938 310.35421752929688 -1 297.364013671875 310.85067749023438 -1 350.60079956054688 311.00338745117188 -1 536.2684326171875 311.90206909179688 -1 156.584228515625 314.58706665039062 -1 210.91783142089844 314.427734375 -1 369.88116455078125 314.4525146484375 -1 478.314208984375 318.11642456054688 233 472.97299194335938 327.70266723632812 496 472.97299194335938 327.70266723632812 496 544.25494384765625 337.62982177734375 -1 573.16766357421875 337.723388671875 -1 473.97317504882812 339.34848022460938 6 520.95709228515625 339.861083984375 398 507.67510986328125 343.91152954101562 12 429.4954833984375 367.47384643554688 -1 453.675537109375 383.45364379882812 158 552.70220947265625 395.018798828125 17 95.562492370605469 431.38763427734375 -1 91.679496765136719 433.32992553710938 -1 99.681732177734375 461.37051391601562 -1 437.34521484375 309.51092529296875 -1 286.864501953125 310.330078125 -1 318.083251953125 310.37118530273438 -1 350.76724243164062 310.61199951171875 399 536.525634765625 312.5809326171875 -1 478.4027099609375 317.8743896484375 233 504.34176635742188 328.99746704101562 26 537.14154052734375 333.73428344726562 275 464.92681884765625 334.31784057617188 400 467.6766357421875 339.54397583007812 29 475.73361206054688 344.43060302734375 13 475.73361206054688 344.43060302734375 14 461.9168701171875 346.51315307617188 31 461.9168701171875 346.51315307617188 32 470.16741943359375 351.22756958007812 33 470.16741943359375 351.22756958007812 34 463.73336791992188 352.3734130859375 8 504.82958984375 352.51235961914062 35 625.80316162109375 353.40231323242188 -1 518.5606689453125 370.94970703125 15 515.2470703125 375.57424926757812 709 567.3983154296875 399.48379516601562 160 261.71798706054688 309.1473388671875 -1 508.6693115234375 315.14434814453125 19 518.71917724609375 321.54782104492188 24 502.13848876953125 322.94497680664062 25 510.35232543945312 322.0299072265625 23 510.35232543945312 322.0299072265625 22 512.24755859375 328.96548461914062 27 512.24755859375 328.96548461914062 28 569.7989501953125 334.55728149414062 361 459.77813720703125 339.27874755859375 39 521.37200927734375 362.29360961914062 40 531.92437744140625 379.35464477539062 36 592.821044921875 401.36782836914062 -1 33.800525665283203 421.21917724609375 -1 527.3369140625 314.67486572265625 278 477.4888916015625 352.8958740234375 44 464.21246337890625 355.68841552734375 45 527.21795654296875 356.22900390625 306 511.60858154296875 363.17160034179688 198 526.72601318359375 373.05783081054688 281 526.72601318359375 373.05783081054688 46 516.08135986328125 383.26913452148438 379 498.177001953125 313.02139282226562 43 498.177001953125 313.02139282226562 42 528.54443359375 315.034912109375 -1 499.24591064453125 337.94610595703125 48 536.35528564453125 368.46722412109375 51 444.84909057617188 388.15463256835938 58 96.040847778320312 441.44097900390625 -1 493.64541625976562 315.22402954101562 53 493.64541625976562 315.22402954101562 52 463.90530395507812 320.66323852539062 55 463.90530395507812 320.66323852539062 54 451.31594848632812 330.01504516601562 47 520.5958251953125 335.29229736328125 199 566.34320068359375 342.09085083007812 282 468.4505615234375 345.34649658203125 49 563.36968994140625 358.46499633789062 56 551.0950927734375 369.04736328125 57 476.48300170898438 309.25802612304688 347 486.80709838867188 346.62973022460938 59 529.06085205078125 350.35073852539062 60 539.26849365234375 385.58535766601562 62 566.1070556640625 385.22811889648438 61 566.1070556640625 385.22811889648438 283 531.31732177734375 350.122802734375 -1 90.91461181640625 420.00466918945312 -1 543.224853515625 320.40811157226562 321 480.70169067382812 327.34774780273438 64 480.70169067382812 327.34774780273438 65 441.86013793945312 354.49066162109375 284 607.4598388671875 391.82977294921875 -1 61.425643920898438 395.25320434570312 -1 560.5384521484375 406.43026733398438 -1 77.679847717285156 449.23974609375 -1 536.36712646484375 364.77059936523438 288 600.33203125 374.77603149414062 324 100.60617828369141 250.910888671875 -1 
16 0.96789780549554361 0.21123104686909647 0.12645719322820331 -0.05063458537740062 1.2007279115002218 1.6778299717432406 0.40075247057585744 2 top_right_000006.jpg
599.31927490234375 310.459228515625 -1 369.510986328125 311.42398071289062 -1 277.510009765625 311.9051513671875 -1 473.08465576171875 313.430908203125 247 394.54605102539062 314.04214477539062 -1 411.84909057617188 314.03167724609375 -1 468.94940185546875 313.8060302734375 511 334.72463989257812 314.45278930664062 -1 353.46395874023438 314.49203491210938 -1 358.00180053710938 314.3741455078125 -1 82.849021911621094 315.08468627929688 -1 454.8507080078125 315.05502319335938 290 519.55633544921875 316.31500244140625 2 475.59588623046875 320.09011840820312 -1 442.65911865234375 320.88311767578125 -1 509.46243286132812 324.14324951171875 401 509.46243286132812 324.14324951171875 -1 514.8760986328125 323.82086181640625 3 541.5076904296875 330.06997680664062 -1 435.13272094726562 334.6431884765625 -1 494.0616455078125 338.8778076171875 291 517.57855224609375 342.04507446289062 -1 430.4658203125 343.00262451171875 -1 433.06631469726562 343.04684448242188 -1 582.36138916015625 344.58544921875 -1 459.06072998046875 346.51101684570312 485 510.61590576171875 350.40771484375 348 491.34817504882812 355.00030517578125 -1 466.00808715820312 359.01263427734375 -1 490.87103271484375 361.3319091796875 -1 507.18478393554688 366.247802734375 -1 15.555588722229004 378.0601806640625 -1 429.35693359375 380.990478515625 259 22.436233520507812 383.63577270507812 -1 430.3505859375 385.58956909179688 658 550.913330078125 396.55606079101562 507 97.562522888183594 471.58401489257812 -1 97.059326171875 474.82354736328125 -1 441.71859741210938 310.37075805664062 -1 524.064697265625 312.07025146484375 380 197.860107421875 313.962890625 -1 400.51278686523438 313.998046875 -1 407.56521606445312 314.15789794921875 -1 228.86459350585938 314.51971435546875 -1 304.72021484375 314.45144653320312 -1 308.76828002929688 314.49801635742188 -1 516.1607666015625 316.34490966796875 355 435.15380859375 324.563232421875 -1 525.36077880859375 325.092041015625 310 474.28970336914062 327.27532958984375 496 474.28970336914062 327.27532958984375 496 549.74859619140625 332.90838623046875 292 492.20809936523438 333.99838256835938 252 463.4830322265625 341.034423828125 506 548.48260498046875 341.14895629882812 270 514.27386474609375 341.56021118164062 11 581.38458251953125 341.55056762695312 255 615.45233154296875 349.38607788085938 312 465.45712280273438 350.90957641601562 8 515.73095703125 352.56546020507812 348 616.4130859375 352.404541015625 -1 462.93478393554688 360.1005859375 451 500.34774780273438 360.12698364257812 678 554.5758056640625 360.05853271484375 258 487.16299438476562 362.39019775390625 -1 480.30368041992188 363.19387817382812 295 467.73239135742188 365.02774047851562 264 463.83056640625 367.16796875 264 454.02603149414062 370.0531005859375 325 456.35400390625 372.34353637695312 -1 428.08786010742188 377.12429809570312 259 19.021631240844727 380.14218139648438 -1 518.2620849609375 379.89697265625 379 455.08355712890625 382.01739501953125 158 539.72723388671875 393.1737060546875 -1 617.48699951171875 402.15829467773438 -1 612.6798095703125 402.25030517578125 -1 580.25555419921875 404.81573486328125 314 126.69656372070312 310.49557495117188 -1 287.02435302734375 310.4808349609375 -1 142.13272094726562 314.61669921875 -1 261.37344360351562 314.64932250976562 -1 370.68511962890625 314.589111328125 -1 503.65936279296875 316.655029296875 365 503.65936279296875 316.655029296875 316 479.55307006835938 317.68927001953125 233 490.78628540039062 324.54595947265625 849 490.78628540039062 324.54595947265625 849 519.6134033203125 326.6092529296875 3 536.62353515625 328.56680297851562 268 434.73712158203125 338.97418212890625 298 474.82839965820312 339.06076049804688 6 508.813720703125 343.64724731445312 12 603.10137939453125 347.0899658203125 317 477.01364135742188 349.16497802734375 7 428.52227783203125 350.94366455078125 -1 431.99993896484375 353.34161376953125 -1 495.21487426757812 353.92575073242188 -1 521.22589111328125 354.91400146484375 -1 458.72589111328125 376.40603637695312 -1 18.310590744018555 384.06124877929688 -1 553.57659912109375 393.87115478515625 17 585.42950439453125 405.52789306640625 336 102.42539215087891 444.16476440429688 -1 99.62030029296875 310.36697387695312 -1 278.38427734375 310.14913940429688 351 26.414033889770508 311.30450439453125 -1 400.3902587890625 314.80722045898438 -1 510.28451538085938 314.91152954101562 20 510.28451538085938 314.91152954101562 19 505.83377075195312 328.59146118164062 26 431.17147827148438 335.14605712890625 -1 545.88726806640625 336.9354248046875 -1 468.77548217773438 338.92605590820312 29 578.577880859375 338.34786987304688 -1 490.69805908203125 340.31005859375 490 476.82711791992188 343.87283325195312 13 476.82711791992188 343.87283325195312 14 522.24188232421875 343.46966552734375 373 463.30987548828125 345.9696044921875 31 463.30987548828125 345.9696044921875 32 471.193603515625 350.54067993164062 33 471.193603515625 350.54067993164062 34 521.7542724609375 354.85299682617188 319 471.11328125 356.21469116210938 521 519.74456787109375 370.31997680664062 15 516.36822509765625 374.89443969726562 709 533.393798828125 378.355712890625 36 100.40723419189453 460.39898681640625 -1 164.62619018554688 309.28878784179688 -1 14.876582145690918 311.43362426757812 -1 298.18212890625 315.81219482421875 -1 511.4669189453125 321.58834838867188 23 511.4669189453125 321.58834838867188 22 519.97967529296875 321.08477783203125 24 503.34524536132812 322.49847412109375 25 513.59149169921875 328.46820068359375 27 513.59149169921875 328.46820068359375 28 538.70526123046875 333.36578369140625 275 532.4716796875 337.31002807617188 387 461.25396728515625 338.72003173828125 39 522.9688720703125 361.7763671875 40 602.3153076171875 405.33627319335938 -1 39.923603057861328 417.07290649414062 -1 33.139636993408203 420.46908569335938 -1 528.6199951171875 314.59835815429688 278 441.32733154296875 325.80044555664062 742 467.40963745117188 332.21926879882812 280 568.07318115234375 332.6513671875 361 478.45687866210938 352.46243286132812 44 465.74942016601562 355.20819091796875 45 512.77850341796875 362.63912963867188 198 502.24386596679688 364.40206909179688 307 505.847412109375 368.27584838867188 -1 527.896484375 372.66574096679688 281 527.896484375 372.66574096679688 46 55.210422515869141 419.98553466796875 -1 499.76699829101562 312.64056396484375 43 499.76699829101562 312.64056396484375 42 500.32369995117188 337.734375 48 455.112060546875 342.5986328125 -1 537.679931640625 367.88204956054688 51 446.93109130859375 386.1451416015625 58 494.74722290039062 314.97998046875 53 494.74722290039062 314.97998046875 52 465.26058959960938 320.41656494140625 55 465.26058959960938 320.41656494140625 54 452.53427124023438 329.52099609375 47 521.69110107421875 334.81686401367188 199 568.03948974609375 341.78414916992188 282 469.66275024414062 344.88418579101562 49 564.3818359375 358.5784912109375 56 552.49871826171875 368.73922729492188 57 552.49871826171875 368.73922729492188 -1 539.958984375 384.98797607421875 62 607.0511474609375 396.618896484375 63 487.78305053710938 346.073486328125 59 530.177001953125 349.82833862304688 60 581.02423095703125 370.58636474609375 320 567.3463134765625 384.74008178710938 61 567.3463134765625 384.74008178710938 283 544.4326171875 320.2718505859375 321 544.4326171875 320.2718505859375 322 482.35922241210938 326.5841064453125 64 482.35922241210938 326.5841064453125 65 443.10546875 353.48153686523438 284 608.3349609375 392.10195922851562 -1 446.38690185546875 296.48016357421875 289 61.794258117675781 394.25418090820312 -1 78.304702758789062 448.29879760742188 -1 537.86370849609375 364.98397827148438 288 602.08795166015625 375.5931396484375 324 102.94625854492188 251.11630249023438 -1 
17 0.96874475115255132 0.20976695359635725 0.12331833425133742 -0.04820809818651612 1.5058904635031678 1.3306533290966773 0.093413859863508017 2 top_right_000007.jpg
456.95846557617188 307.55813598632812 -1 509.69281005859375 309.89501953125 -1 440.35797119140625 311.03054809570312 -1 473.30050659179688 311.11801147460938 247 504.62728881835938 310.98492431640625 -1 595.72186279296875 310.86575317382812 -1 66.651374816894531 312.03582763671875 -1 89.939796447753906 311.86151123046875 -1 463.43865966796875 312.35482788085938 462 454.0137939453125 313.06399536132812 290 285.69772338867188 314.14703369140625 -1 338.69027709960938 314.08914184570312 -1 357.8800048828125 314.18234252929688 -1 395.41836547851562 314.16162109375 -1 449.72076416015625 314.52105712890625 -1 517.28338623046875 323.04196166992188 4 517.28338623046875 323.04196166992188 3 501.84912109375 328.99069213867188 291 435.56253051757812 330.31655883789062 -1 547.98358154296875 330.52035522460938 292 557.7548828125 334.78524780273438 254 532.02923583984375 337.38623046875 349 545.02996826171875 339.12423706054688 -1 599.2032470703125 344.94424438476562 371 514.401611328125 350.167724609375 348 514.95306396484375 358.28872680664062 294 485.87353515625 360.0343017578125 -1 480.06216430664062 360.56573486328125 295 467.87594604492188 362.15789794921875 -1 510.15533447265625 366.30300903320312 265 3.9021251201629639 370.90744018554688 -1 4.7975521087646484 374.05868530273438 -1 590.24169921875 382.62527465820312 -1 440.09524536132812 392.6654052734375 459 445.98922729492188 392.60025024414062 459 547.4039306640625 393.50418090820312 159 613.4105224609375 399.90032958984375 510 634.10565185546875 400.5335693359375 -1 609.4599609375 400.88858032226562 -1 574.6636962890625 402.09942626953125 260 90.343513488769531 427.1409912109375 -1 96.357978820800781 435.67391967773438 -1 96.845001220703125 473.9979248046875 -1 494.83636474609375 304.96652221679688 297 509.51351928710938 307.09661865234375 1 512.94366455078125 308.03619384765625 708 512.94366455078125 308.03619384765625 75 483.70755004882812 309.61956787109375 195 202.61474609375 310.8121337890625 -1 341.57220458984375 311.12155151367188 -1 324.0792236328125 311.47415161132812 -1 53.966445922851562 311.79754638671875 -1 429.938720703125 313.940673828125 -1 434.57296752929688 323.37936401367188 -1 519.12188720703125 323.9915771484375 3 474.27383422851562 325.04501342773438 496 537.626220703125 327.12277221679688 268 513.38653564453125 331.66378784179688 269 492.49960327148438 332.04885864257812 252 435.121826171875 334.04415893554688 298 549.80657958984375 339.1143798828125 270 430.61053466796875 340.603271484375 -1 508.27590942382812 341.58432006835938 12 477.0076904296875 346.76614379882812 7 629.15667724609375 346.86865234375 -1 599.67047119140625 347.9757080078125 -1 465.54843139648438 348.74850463867188 8 428.88702392578125 349.1629638671875 -1 607.41668701171875 349.88375854492188 -1 500.77755737304688 354.5870361328125 491 464.37939453125 356.93411254882812 451 461.3580322265625 358.83953857421875 451 476.39523315429688 361.41729736328125 -1 473.00643920898438 362.1361083984375 -1 453.8798828125 367.90631103515625 325 459.71353149414062 371.13726806640625 299 427.88714599609375 372.25411987304688 -1 449.2669677734375 374.89016723632812 486 520.91552734375 375.3880615234375 -1 538.82928466796875 375.10372924804688 266 456.29998779296875 377.34091186523438 158 517.96563720703125 377.52798461914062 379 576.73455810546875 377.99542236328125 -1 19.623647689819336 380.7728271484375 -1 505.94107055664062 307.13290405273438 1 166.74172973632812 310.4705810546875 -1 517.39593505859375 313.43026733398438 355 151.4091796875 314.59371948242188 -1 210.73182678222656 314.37060546875 -1 250.69648742675781 314.64212036132812 -1 479.70565795898438 315.38638305664062 233 491.00778198242188 322.30538940429688 849 491.00778198242188 322.30538940429688 849 475.12158203125 336.52197265625 6 522.10137939453125 341.08200073242188 373 511.51919555664062 347.42147827148438 353 626.1329345703125 350.59591674804688 301 516.6309814453125 350.93963623046875 348 473.28851318359375 358.54067993164062 521 501.16558837890625 358.75796508789062 678 431.1007080078125 368.54141235351562 -1 454.39437866210938 373.447265625 -1 24.831363677978516 383.93276977539062 -1 450.24102783203125 389.33212280273438 303 546.10406494140625 390.14166259765625 16 554.421875 392.12185668945312 17 505.44082641601562 307.35647583007812 1 427.48910522460938 309.19265747070312 -1 94.226005554199219 310.26840209960938 -1 247.50357055664062 310.34759521484375 -1 276.11737060546875 310.01675415039062 -1 323.56365966796875 310.17022705078125 -1 330.4249267578125 310.20956420898438 -1 365.58950805664062 310.15625 -1 85.361305236816406 315.574462890625 -1 95.444435119628906 315.65936279296875 -1 520.2093505859375 319.06185913085938 24 505.97998046875 326.4744873046875 26 538.8511962890625 331.42178344726562 275 546.1220703125 334.85604858398438 -1 533.21807861328125 335.35513305664062 387 468.9129638671875 336.771728515625 29 524.05438232421875 336.26785278320312 398 477.01251220703125 341.66668701171875 13 477.01251220703125 341.66668701171875 14 522.1207275390625 341.21575927734375 373 463.1148681640625 343.7965087890625 31 463.1148681640625 343.7965087890625 32 471.24685668945312 348.45819091796875 33 471.24685668945312 348.45819091796875 34 506.0977783203125 349.73001098632812 35 471.32437133789062 354.02737426757812 521 555.75213623046875 357.96841430664062 258 501.482177734375 359.7869873046875 565 520.28009033203125 368.62591552734375 15 516.6348876953125 373.06454467773438 709 11.51710033416748 379.92535400390625 -1 553.89593505859375 391.65304565429688 17 95.745498657226562 430.49990844726562 -1 99.425941467285156 466.58834838867188 -1 230.33116149902344 309.50250244140625 -1 510.0372314453125 312.54425048828125 19 527.86566162109375 313.51284790039062 279 527.86566162109375 313.51284790039062 278 511.60302734375 319.38568115234375 23 511.60302734375 319.38568115234375 22 503.518310546875 320.27642822265625 25 513.71832275390625 326.30352783203125 27 513.71832275390625 326.30352783203125 28 461.35610961914062 336.44354248046875 39 522.85919189453125 359.53985595703125 40 533.244384765625 376.75872802734375 36 32.995784759521484 420.50161743164062 -1 61.645401000976562 309.37255859375 -1 441.36181640625 323.57675170898438 742 467.61264038085938 329.90670776367188 280 478.44863891601562 350.43600463867188 44 465.001220703125 352.85354614257812 45 529.71002197265625 353.546630859375 306 513.11297607421875 360.82684326171875 198 502.55526733398438 361.883544921875 307 527.92742919921875 370.650390625 281 527.92742919921875 370.650390625 46 55.06182861328125 419.67575073242188 -1 499.85467529296875 310.37551879882812 43 500.49856567382812 335.45755004882812 48 537.99908447265625 365.97991943359375 51 446.12832641601562 385.38153076171875 58 628.9971923828125 301.66146850585938 -1 494.90194702148438 312.81332397460938 53 494.90194702148438 312.81332397460938 52 465.50570678710938 318.16940307617188 55 452.6533203125 327.39227294921875 47 521.93231201171875 332.61004638671875 199 567.80596923828125 339.77471923828125 282 469.72952270507812 342.66110229492188 49 469.72952270507812 342.66110229492188 50 564.72174072265625 356.14791870117188 56 552.39111328125 366.6258544921875 57 540.0521240234375 382.77239990234375 62 607.60235595703125 394.65521240234375 63 488.0330810546875 343.88131713867188 59 530.5489501953125 347.67800903320312 60 567.7021484375 382.64093017578125 61 567.7021484375 382.64093017578125 283 483.32391357421875 323.88055419921875 65 483.32391357421875 323.88055419921875 64 443.12265014648438 351.25119018554688 284 445.68899536132812 295.18698120117188 289 60.708251953125 393.05416870117188 -1 561.4117431640625 407.19793701171875 308 78.58038330078125 448.18426513671875 -1 537.60980224609375 362.86904907226562 288 103.30134582519531 251.02972412109375 -1 
18 0.96807217705606785 0.21105241937413211 0.12757368790382387 -0.044923161519070665 1.2175810289140587 1.2025527904266766 0.28043729905124881 2 top_right_000008.jpg
505.6888427734375 297.46783447265625 367 495.61520385742188 301.360595703125 297 450.31869506835938 308.14398193359375 -1 397.81549072265625 311.03439331054688 -1 427.52493286132812 310.99386596679688 -1 432.00228881835938 311.076416015625 -1 435.87832641601562 310.9073486328125 338 90.438079833984375 311.822998046875 -1 505.40325927734375 312.00143432617188 365 437.08786010742188 313.56558227539062 -1 271.16943359375 314.14364624023438 -1 366.93719482421875 314.17526245117188 -1 387.81130981445312 313.91159057617188 -1 318.30032348632812 314.24960327148438 -1 324.45266723632812 314.46157836914062 -1 451.95126342773438 314.46438598632812 -1 475.6220703125 318.45523071289062 -1 518.23699951171875 320.06155395507812 3 518.23699951171875 320.06155395507812 4 432.81463623046875 325.69659423828125 -1 511.18133544921875 327.35452270507812 269 511.18133544921875 327.35452270507812 -1 493.52029418945312 327.83865356445312 252 562.93829345703125 327.94073486328125 -1 449.331298828125 328.465576171875 -1 434.5552978515625 330.54519653320312 -1 515.23443603515625 336.03485107421875 11 429.51751708984375 343.42724609375 -1 631.563232421875 343.89907836914062 -1 626.3477783203125 344.70709228515625 -1 495.93392944335938 354.89981079101562 -1 515.06072998046875 355.17111206054688 294 492.15042114257812 355.39523315429688 -1 518.671142578125 358.91314697265625 -1 463.15939331054688 361.6319580078125 264 460.73861694335938 365.16940307617188 299 2.3879284858703613 369.8348388671875 -1 538.2052001953125 371.19677734375 266 14.135045051574707 377.02069091796875 -1 20.525371551513672 381.44366455078125 -1 24.160310745239258 384.03750610351562 -1 523.57232666015625 384.68670654296875 359 540.3858642578125 385.45501708984375 357 540.47760009765625 387.96755981445312 -1 571.9417724609375 395.59207153320312 354 572.59820556640625 398.54168701171875 -1 86.035812377929688 425.17041015625 -1 483.57586669921875 306.1143798828125 195 279.38812255859375 310.87747192382812 -1 402.2479248046875 311.18374633789062 -1 213.56378173828125 314.12173461914062 -1 260.94784545898438 314.45590209960938 -1 528.579345703125 317.05953979492188 368 471.88137817382812 317.87466430664062 251 491.39215087890625 318.7633056640625 849 525.79229736328125 319.0218505859375 310 474.34201049804688 321.16836547851562 496 474.34201049804688 321.16836547851562 496 531.08453369140625 321.28347778320312 250 444.06195068359375 327.43072509765625 330 434.10049438476562 334.6358642578125 -1 498.91473388671875 336.99444580078125 -1 587.60302734375 337.88253784179688 255 587.08660888671875 341.12094116210938 334 476.98687744140625 343.25982666015625 7 465.798583984375 344.90475463867188 8 501.2747802734375 354.85882568359375 678 458.01663208007812 363.87139892578125 644 455.26876831054688 367.72714233398438 -1 517.15771484375 374.06890869140625 379 545.130126953125 386.46005249023438 16 625.69189453125 393.89596557617188 -1 96.168434143066406 432.05270385742188 -1 99.482559204101562 461.0977783203125 -1 562.62750244140625 307.70941162109375 -1 432.6597900390625 310.1356201171875 338 238.64677429199219 310.93508911132812 -1 286.77200317382812 311.0963134765625 -1 604.117919921875 310.82586669921875 -1 528.85906982421875 312.4552001953125 -1 197.40220642089844 314.32467651367188 -1 244.64204406738281 314.5216064453125 -1 568.798095703125 329.33395385742188 361 475.15701293945312 332.94912719726562 6 549.19512939453125 335.87930297851562 270 522.6207275390625 337.7275390625 373 509.2781982421875 337.76226806640625 12 597.9168701171875 340.9700927734375 371 510.47109985351562 342.88876342773438 353 609.37335205078125 343.568359375 312 430.87579345703125 358.63653564453125 -1 427.24603271484375 366.54110717773438 -1 456.78897094726562 373.27365112304688 158 553.08966064453125 388.5137939453125 17 100.63737487792969 456.58993530273438 -1 517.87890625 308.99020385742188 355 287.06121826171875 310.48046875 -1 300.27410888671875 310.37411499023438 -1 480.0452880859375 311.57876586914062 233 530.1082763671875 312.7615966796875 278 530.1082763671875 312.7615966796875 279 544.07672119140625 312.35357666015625 -1 204.19685363769531 314.70770263671875 -1 416.53341674804688 314.61874389648438 -1 431.38681030273438 314.270263671875 -1 506.19961547851562 322.89974975585938 26 546.2850341796875 331.76663208007812 -1 491.38479614257812 335.76846313476562 490 532.3079833984375 337.50396728515625 30 463.238525390625 340.05078125 31 463.238525390625 340.05078125 32 471.40652465820312 344.80694580078125 34 471.40652465820312 344.80694580078125 33 505.85760498046875 346.30322265625 35 472.86050415039062 350.23892211914062 521 519.91326904296875 364.95489501953125 15 611.99847412109375 398.50885009765625 -1 605.60064697265625 399.5233154296875 -1 32.985668182373047 420.5826416015625 -1 95.501518249511719 430.243408203125 -1 510.52960205078125 309.17837524414062 19 153.50917053222656 315.26791381835938 -1 511.92465209960938 316.02120971679688 23 511.92465209960938 316.02120971679688 22 520.2684326171875 315.57379150390625 24 520.2684326171875 315.57379150390625 -1 503.75198364257812 316.7904052734375 25 514.0274658203125 322.99337768554688 27 514.0274658203125 322.99337768554688 28 539.29437255859375 328.08590698242188 275 461.29049682617188 332.77243041992188 39 522.71990966796875 356.23184204101562 40 533.17535400390625 373.46807861328125 36 582.10601806640625 395.36285400390625 -1 347.49478149414062 309.368408203125 -1 15.880329132080078 310.17025756835938 -1 467.8966064453125 326.13858032226562 280 478.66009521484375 346.81378173828125 44 465.27169799804688 349.33999633789062 45 559.7264404296875 355.58807373046875 344 513.1895751953125 357.48318481445312 198 527.89410400390625 367.30068969726562 281 527.89410400390625 367.30068969726562 46 516.79132080078125 376.8846435546875 379 499.96954345703125 306.93411254882812 43 499.96954345703125 306.93411254882812 42 500.71575927734375 331.77301025390625 48 568.68255615234375 336.70703125 282 537.46136474609375 362.56570434570312 51 445.90518188476562 381.650634765625 58 607.31768798828125 391.986572265625 63 452.82363891601562 323.56198120117188 47 522.26409912109375 329.28961181640625 199 469.802734375 339.05343627929688 49 564.31976318359375 353.19659423828125 56 552.38385009765625 363.0213623046875 57 552.38385009765625 363.0213623046875 -1 539.93756103515625 379.59283447265625 62 543.02685546875 317.07421875 322 543.02685546875 317.07421875 321 488.11456298828125 340.3076171875 59 531.23809814453125 344.41940307617188 60 581.30975341796875 365.777587890625 320 507.29867553710938 375.89474487304688 752 568.595703125 379.39474487304688 61 568.595703125 379.39474487304688 283 483.49880981445312 320.22235107421875 64 483.49880981445312 320.22235107421875 65 442.85842895507812 347.6922607421875 284 603.3232421875 372.45263671875 324 63.932380676269531 394.83108520507812 -1 78.664215087890625 447.91607666015625 -1 537.76226806640625 359.68777465820312 288 104.4013671875 251.003173828125 -1 
19 0.96909297787587056 0.20209266271025444 0.13266926870729742 -0.049155071468034654 0.52834241474053567 0.47974616537617726 0.38667658495720147 2 top_right_000009.jpg
493.98422241210938 306.123779296875 -1 549.41375732421875 308.73886108398438 -1 201.92677307128906 310.9085693359375 -1 453.58245849609375 310.96661376953125 290 481.33047485351562 310.91372680664062 -1 569.24420166015625 311.14559936523438 -1 573.45623779296875 311.14248657226562 -1 197.51821899414062 311.76132202148438 -1 213.46981811523438 311.2943115234375 -1 285.59829711914062 311.40493774414062 -1 197.85911560058594 314.1729736328125 -1 298.49948120117188 314.02871704101562 -1 390.846435546875 313.82000732421875 -1 324.94808959960938 314.41629028320312 -1 358.538818359375 314.49163818359375 -1 550.97039794921875 329.6375732421875 292 476.33587646484375 338.18173217773438 -1 507.94903564453125 338.58792114257812 12 527.7705078125 338.37164306640625 356 458.10964965820312 342.50930786132812 485 469.1234130859375 350.576171875 -1 521.4510498046875 370.54141235351562 391 10.684925079345703 374.8814697265625 -1 429.15008544921875 381.669921875 658 537.5574951171875 386.51922607421875 357 31.606693267822266 388.85369873046875 -1 578.55218505859375 401.1461181640625 314 497.693603515625 304.853759765625 326 506.6932373046875 305.26763916015625 1 472.56207275390625 309.35775756835938 247 503.89938354492188 313.54248046875 365 413.836181640625 314.0888671875 -1 276.27593994140625 314.56057739257812 -1 313.33334350585938 314.66574096679688 -1 329.88314819335938 314.48831176757812 -1 473.29498291015625 323.16400146484375 496 474.69692993164062 326.8729248046875 -1 545.61767578125 328.98681640625 292 525.6683349609375 335.89727783203125 398 428.67529296875 344.59649658203125 -1 476.0562744140625 344.89682006835938 7 464.49078369140625 347.02801513671875 8 621.974365234375 349.09466552734375 -1 496.43801879882812 349.9937744140625 -1 464.07635498046875 354.95419311523438 -1 460.7657470703125 356.52630615234375 451 426.75421142578125 358.4061279296875 450 480.37649536132812 358.7816162109375 295 464.50823974609375 361.858642578125 264 519.79449462890625 373.50564575195312 -1 537.16534423828125 373.68759155273438 266 517.75787353515625 375.8629150390625 379 577.554443359375 376.96609497070312 -1 17.595008850097656 379.03347778320312 -1 526.0555419921875 388.13345336914062 359 545.61614990234375 388.4638671875 16 536.57171630859375 389.039306640625 166 620.60400390625 398.126953125 277 591.06414794921875 402.11129760742188 417 435.87921142578125 309.92617797851562 338 105.5654296875 311.13937377929688 -1 246.41476440429688 310.74624633789062 -1 299.53451538085938 310.91204833984375 -1 87.407051086425781 311.27798461914062 -1 591.5994873046875 311.41744995117188 -1 516.3140869140625 311.92434692382812 355 478.76385498046875 313.82461547851562 233 208.96598815917969 314.51663208007812 -1 298.34075927734375 314.41787719726562 -1 490.10568237304688 320.93780517578125 849 490.10568237304688 320.93780517578125 849 529.879638671875 323.06558227539062 250 529.879638671875 323.06558227539062 -1 536.6212158203125 325.20120239257812 268 566.63031005859375 330.53887939453125 361 545.19439697265625 333.2120361328125 -1 473.99508666992188 335.03582763671875 6 433.60809326171875 336.56814575195312 298 509.33935546875 345.06051635742188 353 600.1259765625 347.01422119140625 -1 491.61105346679688 349.95867919921875 431 499.03924560546875 352.91036987304688 491 500.0323486328125 357.02001953125 678 463.95391845703125 358.61087036132812 362 508.55032348632812 364.39404296875 265 452.07009887695312 373.60983276367188 -1 454.88809204101562 377.3531494140625 158 452.46731567382812 381.97427368164062 555 27.286869049072266 385.5870361328125 -1 448.67044067382812 387.88339233398438 303 32.245559692382812 388.54193115234375 -1 632.083251953125 399.57803344726562 -1 105.4625244140625 310.72085571289062 -1 299.83901977539062 310.7490234375 -1 344.47024536132812 310.2684326171875 474 36.232231140136719 311.12216186523438 -1 44.4898681640625 311.46725463867188 -1 516.5892333984375 311.69937133789062 355 545.71044921875 312.90762329101562 366 478.923095703125 313.65560913085938 233 19.841928482055664 316.76611328125 -1 510.90994262695312 317.86599731445312 23 510.90994262695312 317.86599731445312 22 505.1265869140625 324.8333740234375 26 537.7239990234375 329.75259399414062 275 545.22991943359375 333.19998168945312 -1 467.8450927734375 334.87518310546875 29 476.0224609375 339.90426635742188 13 476.0224609375 339.90426635742188 14 521.427734375 339.83023071289062 373 462.35751342773438 341.89422607421875 31 462.35751342773438 341.89422607421875 32 470.26028442382812 346.53704833984375 33 470.26028442382812 346.53704833984375 34 600.2344970703125 347.43853759765625 -1 505.16061401367188 348.15133666992188 35 622.12164306640625 349.3038330078125 301 470.34356689453125 352.17376708984375 521 499.911865234375 357.46255493164062 -1 518.638671875 366.55117797851562 15 515.3392333984375 371.50607299804688 709 532.2711181640625 375.07537841796875 36 551.69012451171875 389.86349487304688 17 33.323768615722656 421.149169921875 -1 33.323768615722656 421.149169921875 -1 307.4696044921875 309.58236694335938 -1 359.07022094726562 309.3143310546875 -1 63.761993408203125 310.2886962890625 -1 509.29568481445312 311.00039672851562 19 570.91058349609375 312.236328125 -1 528.73577880859375 313.43032836914062 278 528.73577880859375 313.43032836914062 279 207.68693542480469 315.44711303710938 -1 519.23443603515625 317.39044189453125 24 502.58453369140625 318.62564086914062 25 512.744140625 324.63507080078125 27 512.744140625 324.63507080078125 28 530.97528076171875 333.4439697265625 387 460.34121704101562 334.6016845703125 39 581.99932861328125 336.36691284179688 255 521.864013671875 358.01571655273438 40 95.980979919433594 430.29074096679688 -1 440.26419067382812 321.97744750976562 742 466.73080444335938 328.10409545898438 280 466.73080444335938 328.10409545898438 -1 477.70294189453125 348.32437133789062 44 464.08538818359375 351.15020751953125 45 512.0589599609375 359.12628173828125 198 502.13201904296875 361.11346435546875 307 526.87841796875 368.92953491210938 281 526.87841796875 368.92953491210938 46 499.0128173828125 308.82247924804688 43 499.0128173828125 308.82247924804688 42 499.54293823242188 333.68798828125 48 566.997314453125 338.2130126953125 282 536.498291015625 364.24014282226562 51 445.08755493164062 383.52264404296875 58 493.08773803710938 311.69845581054688 53 493.08773803710938 311.69845581054688 52 464.24563598632812 316.29620361328125 55 451.75244140625 325.489501953125 47 520.78656005859375 331.0853271484375 199 468.729736328125 340.92251586914062 49 563.67791748046875 354.39730834960938 56 551.55810546875 365.32040405273438 57 606.44256591796875 393.14260864257812 63 477.20785522460938 305.40972900390625 347 487.0650634765625 342.27996826171875 59 529.482666015625 346.1373291015625 60 538.97314453125 381.51248168945312 62 566.90484619140625 381.19363403320312 61 566.90484619140625 381.19363403320312 283 481.06201171875 323.14419555664062 64 481.06201171875 323.14419555664062 65 442.08920288085938 349.28863525390625 284 606.673095703125 389.06204223632812 -1 588.0543212890625 323.89871215820312 285 441.27117919921875 294.752685546875 289 64.0908203125 392.64309692382812 -1 560.48272705078125 407.4293212890625 308 78.554718017578125 447.69058227539062 -1 536.58233642578125 361.97457885742188 288 105.49150085449219 251.03488159179688 -1 
20 0.96777214909204046 0.21108627834054322 0.12797235084827779 -0.049826980206285544 1.0291001690285817 1.4760903596399031 0.28920687519353355 2 top_right_000010.jpg
473.54302978515625 310.66180419921875 247 208.51298522949219 311.02175903320312 -1 578.14080810546875 311.02154541015625 -1 481.88333129882812 312.39862060546875 -1 475.18807983398438 312.970947265625 -1 297.87313842773438 314.08050537109375 -1 375.64361572265625 313.9512939453125 -1 399.515625 313.7447509765625 436 504.99465942382812 315.0325927734375 365 504.99465942382812 315.0325927734375 249 442.04034423828125 315.85821533203125 -1 507.60531616210938 316.85833740234375 463 507.60531616210938 316.85833740234375 365 451.55401611328125 318.23394775390625 -1 525.48736572265625 320.50753784179688 -1 528.71630859375 320.61380004882812 250 471.41885375976562 321.730712890625 251 444.53036499023438 323.18292236328125 -1 554.90765380859375 328.84942626953125 -1 492.95819091796875 331.09573364257812 252 435.04962158203125 331.24618530273438 -1 563.90167236328125 333.93948364257812 253 556.9423828125 334.44757080078125 254 585.19024658203125 340.27694702148438 255 510.5802001953125 347.94097900390625 348 431.52456665039062 349.93368530273438 -1 518.388427734375 352.36102294921875 257 430.78533935546875 356.19961547851562 -1 554.9031982421875 356.04486083984375 258 460.6220703125 359.6522216796875 451 466.14340209960938 362.6143798828125 264 428.49740600585938 376.49139404296875 259 451.55789184570312 384.59237670898438 -1 546.9998779296875 393.05160522460938 159 575.0740966796875 398.91949462890625 354 571.17449951171875 401.09518432617188 260 603.32781982421875 401.88333129882812 -1 73.782356262207031 415.38873291015625 -1 97.148231506347656 473.71890258789062 -1 483.14801025390625 309.365234375 195 400.03451538085938 310.99978637695312 -1 300.4561767578125 311.49923706054688 -1 546.68267822265625 311.56106567382812 -1 490.7869873046875 322.0963134765625 849 490.7869873046875 322.0963134765625 849 473.99807739257812 324.71926879882812 496 502.84912109375 325.60873413085938 262 502.84912109375 325.60873413085938 -1 433.01358032226562 327.6116943359375 -1 431.91397094726562 332.2718505859375 -1 555.495849609375 337.332763671875 -1 463.38812255859375 338.48727416992188 506 631.30963134765625 346.26382446289062 -1 476.7166748046875 346.65264892578125 7 463.4847412109375 356.95834350585938 451 427.83245849609375 357.65829467773438 450 501.171142578125 357.55877685546875 678 493.23159790039062 359.06524658203125 -1 485.068603515625 360.11453247070312 -1 478.94253540039062 360.71514892578125 263 474.33572387695312 361.58111572265625 -1 459.0836181640625 365.53988647460938 644 462.86447143554688 365.34933471679688 264 510.12283325195312 365.83770751953125 265 6.2454862594604492 371.85568237304688 -1 538.27874755859375 374.58575439453125 266 538.27874755859375 374.58575439453125 267 520.5911865234375 374.92422485351562 -1 17.998050689697266 379.28811645507812 -1 545.7960205078125 389.86453247070312 16 537.34661865234375 390.51849365234375 166 95.633094787597656 432.0926513671875 -1 101.43545532226562 449.73605346679688 -1 506.82376098632812 306.7105712890625 1 140.66902160644531 310.4912109375 -1 517.04876708984375 313.32977294921875 355 156.25015258789062 314.55520629882812 -1 479.69390869140625 315.090087890625 233 530.9154052734375 324.88427734375 -1 530.9154052734375 324.88427734375 250 540.0855712890625 326.40008544921875 268 513.67254638671875 331.58447265625 269 545.98016357421875 334.61825561523438 -1 474.99456787109375 336.51870727539062 6 548.63861083984375 338.44866943359375 270 508.63775634765625 340.931884765625 12 606.07086181640625 349.07022094726562 271 515.94903564453125 354.52224731445312 272 496.95852661132812 354.90350341796875 491 448.393798828125 375.1339111328125 486 456.5048828125 377.32186889648438 158 517.90240478515625 377.95233154296875 379 24.313125610351562 388.1314697265625 -1 531.771484375 389.67379760742188 166 631.53802490234375 400.21710205078125 -1 610.23272705078125 400.92483520507812 -1 104.42208862304688 310.36221313476562 -1 32.596931457519531 311.4677734375 -1 103.37734985351562 315.43051147460938 -1 520.01953125 318.7908935546875 24 505.78765869140625 325.85760498046875 26 538.266357421875 330.83880615234375 275 545.893310546875 334.61553955078125 -1 468.72946166992188 336.63058471679688 29 476.70623779296875 341.41351318359375 13 476.70623779296875 341.41351318359375 14 462.87936401367188 343.49884033203125 31 462.87936401367188 343.49884033203125 32 471.00936889648438 348.2431640625 33 471.00936889648438 348.2431640625 34 464.76092529296875 349.0416259765625 8 505.44796752929688 349.49224853515625 35 520.02655029296875 368.33245849609375 15 516.24151611328125 372.71783447265625 709 553.14898681640625 391.19509887695312 17 619.4912109375 395.52987670898438 369 618.36370849609375 400.39675903320312 277 609.95050048828125 401.212646484375 -1 187.43435668945312 309.35198974609375 -1 56.374160766601562 310.43511962890625 -1 528.9560546875 313.59432983398438 278 528.9560546875 313.59432983398438 279 503.28192138671875 320.0369873046875 25 511.44708251953125 319.01202392578125 23 511.44708251953125 319.01202392578125 22 513.489990234375 325.93466186523438 27 513.489990234375 325.93466186523438 28 530.51043701171875 334.46450805664062 387 460.92428588867188 336.17056274414062 39 522.58203125 359.4312744140625 40 532.81170654296875 376.60443115234375 36 30.491052627563477 386.14300537109375 -1 271.75283813476562 308.78448486328125 -1 467.31097412109375 329.74285888671875 280 478.15252685546875 350.06072998046875 44 464.8743896484375 352.70181274414062 45 513.052490234375 360.68075561523438 198 527.69573974609375 370.43704223632812 46 527.69573974609375 370.43704223632812 281 500.37701416015625 309.78933715820312 43 500.37701416015625 309.78933715820312 42 500.16848754882812 335.11251831054688 48 567.8544921875 339.30584716796875 282 537.9600830078125 365.737060546875 51 446.12841796875 384.94815063476562 58 607.33831787109375 394.2559814453125 63 494.26312255859375 312.83071899414062 53 494.26312255859375 312.83071899414062 52 464.48062133789062 317.45269775390625 55 464.48062133789062 317.45269775390625 54 452.38330078125 327.11654663085938 47 521.42340087890625 332.30618286132812 199 469.4478759765625 342.40975952148438 49 563.72210693359375 356.19024658203125 56 552.44171142578125 366.4542236328125 57 514.4993896484375 381.76535034179688 572 539.611083984375 382.71023559570312 62 487.86422729492188 343.7425537109375 59 531.02691650390625 347.42276000976562 60 567.7464599609375 382.44857788085938 61 567.7464599609375 382.44857788085938 283 568.59234619140625 381.88714599609375 61 568.59234619140625 381.88714599609375 283 483.00579833984375 323.52102661132812 64 483.00579833984375 323.52102661132812 65 442.9593505859375 351.29541015625 284 587.663818359375 323.79119873046875 285 64.117362976074219 395.30136108398438 -1 78.818000793457031 447.74832153320312 -1 437.45458984375 288.76461791992188 -1 537.59014892578125 362.25955200195312 288 105.86960601806641 250.8890380859375 -1 
21 0.98783948549415057 0.14379022444516434 0.055110413806804752 -0.021456107352079749 -3.0089225697985906 -2.6203653157560312 -3.1408768787020294 3 bot_left_000001.jpg
369.209716796875 161.3876953125 297 357.68106079101562 163.76661682128906 573 318.36514282226562 169.72340393066406 550 327.68411254882812 170.09738159179688 290 388.70718383789062 171.72526550292969 2 311.92111206054688 173.02035522460938 575 348.947265625 174.59989929199219 374 342.55795288085938 176.9544677734375 251 382.96417236328125 178.31990051269531 3 382.96417236328125 178.31990051269531 4 368.9659423828125 180.53518676757812 262 346.972900390625 196.01063537597656 418 374.92095947265625 200.90480041503906 348 84.714584350585938 231.127685546875 -1 52.501609802246094 232.93022155761719 -1 297.07110595703125 233.46243286132812 259 308.6514892578125 248.75785827636719 467 409.36825561523438 249.45964050292969 -1 479.79153442382812 250.98725891113281 -1 494.45718383789062 251.079345703125 -1 340.878662109375 165.41539001464844 525 328.16250610351562 167.20265197753906 549 347.23388671875 167.81423950195312 339 334.80865478515625 169.4461669921875 462 371.95132446289062 171.04405212402344 365 308.33346557617188 176.31741333007812 -1 358.34088134765625 177.69764709472656 849 358.34088134765625 177.69764709472656 849 342.10052490234375 180.01103210449219 496 342.10052490234375 180.01103210449219 -1 359.99874877929688 181.13081359863281 495 341.52114868164062 190.31816101074219 6 359.77853393554688 191.11595153808594 458 342.319580078125 200.11381530761719 7 331.25296020507812 202.03739929199219 8 378.4835205078125 202.85163879394531 348 436.75228881835938 226.51809692382812 395 280.39520263671875 230.01345825195312 -1 145.08576965332031 232.62374877929688 -1 562.02960205078125 250.99494934082031 -1 443.0958251953125 257.08203125 314 3.6308541297912598 372.07107543945312 -1 7.0459184646606445 372.33279418945312 -1 222.27679443359375 477.71823120117188 488 337.23348999023438 165.95684814453125 525 354.43148803710938 167.47036743164062 195 341.22216796875 169.07316589355469 247 348.01229858398438 171.37161254882812 233 375.9903564453125 189.45907592773438 392 392.40533447265625 192.97453308105469 30 372.4722900390625 193.60958862304688 12 383.728759765625 193.76945495605469 373 343.22061157226562 194.9937744140625 13 343.22061157226562 194.9937744140625 14 352.15725708007812 205.49493408203125 -1 317.2879638671875 223.23561096191406 325 171.31597900390625 227.96705627441406 -1 401.2552490234375 228.73583984375 267 384.37173461914062 230.20831298828125 709 97.430244445800781 230.38981628417969 -1 167.97738647460938 232.05899047851562 -1 410.11282348632812 246.1495361328125 16 616.60272216796875 248.70661926269531 -1 513.14837646484375 251.52424621582031 -1 340.80584716796875 169.45222473144531 247 377.13296508789062 169.1973876953125 19 377.13296508789062 169.1973876953125 20 384.34280395507812 169.06593322753906 355 353.04800415039062 174.40472412109375 21 370.21237182617188 175.6761474609375 25 370.21237182617188 175.6761474609375 25 377.99969482421875 175.09689331054688 22 377.99969482421875 175.09689331054688 23 386.09378051757812 175.16062927246094 24 364.33795166015625 178.50679016113281 568 310.52398681640625 180.4193115234375 742 372.11837768554688 181.65486145019531 26 379.26925659179688 181.30406188964844 27 379.26925659179688 181.30406188964844 28 335.90145874023438 190.81016540527344 29 329.6422119140625 197.21298217773438 31 329.6422119140625 197.21298217773438 32 370.25119018554688 202.62017822265625 35 383.99078369140625 222.08103942871094 15 395.88116455078125 230.58030700683594 36 395.88116455078125 230.58030700683594 37 132.56893920898438 233.79438781738281 -1 607.58819580078125 245.185302734375 -1 416.213623046875 247.4014892578125 17 602.7403564453125 250.88859558105469 -1 561.9609375 251.56423950195312 -1 324.95193481445312 172.09922790527344 414 382.10818481445312 187.961181640625 494 328.53024291992188 190.46290588378906 39 404.45346069335938 190.4346923828125 423 386.99127197265625 212.81044006347656 40 329.8292236328125 214.32814025878906 362 230.22972106933594 225.22135925292969 -1 98.115760803222656 229.34199523925781 545 593.502685546875 251.63044738769531 -1 503.19903564453125 252.21246337890625 503 369.05142211914062 167.08512878417969 43 369.05142211914062 167.08512878417969 42 335.80029296875 184.12037658691406 280 424.16543579101562 192.51507568359375 475 424.16543579101562 192.51507568359375 476 344.11004638671875 203.60469055175781 44 344.11004638671875 203.60469055175781 477 331.75967407226562 206.07998657226562 45 379.28707885742188 215.62960815429688 198 379.28707885742188 215.62960815429688 558 293.18099975585938 223.09779357910156 -1 390.963134765625 224.73576354980469 281 327.29498291015625 231.97186279296875 727 321.00750732421875 181.84774780273438 47 387.613037109375 186.19200134277344 199 364.89663696289062 188.37992858886719 48 335.88504028320312 196.20477294921875 49 335.88504028320312 196.20477294921875 50 407.33349609375 209.40702819824219 99 407.33349609375 209.40702819824219 480 400.2901611328125 219.66162109375 51 292.13864135742188 221.91676330566406 -1 359.0977783203125 233.26353454589844 -1 402.4212646484375 250.61405944824219 166 361.4425048828125 170.79052734375 53 361.4425048828125 170.79052734375 52 422.5965576171875 206.30154418945312 56 415.90957641601562 222.61239624023438 57 378.03497314453125 235.21659851074219 752 314.30703735351562 238.46096801757812 58 335.76187133789062 176.23214721679688 55 335.76187133789062 176.23214721679688 54 353.60848999023438 197.84684753417969 59 393.13125610351562 202.248291015625 60 439.1339111328125 218.19435119628906 320 428.763427734375 235.83976745605469 61 402.13189697265625 238.40119934082031 62 460.15805053710938 245.91752624511719 63 402.55670166015625 238.56887817382812 -1 347.63092041015625 180.77630615234375 64 347.63092041015625 180.77630615234375 65 312.50509643554688 204.93484497070312 483 445.86785888671875 211.6646728515625 484 519.77398681640625 214.05413818359375 66 519.77398681640625 214.05413818359375 524 
22 0.98775185543207655 0.14324273928883469 0.056379555460752163 -0.025478136854350911 -2.413417918168594 -2.6246304285448443 -3.1989677175510223 3 bot_left_000002.jpg
383.6439208984375 161.91767883300781 497 377.885986328125 162.60771179199219 297 393.968017578125 164.05146789550781 508 361.70956420898438 164.94227600097656 -1 377.5701904296875 165.4080810546875 326 368.96652221679688 167.0252685546875 -1 364.66958618164062 167.58464050292969 195 330.14678955078125 170.41598510742188 550 365.73712158203125 171.12643432617188 352 327.62307739257812 171.89471435546875 713 400.43606567382812 171.90843200683594 2 326.5472412109375 175.73721313476562 464 380.77862548828125 180.93051147460938 262 381.11892700195312 184.03488159179688 -1 324.7769775390625 186.64921569824219 330 371.97125244140625 191.21989440917969 458 397.27618408203125 191.04544067382812 398 387.37722778320312 201.48321533203125 348 425.98480224609375 208.02510070800781 258 364.04010009765625 214.62535095214844 -1 303.1337890625 226.72685241699219 -1 122.11589050292969 229.53031921386719 -1 137.94769287109375 232.21533203125 -1 397.04757690429688 234.38772583007812 379 333.07211303710938 242.09297180175781 -1 321.77188110351562 249.1419677734375 459 617.04022216796875 249.11720275878906 -1 492.40988159179688 251.00230407714844 -1 504.16860961914062 251.00578308105469 -1 486.0115966796875 251.6064453125 277 482.05133056640625 252.12649536132812 510 433.93215942382812 253.10493469238281 501 350.83749389648438 166.60830688476562 525 359.76031494140625 168.65545654296875 339 353.9466552734375 169.4117431640625 247 349.220947265625 169.94879150390625 511 370.4361572265625 178.20437622070312 849 370.4361572265625 178.20437622070312 -1 354.19863891601562 180.66279602050781 496 354.19863891601562 180.66279602050781 496 327.12265014648438 185.00595092773438 -1 346.03250122070312 187.50946044921875 400 369.0284423828125 190.0487060546875 490 353.87673950195312 190.9864501953125 6 390.71759033203125 192.81607055664062 11 355.04641723632812 200.65182495117188 7 309.15667724609375 214.44241333007812 -1 308.86767578125 218.52815246582031 450 348.91171264648438 229.60598754882812 -1 288.25894165039062 229.78565979003906 -1 213.53956604003906 230.49174499511719 -1 326.56268310546875 250.09806823730469 459 424.17953491210938 250.51986694335938 507 510.62380981445312 251.55950927734375 -1 452.29217529296875 256.73052978515625 314 385.106201171875 165.10977172851562 1 360.19076538085938 172.14071655273438 233 357.22079467773438 175.9302978515625 91 405.07962036132812 193.19349670410156 30 384.76715087890625 193.7259521484375 12 395.99954223632812 194.13003540039062 373 355.50689697265625 195.62548828125 13 355.50689697265625 195.62548828125 14 392.10296630859375 203.63168334960938 348 450.09320068359375 226.40867614746094 395 414.08978271484375 229.15788269042969 266 414.08978271484375 229.15788269042969 267 313.46963500976562 236.81304931640625 433 313.46963500976562 236.81304931640625 512 415.4473876953125 248.57872009277344 513 498.67303466796875 251.4952392578125 -1 4.8201446533203125 378.82748413085938 540 366.41558837890625 168.20675659179688 195 389.21826171875 169.65800476074219 19 389.21826171875 169.65800476074219 20 396.12542724609375 169.19813537597656 355 396.12542724609375 169.19813537597656 -1 389.88446044921875 175.47502136230469 22 389.88446044921875 175.47502136230469 23 398.31597900390625 175.60264587402344 24 382.47894287109375 176.12153625488281 25 391.54916381835938 181.69462585449219 27 391.54916381835938 181.69462585449219 28 384.51055908203125 182.03610229492188 26 348.2227783203125 191.42788696289062 29 405.135986328125 193.41824340820312 30 341.93072509765625 197.71458435058594 31 341.93072509765625 197.71458435058594 32 349.38204956054688 201.83326721191406 33 349.38204956054688 201.83326721191406 34 309.13607788085938 208.20065307617188 -1 350.56979370117188 212.37274169921875 521 396.5753173828125 222.488037109375 15 251.73295593261719 225.46484375 -1 297.70025634765625 225.14976501464844 -1 307.55947875976562 225.0618896484375 553 250.2490234375 230.6341552734375 -1 279.0643310546875 230.64404296875 -1 300.60348510742188 230.83460998535156 -1 408.78952026367188 230.51388549804688 36 408.78952026367188 230.51388549804688 37 54.648143768310547 232.09223937988281 -1 157.16001892089844 232.7237548828125 523 73.30535888671875 236.62892150878906 -1 624.7000732421875 249.88388061523438 -1 336.54635620117188 172.81912231445312 414 322.58358764648438 181.654296875 742 393.84609985351562 188.37947082519531 494 341.00442504882812 190.944091796875 39 416.22607421875 190.92219543457031 423 399.77804565429688 213.35260009765625 40 392.13427734375 216.17544555664062 558 392.13427734375 216.17544555664062 198 178.00936889648438 226.52113342285156 -1 339.59976196289062 231.0653076171875 727 12.441339492797852 234.11155700683594 -1 429.21908569335938 247.72235107421875 17 630.17724609375 249.52824401855469 492 381.05075073242188 167.62846374511719 43 381.05075073242188 167.62846374511719 42 347.83938598632812 184.6031494140625 280 437.36856079101562 192.483154296875 475 437.36856079101562 192.483154296875 476 356.57809448242188 204.18894958496094 44 356.57809448242188 204.18894958496094 477 344.29861450195312 206.62422180175781 45 403.84481811523438 224.95977783203125 281 403.84481811523438 224.95977783203125 46 395.9691162109375 237.31222534179688 379 333.1356201171875 182.59861755371094 47 399.91867065429688 186.51202392578125 199 377.32260131835938 188.84898376464844 48 348.45526123046875 196.83074951171875 49 348.45526123046875 196.83074951171875 50 420.1485595703125 209.46025085449219 99 420.1485595703125 209.46025085449219 480 412.68374633789062 219.28741455078125 51 373.67660522460938 171.15591430664062 52 373.67660522460938 171.15591430664062 53 347.51455688476562 176.48011779785156 55 347.51455688476562 176.48011779785156 54 434.53067016601562 207.32734680175781 56 428.849609375 222.56922912597656 57 327.50201416015625 238.67979431152344 58 366.11474609375 198.52780151367188 59 405.54733276367188 202.266845703125 60 388.76797485351562 235.51698303222656 752 442.39132690429688 236.34002685546875 61 414.5784912109375 239.00395202636719 62 473.84445190429688 245.86344909667969 63 300.2486572265625 215.48443603515625 577 473.15225219726562 245.55885314941406 519 359.95559692382812 181.00166320800781 64 359.95559692382812 181.00166320800781 65 324.94461059570312 205.85105895996094 483 458.78286743164062 211.50202941894531 484 593.8165283203125 202.76321411132812 -1 593.8165283203125 202.76321411132812 -1 
23 0.98801983544484462 0.14068126820148824 0.057935010004612236 -0.025867357045677507 -2.4247008035161031 -2.6238646471120073 -3.0920734031863004 3 bot_left_000003.jpg
385.35018920898438 165.19023132324219 497 388.55560302734375 165.47383117675781 460 371.14785766601562 167.34114074707031 573 381.76568603515625 168.04997253417969 326 389.8033447265625 167.9771728515625 1 392.71597290039062 168.76832580566406 708 392.71597290039062 168.76832580566406 75 370.38723754882812 170.06922912597656 -1 332.38034057617188 173.76885986328125 550 339.78128051757812 173.81581115722656 290 326.15298461914062 177.32159423828125 575 362.5811767578125 178.65350341796875 374 320.43136596679688 183.04780578613281 -1 373.32858276367188 185.43321228027344 495 373.964111328125 194.57510375976562 458 314.095458984375 219.42948913574219 -1 59.288238525390625 232.9482421875 -1 490.95980834960938 251.31434631347656 369 508.483642578125 253.919677734375 -1 361.815673828125 171.63072204589844 339 355.6458740234375 172.5927734375 247 333.50347900390625 176.6058349609375 464 372.29693603515625 181.60025024414062 849 372.29693603515625 181.60025024414062 849 356.283935546875 183.83720397949219 496 356.283935546875 183.83720397949219 496 329.03387451171875 188.35337829589844 -1 392.86044311523438 189.84439086914062 269 371.3302001953125 191.68800354003906 252 400.63180541992188 193.8878173828125 398 355.6806640625 194.36419677734375 6 398.03189086914062 197.14166259765625 373 339.71728515625 200.57852172851562 485 356.8426513671875 204.01185607910156 7 389.79638671875 204.57237243652344 348 135.02951049804688 229.39935302734375 -1 330.08566284179688 232.07989501953125 486 416.01364135742188 232.45262145996094 266 115.32349395751953 233.79539489746094 -1 311.1717529296875 235.7525634765625 259 562.01416015625 250.86471557617188 487 563.1829833984375 253.98210144042969 -1 432.04647827148438 255.49214172363281 507 475.40469360351562 257.41864013671875 -1 3.5759680271148682 359.57669067382812 -1 5.3147993087768555 376.29873657226562 -1 3.798987865447998 383.57354736328125 -1 544.90484619140625 477.76052856445312 488 361.9149169921875 175.40736389160156 233 399.27752685546875 183.72592163085938 3 371.10604858398438 196.63626098632812 490 386.51773071289062 196.98171997070312 12 357.422607421875 198.9632568359375 13 357.422607421875 198.9632568359375 14 345.83010864257812 206.71900939941406 8 381.09793090820312 211.17500305175781 491 356.17620849609375 226.045166015625 -1 376.13943481445312 225.96031188964844 -1 100.90994262695312 229.92608642578125 -1 280.38751220703125 229.99177551269531 -1 399.03750610351562 233.8145751953125 709 314.96224975585938 238.36366271972656 433 425.74142456054688 250.07170104980469 16 630.1708984375 251.60194396972656 492 432.50714111328125 252.09199523925781 17 582.4913330078125 254.16357421875 -1 391.11029052734375 172.90846252441406 19 391.11029052734375 172.90846252441406 20 398.10012817382812 173.04240417480469 355 391.9210205078125 178.65383911132812 22 391.9210205078125 178.65383911132812 23 400.19100952148438 178.80630493164062 24 384.19671630859375 179.36782836914062 25 378.33023071289062 182.309326171875 568 393.36639404296875 184.96051025390625 27 393.36639404296875 184.96051025390625 28 386.37527465820312 185.32040405273438 26 419.24935913085938 193.84831237792969 423 350.22787475585938 194.71185302734375 29 343.9168701171875 201.17601013183594 31 343.9168701171875 201.17601013183594 32 351.4393310546875 205.25201416015625 33 351.4393310546875 205.25201416015625 34 384.11773681640625 206.26841735839844 35 355.794921875 225.97923278808594 493 376.0859375 225.63209533691406 -1 100.89022064208984 229.8306884765625 -1 111.06575775146484 229.59243774414062 455 242.3465576171875 230.82095336914062 -1 273.03567504882812 230.60227966308594 -1 280.29769897460938 229.92965698242188 -1 287.994140625 230.42312622070312 -1 109.22248840332031 234.81538391113281 -1 410.73373413085938 234.13929748535156 36 410.73373413085938 234.13929748535156 37 403.19277954101562 247.40757751464844 556 413.18093872070312 251.903564453125 166 431.94503784179688 251.54191589355469 17 582.81024169921875 254.44793701171875 -1 468.387939453125 260.54815673828125 417 365.6351318359375 180.56602478027344 21 324.34454345703125 185.51332092285156 742 396.13397216796875 191.619873046875 494 343.10333251953125 194.2962646484375 39 401.32708740234375 216.39593505859375 40 433.59286499023438 215.97213745117188 344 237.67884826660156 225.17225646972656 -1 342.6767578125 231.21430969238281 299 94.955162048339844 235.86935424804688 -1 621.60784912109375 253.78239440917969 560 598.3680419921875 254.64207458496094 -1 382.92578125 170.89041137695312 43 382.92578125 170.89041137695312 42 349.90194702148438 188.13775634765625 280 438.45004272460938 195.44143676757812 475 438.45004272460938 195.44143676757812 476 358.70986938476562 207.47637939453125 44 358.70986938476562 207.47637939453125 477 393.91201782226562 219.52581787109375 198 308.38442993164062 223.11563110351562 574 405.84030151367188 228.28025817871094 281 405.84030151367188 228.28025817871094 46 397.98419189453125 240.62042236328125 379 335.03985595703125 185.91426086425781 47 401.97998046875 189.71051025390625 199 379.30752563476562 192.12794494628906 48 350.39785766601562 200.14468383789062 49 350.39785766601562 200.14468383789062 50 422.1864013671875 212.99993896484375 99 422.1864013671875 212.99993896484375 480 343.8013916015625 220.76081848144531 362 414.5382080078125 222.53694152832031 51 375.55450439453125 174.55253601074219 52 375.55450439453125 174.55253601074219 53 436.92709350585938 210.43867492675781 56 306.46578979492188 221.19969177246094 574 430.76531982421875 225.873779296875 57 329.36505126953125 242.37921142578125 58 349.787109375 180.38468933105469 55 349.787109375 180.38468933105469 54 367.96890258789062 201.8370361328125 59 407.57077026367188 205.49674987792969 60 388.38092041015625 236.37762451171875 752 444.38165283203125 239.71925354003906 61 416.4095458984375 242.27120971679688 62 475.65509033203125 249.03450012207031 63 362.16464233398438 184.6170654296875 64 362.16464233398438 184.6170654296875 65 326.92315673828125 208.49552917480469 483 460.858154296875 215.23942565917969 484 536.5399169921875 216.98899841308594 66 536.5399169921875 216.98899841308594 -1 328.40377807617188 171.65473937988281 798 
24 0.98336690681723837 0.17671781987110038 0.035519796068846754 -0.022331206951924514 -0.17648398994176417 0.91343030383253887 -3.7596526914853898 3 bot_left_000004.jpg
386.3662109375 165.97201538085938 497 391.4910888671875 166.53874206542969 460 390.34503173828125 168.83338928222656 1 390.34503173828125 168.83338928222656 708 347.45431518554688 174.01133728027344 462 387.07119750976562 176.18154907226562 365 389.07022094726562 177.65861511230469 463 389.07022094726562 177.65861511230469 365 329.08807373046875 179.36734008789062 464 361.86093139648438 179.46755981445312 374 381.2117919921875 187.03517150878906 -1 339.9140625 201.32267761230469 485 357.06015014648438 204.64958190917969 7 388.35946655273438 226.78921508789062 -1 208.14837646484375 230.64231872558594 -1 90.984870910644531 230.98344421386719 -1 62.470703125 233.62232971191406 -1 311.61245727539062 236.63148498535156 259 629.20147705078125 252.70429992675781 -1 601.42095947265625 254.13165283203125 552 428.41778564453125 254.93376159667969 507 3.9843156337738037 379.73367309570312 540 373.26644897460938 167.82402038574219 573 379.84457397460938 169.41780090332031 326 361.68325805664062 172.41551208496094 339 355.87286376953125 173.51741027832031 247 372.76364135742188 182.41513061523438 849 372.76364135742188 182.41513061523438 849 399.03994750976562 184.06118774414062 3 356.25460815429688 184.68838500976562 496 356.25460815429688 184.68838500976562 496 375.8218994140625 184.76705932617188 495 383.25814819335938 188.34654235839844 -1 392.61602783203125 190.61479187011719 269 356.0048828125 194.93133544921875 6 374.34512329101562 195.4765625 458 346.134033203125 206.68620300292969 8 314.37225341796875 219.2742919921875 -1 306.41677856445312 229.57992553710938 -1 416.219970703125 233.56781005859375 266 7.5476737022399902 236.47035217285156 -1 315.63067626953125 241.49081420898438 433 315.63067626953125 241.49081420898438 512 409.19854736328125 251.11553955078125 -1 561.40185546875 251.97718811035156 487 509.79095458984375 252.43923950195312 542 635.20574951171875 252.27455139160156 -1 538.08172607421875 255.21978759765625 -1 511.02777099609375 255.39747619628906 -1 472.12652587890625 259.53884887695312 -1 452.59127807617188 261.21533203125 314 368.0115966796875 171.88694763183594 195 362.61154174804688 176.07351684570312 233 372.83120727539062 186.87062072753906 495 386.87518310546875 197.88299560546875 12 398.97628784179688 198.19223022460938 373 357.78753662109375 199.74116516113281 13 357.78753662109375 199.74116516113281 14 317.70187377929688 204.34686279296875 -1 351.01522827148438 225.95652770996094 -1 244.68620300292969 226.38206481933594 -1 398.988037109375 226.59902954101562 15 426.98074340820312 251.36874389648438 566 432.95870971679688 252.86138916015625 -1 591.46307373046875 254.95126342773438 -1 576.20989990234375 255.48870849609375 -1 517.7138671875 255.98231506347656 -1 391.33120727539062 173.62504577636719 19 391.33120727539062 173.62504577636719 20 398.42776489257812 173.44078063964844 355 337.58050537109375 176.68650817871094 414 367.18487548828125 179.38555908203125 21 392.36871337890625 179.50041198730469 22 392.36871337890625 179.50041198730469 23 400.45819091796875 179.53807067871094 24 384.59686279296875 180.04090881347656 25 386.50567626953125 185.96174621582031 26 393.78176879882812 185.7550048828125 27 393.78176879882812 185.7550048828125 28 418.82342529296875 194.7225341796875 423 350.41204833984375 195.52467346191406 29 408.06747436523438 197.54731750488281 30 357.70736694335938 199.78790283203125 13 357.70736694335938 199.78790283203125 14 344.21533203125 201.95246887207031 31 351.82266235351562 206.11329650878906 33 351.82266235351562 206.11329650878906 34 384.72927856445312 207.09425354003906 35 340.4423828125 215.38420104980469 451 352.691162109375 216.65402221679688 521 359.28640747070312 225.81201171875 493 106.36927032470703 229.25529479980469 -1 292.38507080078125 230.5516357421875 -1 342.69729614257812 230.58505249023438 299 411.02740478515625 234.95599365234375 36 411.02740478515625 234.95599365234375 37 89.544906616210938 235.53147888183594 -1 431.252685546875 251.75486755371094 17 630.22930908203125 253.72663879394531 492 444.1204833984375 255.568115234375 160 591.4871826171875 255.14385986328125 -1 429.74667358398438 256.40789794921875 507 324.59664916992188 185.86795043945312 742 349.86520385742188 188.94322204589844 280 395.96499633789062 192.39584350585938 494 401.83242797851562 217.40969848632812 40 139.34400939941406 227.11811828613281 474 383.04345703125 171.62164306640625 43 383.04345703125 171.62164306640625 42 438.57110595703125 196.30055236816406 475 438.57110595703125 196.30055236816406 476 358.75143432617188 208.32635498046875 44 358.75143432617188 208.32635498046875 477 394.26754760742188 220.43634033203125 198 308.31015014648438 223.30741882324219 574 406.13870239257812 229.40217590332031 46 406.13870239257812 229.40217590332031 281 398.720947265625 241.37644958496094 572 601.4638671875 256.82321166992188 -1 335.34597778320312 186.64973449707031 47 402.36883544921875 190.49107360839844 199 379.60952758789062 192.94302368164062 48 350.7203369140625 200.96929931640625 49 350.7203369140625 200.96929931640625 50 422.93597412109375 214.07540893554688 99 422.93597412109375 214.07540893554688 480 415.04299926757812 223.43449401855469 51 376.0262451171875 175.01020812988281 52 376.0262451171875 175.01020812988281 53 349.56329345703125 180.387451171875 55 349.56329345703125 180.387451171875 54 437.13888549804688 211.58367919921875 -1 306.05010986328125 220.07887268066406 574 431.089599609375 226.69331359863281 57 329.68426513671875 242.77142333984375 58 368.37448120117188 202.53369140625 59 407.6317138671875 206.19004821777344 60 387.96029663085938 236.52702331542969 752 444.66815185546875 240.64059448242188 61 416.83319091796875 243.23008728027344 62 476.42337036132812 250.24343872070312 63 362.05404663085938 185.54177856445312 64 362.05404663085938 185.54177856445312 65 327.109375 209.37039184570312 483 461.3231201171875 215.97511291503906 484 
25 0.98830874714909356 0.1375396844971761 0.060930113817652884 -0.024822907307045335 -2.6474005526505047 -2.6699753525196011 -2.838419083174812 3 bot_left_000005.jpg
383.06744384765625 168.40313720703125 -1 385.86297607421875 168.536865234375 497 389.03823852539062 171.21958923339844 1 394.86306762695312 172.90135192871094 708 352.98562622070312 173.46549987792969 525 365.50900268554688 173.93031311035156 195 386.61813354492188 178.50198364257812 365 386.61813354492188 178.50198364257812 249 379.37738037109375 181.32124328613281 -1 398.23336791992188 186.12954711914062 3 398.23336791992188 186.12954711914062 4 356.28836059570312 187.196533203125 496 356.28836059570312 187.196533203125 496 326.65838623046875 193.78363037109375 330 345.28814697265625 199.92010498046875 506 345.28814697265625 199.92010498046875 506 339.88162231445312 205.56227111816406 485 316.09722900390625 210.92266845703125 -1 368.77120971679688 213.01597595214844 -1 245.55752563476562 229.68515014648438 -1 394.98202514648438 230.11326599121094 5 310.81204223632812 234.23927307128906 578 311.77590942382812 241.33641052246094 259 571.44677734375 254.94160461425781 498 6.4970827102661133 372.648681640625 554 378.70730590820312 169.2147216796875 297 367.00048828125 174.28125 195 361.74093627929688 175.24653625488281 339 355.7325439453125 175.9183349609375 247 355.7325439453125 175.9183349609375 -1 333.36492919921875 179.80908203125 464 372.71685791015625 185.03781127929688 849 370.96368408203125 197.94302368164062 490 374.3924560546875 197.85615539550781 458 386.88192749023438 200.1824951171875 12 398.66207885742188 200.61708068847656 373 315.4954833984375 201.28787231445312 -1 357.15158081054688 207.39813232421875 7 345.86798095703125 209.59738159179688 8 385.5286865234375 213.53717041015625 725 251.87092590332031 226.38172912597656 -1 280.09075927734375 226.46003723144531 -1 451.39157104492188 233.54316711425781 395 416.1326904296875 235.25892639160156 266 416.1326904296875 235.25892639160156 267 402.08096313476562 248.58750915527344 556 409.4107666015625 253.77357482910156 359 503.90206909179688 254.75460815429688 542 362.240234375 178.85586547851562 233 358.43927001953125 182.49215698242188 91 379.81753540039062 186.33540344238281 568 372.557861328125 189.65847778320312 495 347.71237182617188 193.74595642089844 400 355.79318237304688 197.44940185546875 6 357.67050170898438 202.30599975585938 13 357.67050170898438 202.30599975585938 14 363.75967407226562 212.94599914550781 422 398.9241943359375 229.15907287597656 15 565.34808349609375 258.11181640625 -1 427.99392700195312 258.47085571289062 507 522.79034423828125 258.31085205078125 -1 543.48455810546875 258.24002075195312 -1 435.115234375 260.62875366210938 501 449.94180297851562 264.05148315429688 -1 398.13687133789062 176.28121948242188 355 391.27413940429688 176.25764465332031 19 391.27413940429688 176.25764465332031 20 367.69247436523438 181.07603454589844 21 384.29397583007812 182.74168395996094 25 384.29397583007812 182.74168395996094 25 392.30230712890625 182.10708618164062 22 392.30230712890625 182.10708618164062 23 400.2545166015625 182.12528991699219 24 378.60205078125 185.70121765136719 568 386.44631958007812 188.63555908203125 26 393.62649536132812 188.32820129394531 27 393.62649536132812 188.32820129394531 28 348.13330078125 193.24812316894531 400 419.01202392578125 197.32144165039062 423 406.96029663085938 200.31468200683594 30 357.54913330078125 202.38327026367188 13 357.54913330078125 202.38327026367188 14 343.9500732421875 204.54756164550781 31 343.9500732421875 204.54756164550781 32 351.54928588867188 208.39930725097656 33 351.54928588867188 208.39930725097656 34 384.33355712890625 209.68246459960938 35 351.35336303710938 214.06887817382812 521 251.36758422851562 230.75425720214844 -1 259.93994140625 230.76303100585938 -1 390.17007446289062 230.62158203125 265 411.03533935546875 237.50277709960938 36 411.03533935546875 237.50277709960938 37 431.71405029296875 255.011474609375 17 565.00787353515625 258.66983032226562 -1 589.72943115234375 258.65524291992188 -1 450.09210205078125 264.49282836914062 -1 3.3114471435546875 358.67205810546875 -1 337.8536376953125 179.3233642578125 414 342.72052001953125 197.77459716796875 39 401.8779296875 219.92890930175781 40 309.1016845703125 223.94407653808594 574 70.365364074707031 230.20054626464844 -1 240.50138854980469 231.41354370117188 -1 344.40353393554688 231.30218505859375 299 382.81332397460938 174.19398498535156 43 382.81332397460938 174.19398498535156 42 349.69866943359375 191.52912902832031 280 438.78970336914062 198.97314453125 475 358.6865234375 210.98194885253906 44 358.6865234375 210.98194885253906 477 345.15951538085938 222.12300109863281 362 394.07940673828125 223.10691833496094 198 272.80877685546875 224.20692443847656 -1 406.16629028320312 231.86553955078125 281 406.16629028320312 231.86553955078125 46 398.482421875 244.09384155273438 379 335.03448486328125 189.38323974609375 47 401.83761596679688 193.16693115234375 199 379.40469360351562 195.61062622070312 48 350.45843505859375 203.50483703613281 49 350.45843505859375 203.50483703613281 50 422.85427856445312 216.49653625488281 99 415.12564086914062 226.18171691894531 51 387.85214233398438 233.18241882324219 -1 375.51455688476562 177.69789123535156 52 375.51455688476562 177.69789123535156 53 348.8016357421875 182.60978698730469 55 348.8016357421875 182.60978698730469 54 437.16323852539062 213.8609619140625 56 431.1065673828125 229.2530517578125 57 329.23284912109375 246.06385803222656 58 368.27243041992188 205.30168151855469 59 408.01605224609375 208.8704833984375 60 444.75357055664062 243.25517272949219 61 416.64013671875 245.82708740234375 62 476.509033203125 252.89703369140625 63 362.21441650390625 188.35302734375 64 362.21441650390625 188.35302734375 65 326.81011962890625 211.74453735351562 483 461.42208862304688 218.8746337890625 484 597.37493896484375 208.87873840332031 524 597.37493896484375 208.87873840332031 -1 431.59402465820312 273.6529541015625 561 
26 0.98826237934786842 0.13832798458969248 0.059678331864236066 -0.025324591821902644 -2.4756309749110526 -2.6331081774934484 -3.0275515440186447 3 bot_left_000006.jpg
373.25115966796875 170.730224609375 573 385.32839965820312 171.02084350585938 326 391.50555419921875 171.18948364257812 1 391.50555419921875 171.18948364257812 708 394.92172241210938 172.12113952636719 708 394.92172241210938 172.12113952636719 75 353.79251098632812 173.61978149414062 525 368.08416748046875 174.04922485351562 195 341.510009765625 174.54278564453125 549 369.1402587890625 177.44023132324219 352 402.18588256835938 177.78694152832031 2 327.55764770507812 180.48526000976562 575 364.20285034179688 181.47706604003906 374 328.94161987304688 182.99826049804688 723 398.84368896484375 185.483154296875 3 398.84368896484375 185.483154296875 4 383.9376220703125 187.32789611816406 262 372.98043823242188 194.25384521484375 252 314.00314331054688 215.17030334472656 -1 307.45977783203125 226.44625854492188 -1 356.21142578125 229.14167785644531 -1 396.36187744140625 230.04045104980469 5 393.87149047851562 234.30564880371094 -1 395.78955078125 237.91993713378906 -1 312.66189575195312 239.52243041992188 259 405.44198608398438 250.46351623535156 359 498.88882446289062 257.563720703125 -1 444.4573974609375 258.61785888671875 160 7.7892532348632812 364.35525512695312 -1 362.88571166992188 175.01274108886719 339 352.630126953125 176.46060180664062 511 373.70623779296875 184.75343322753906 -1 373.70623779296875 184.75343322753906 849 357.32806396484375 187.20840454101562 496 357.32806396484375 187.20840454101562 496 319.93191528320312 189.79548645019531 -1 330.13226318359375 191.36030578613281 -1 391.73818969726562 196.36915588378906 392 357.09713745117188 197.76280212402344 6 358.28607177734375 207.34881591796875 7 347.50161743164062 209.14801025390625 8 362.60757446289062 213.68736267089844 422 308.34335327148438 229.31840515136719 -1 413.42431640625 254.19586181640625 467 509.6749267578125 254.37130737304688 384 424.32986450195312 256.20355224609375 159 601.21630859375 256.44735717773438 -1 445.1275634765625 261.73989868164062 534 386.53482055664062 177.33749389648438 365 386.53482055664062 177.33749389648438 316 363.43984985351562 178.65620422363281 233 335.0987548828125 179.62176513671875 464 360.53799438476562 182.58946228027344 91 374.276123046875 189.12104797363281 495 375.81515502929688 197.55574035644531 458 394.5098876953125 199.24946594238281 11 388.46453857421875 200.19699096679688 12 399.909912109375 200.62525939941406 373 358.964111328125 202.33131408691406 13 358.964111328125 202.33131408691406 14 400.36447143554688 228.83195495605469 15 219.77383422851562 230.53744506835938 -1 426.52603149414062 252.88479614257812 16 433.2796630859375 254.97929382324219 17 632.92620849609375 255.19996643066406 492 429.47802734375 258.01522827148438 507 511.90255737304688 257.83480834960938 -1 249.79792785644531 477.15167236328125 -1 399.41854858398438 175.64540100097656 355 392.44119262695312 176.06880187988281 19 392.44119262695312 176.06880187988281 20 368.31289672851562 181.66867065429688 21 393.38406372070312 181.88175964355469 22 393.38406372070312 181.88175964355469 23 401.54458618164062 181.94435119628906 24 385.7025146484375 182.57148742675781 25 379.65081787109375 185.34437561035156 568 387.71624755859375 188.4422607421875 26 394.75436401367188 188.12322998046875 27 394.75436401367188 188.12322998046875 28 351.52337646484375 197.84303283691406 29 420.1029052734375 197.15679931640625 423 408.80816650390625 200.27299499511719 30 345.35214233398438 204.43276977539062 31 345.35214233398438 204.43276977539062 32 352.99200439453125 208.36459350585938 33 352.99200439453125 208.36459350585938 34 385.59765625 209.4722900390625 35 109.66619110107422 234.62455749511719 523 412.28842163085938 237.27590942382812 36 412.28842163085938 237.27590942382812 37 339.63845825195312 244.43817138671875 158 552.17327880859375 253.24455261230469 -1 418.08340454101562 255.72439575195312 166 498.99539184570312 258.3521728515625 194 511.80303955078125 258.04379272460938 -1 3.3335297107696533 358.65118408203125 -1 338.66073608398438 179.164794921875 414 325.6678466796875 188.33299255371094 742 396.97882080078125 194.68826293945312 494 344.31985473632812 197.66903686523438 39 403.2061767578125 219.78031921386719 40 345.39791870117188 231.08091735839844 299 146.50852966308594 233.64149475097656 -1 400.27490234375 243.00732421875 379 384.3544921875 174.06900024414062 42 384.3544921875 174.06900024414062 43 350.86904907226562 191.53530883789062 280 439.9461669921875 198.69038391113281 475 439.9461669921875 198.69038391113281 476 360.13723754882812 210.73330688476562 44 360.13723754882812 210.73330688476562 477 347.7420654296875 213.37066650390625 45 346.02688598632812 222.351318359375 362 395.42062377929688 222.91654968261719 198 251.96536254882812 224.2808837890625 -1 407.4046630859375 231.67927551269531 46 407.4046630859375 231.67927551269531 281 23.778223037719727 233.12930297851562 455 336.28836059570312 189.24015808105469 47 402.9918212890625 192.97225952148438 199 380.75323486328125 195.35786437988281 48 351.72885131835938 203.55130004882812 49 351.72885131835938 203.55130004882812 50 424.0614013671875 216.38056945800781 99 424.0614013671875 216.38056945800781 480 416.446533203125 225.98442077636719 51 389.68746948242188 232.83113098144531 265 376.83761596679688 177.57354736328125 52 376.83761596679688 177.57354736328125 53 350.09588623046875 182.58792114257812 54 350.09588623046875 182.58792114257812 55 438.69375610351562 213.49990844726562 56 308.036376953125 221.35078430175781 574 432.42825317382812 229.17410278320312 57 330.6790771484375 245.75796508789062 58 361.42098999023438 170.39431762695312 347 369.45907592773438 205.0511474609375 59 408.99850463867188 208.6414794921875 60 388.48471069335938 235.00445556640625 -1 445.80657958984375 242.99681091308594 61 418.09695434570312 245.632080078125 62 477.87246704101562 252.58369445800781 63 304.8875732421875 217.44564819335938 577 363.03445434570312 187.33760070800781 64 363.03445434570312 187.33760070800781 65 328.23712158203125 211.89251708984375 483 462.80538940429688 218.52909851074219 484 538.87884521484375 220.46937561035156 66 538.87884521484375 220.46937561035156 -1 596.09033203125 209.2208251953125 -1 596.09033203125 209.2208251953125 -1 435.01727294921875 270.35614013671875 561 
27 0.98840719490601525 0.13878364005060426 0.057322661283664686 -0.022459537298995875 -2.1682802018234804 -2.7909007878908167 -3.1822161333898085 3 bot_left_000007.jpg
394.3697509765625 169.58767700195312 708 355.99945068359375 170.49627685546875 525 372.1802978515625 171.07818603515625 -1 342.88320922851562 171.93879699707031 549 333.78817749023438 174.58505249023438 550 342.87176513671875 174.61029052734375 290 405.85006713867188 177.94989013671875 2 399.49020385742188 183.47210693359375 3 375.625244140625 185.42311096191406 495 328.505126953125 191.43563842773438 330 372.90570068359375 195.80654907226562 490 314.98342895507812 206.19837951660156 551 224.89527893066406 227.18357849121094 -1 381.71212768554688 229.60772705078125 -1 194.87637329101562 231.04856872558594 -1 51.526046752929688 232.81480407714844 -1 395.56277465820312 235.04953002929688 -1 435.40524291992188 246.4862060546875 -1 323.72763061523438 249.70759582519531 -1 414.98379516601562 251.55747985839844 -1 328.00286865234375 254.49214172363281 459 437.531494140625 254.51518249511719 531 589.37188720703125 255.09272766113281 -1 505.74395751953125 255.54791259765625 -1 381.312255859375 169.54762268066406 326 362.97821044921875 172.38261413574219 339 361.83499145507812 179.54473876953125 374 373.9967041015625 182.33697509765625 -1 373.9967041015625 182.33697509765625 849 357.2584228515625 184.70637512207031 496 357.2584228515625 184.70637512207031 -1 330.06112670898438 188.56875610351562 -1 357.06607055664062 194.88241577148438 6 375.638916015625 195.36564636230469 458 358.52752685546875 204.91361999511719 7 347.4591064453125 206.43760681152344 8 373.84353637695312 209.35504150390625 431 386.041748046875 210.88516235351562 725 312.46853637695312 217.93997192382812 450 333.52267456054688 228.76771545410156 325 365.1334228515625 229.39424133300781 -1 561.4124755859375 255.56599426269531 -1 567.6861572265625 255.64936828613281 -1 444.23355102539062 259.59384155273438 534 470.91848754882812 260.44967651367188 -1 457.24484252929688 261.33316040039062 314 7.8595728874206543 366.51629638671875 -1 368.581787109375 171.68045043945312 195 356.627197265625 173.85636901855469 247 363.6219482421875 176.11018371582031 233 380.70263671875 183.46525573730469 568 348.41961669921875 191.29638671875 400 388.50244140625 197.87327575683594 12 400.10430908203125 198.25114440917969 373 358.970703125 199.79740905761719 14 358.970703125 199.79740905761719 13 370.00973510742188 209.36369323730469 748 315.57772827148438 223.27703857421875 -1 400.25558471679688 226.70211791992188 15 381.61334228515625 230.13661193847656 -1 417.42868041992188 233.20704650878906 266 316.80697631835938 241.48350524902344 433 316.80697631835938 241.48350524902344 512 403.89364624023438 247.112060546875 556 427.29116821289062 251.27423095703125 16 433.41580200195312 252.75956726074219 17 633.7666015625 253.18434143066406 492 500.05474853515625 256.03155517578125 -1 520.24615478515625 255.68208312988281 -1 541.6739501953125 256.05905151367188 -1 4.7797317504882812 360.34857177734375 -1 4.9489517211914062 379.0567626953125 540 392.47885131835938 173.684326171875 19 392.47885131835938 173.684326171875 20 399.34271240234375 173.43614196777344 355 338.3355712890625 176.67961120605469 414 368.119140625 179.53573608398438 21 393.4488525390625 179.46807861328125 22 393.4488525390625 179.46807861328125 23 401.54287719726562 179.49624633789062 24 361.20736694335938 180.53535461425781 91 385.70205688476562 180.04594421386719 25 394.93704223632812 185.71553039550781 27 394.93704223632812 185.71553039550781 28 420.17410278320312 194.80986022949219 423 351.60354614257812 195.34048461914062 29 409.00958251953125 197.7760009765625 30 345.45858764648438 201.95448303222656 31 352.90740966796875 205.72904968261719 33 352.90740966796875 205.72904968261719 34 386.095703125 207.08522033691406 35 204.77793884277344 226.239990234375 -1 381.47671508789062 230.63673400878906 -1 161.78489685058594 232.83956909179688 -1 412.3095703125 234.74014282226562 36 412.3095703125 234.74014282226562 37 316.75482177734375 240.81375122070312 -1 316.75482177734375 240.81375122070312 -1 403.59942626953125 247.40335083007812 -1 567.4873046875 251.29838562011719 -1 415.63479614257812 252.75347900390625 166 500.37301635742188 256.04794311523438 -1 520.58978271484375 256.62844848632812 543 541.66571044921875 256.40911865234375 -1 4.9724631309509277 359.97103881835938 -1 325.69967651367188 185.55612182617188 742 397.56906127929688 192.32337951660156 494 344.21319580078125 195.15965270996094 39 402.98101806640625 217.58180236816406 40 391.38082885742188 230.82585144042969 265 344.00799560546875 231.4227294921875 299 384.14767456054688 171.64186096191406 43 384.14767456054688 171.64186096191406 42 351.2218017578125 188.78483581542969 280 440.12545776367188 196.37770080566406 476 440.12545776367188 196.37770080566406 475 360.02676391601562 208.22314453125 44 360.02676391601562 208.22314453125 477 347.69619750976562 210.82745361328125 45 346.11279296875 220.31817626953125 362 395.28948974609375 220.37936401367188 198 309.24691772460938 223.15003967285156 574 167.24305725097656 226.08706665039062 545 407.3311767578125 229.26783752441406 281 407.3311767578125 229.26783752441406 46 399.45651245117188 241.38075256347656 379 336.27752685546875 186.63360595703125 47 403.27398681640625 190.4669189453125 199 380.766357421875 192.94981384277344 48 351.68972778320312 200.99128723144531 49 351.68972778320312 200.99128723144531 50 423.80514526367188 213.77755737304688 99 423.80514526367188 213.77755737304688 480 346.177978515625 220.64764404296875 362 308.19158935546875 221.79634094238281 574 416.40008544921875 223.51766967773438 51 377.08822631835938 175.10408020019531 52 377.08822631835938 175.10408020019531 53 350.30398559570312 179.62969970703125 55 350.30398559570312 179.62969970703125 54 438.71694946289062 211.39884948730469 56 432.33978271484375 226.7618408203125 57 330.70684814453125 242.94923400878906 58 351.26010131835938 181.03558349609375 55 351.26010131835938 181.03558349609375 54 369.51434326171875 202.83604431152344 59 409.41171264648438 206.32223510742188 60 445.802734375 240.7572021484375 61 417.98507690429688 243.15005493164062 62 477.29586791992188 250.2327880859375 63 388.54092407226562 237.72689819335938 752 476.857666015625 250.03306579589844 519 363.34616088867188 185.28825378417969 64 363.34616088867188 185.28825378417969 65 328.14614868164062 209.55693054199219 483 462.70526123046875 215.76422119140625 484 329.537841796875 170.49456787109375 798 433.46893310546875 273.50070190429688 561 
28 0.98770664898074989 0.14281978847043716 0.058454102112085016 -0.024923914755657615 -2.3623412327530144 -2.6471709799123837 -3.2729482611543039 3 bot_left_000008.jpg
369.93228149414062 164.91218566894531 573 389.4364013671875 165.07437133789062 1 394.96035766601562 166.14195251464844 708 394.96035766601562 166.14195251464844 75 374.51092529296875 166.94302368164062 -1 349.00668334960938 170.30484008789062 462 404.44970703125 173.20393371582031 2 330.05368041992188 185.32069396972656 -1 372.77194213867188 191.93446350097656 490 391.26815795898438 202.04316711425781 348 347.40182495117188 202.40304565429688 8 385.46469116210938 206.99830627441406 725 284.37548828125 225.90379333496094 -1 352.29522705078125 228.74879455566406 -1 379.4149169921875 229.65931701660156 -1 35.104320526123047 234.50457763671875 -1 534.39691162109375 252.57945251464844 -1 471.88327026367188 256.43154907226562 -1 449.99685668945312 257.59255981445312 260 3.6978585720062256 359.38702392578125 -1 380.3197021484375 163.13533020019531 297 374.28469848632812 164.18240356445312 573 362.64309692382812 168.94143676757812 339 373.87261962890625 178.5802001953125 -1 373.87261962890625 178.5802001953125 849 382.20986938476562 180.5806884765625 -1 357.5655517578125 180.77580261230469 496 357.5655517578125 180.77580261230469 496 375.72726440429688 181.94157409667969 495 393.97097778320312 187.14695739746094 269 375.41421508789062 191.50079345703125 458 346.14352416992188 193.27078247070312 506 358.28903198242188 200.87356567382812 7 311.6195068359375 218.07740783691406 450 368.46920776367188 225.90432739257812 -1 453.925537109375 227.38819885253906 395 373.44232177734375 229.58551025390625 -1 312.21908569335938 233.939208984375 259 511.40670776367188 252.46253967285156 -1 455.07608032226562 258.1754150390625 314 387.56082153320312 165.79576110839844 1 356.56307983398438 169.9605712890625 247 386.6893310546875 171.31098937988281 365 386.6893310546875 171.31098937988281 316 363.40142822265625 172.40548706054688 233 400.67123413085938 180.96148681640625 3 356.96868896484375 191.05250549316406 6 408.43963623046875 193.94621276855469 30 387.98394775390625 194.247802734375 12 399.93231201171875 194.67390441894531 373 358.75457763671875 195.79087829589844 13 358.75457763671875 195.79087829589844 14 365.21087646484375 206.36293029785156 422 339.54544067382812 214.31892395019531 451 399.83389282226562 223.109130859375 15 259.5072021484375 225.97093200683594 -1 417.22305297851562 229.89845275878906 266 417.22305297851562 229.89845275878906 267 234.71092224121094 230.11570739746094 -1 334.30770874023438 245.77958679199219 303 427.37957763671875 248.0029296875 16 330.79849243164062 249.31892395019531 459 597.3885498046875 252.74081420898438 -1 392.5360107421875 170.16366577148438 20 392.5360107421875 170.16366577148438 19 399.49618530273438 170.11953735351562 355 338.281982421875 172.80722045898438 414 393.29464721679688 175.96217346191406 22 393.29464721679688 175.96217346191406 23 385.5609130859375 176.53759765625 25 401.53482055664062 176.074462890625 24 379.93984985351562 179.3355712890625 568 387.635498046875 182.37666320800781 26 394.90634155273438 182.23974609375 27 394.90634155273438 182.23974609375 28 351.37139892578125 191.57878112792969 29 420.97048950195312 191.40402221679688 423 408.34298706054688 194.18397521972656 30 344.97479248046875 197.92451477050781 31 344.97479248046875 197.92451477050781 32 352.71670532226562 202.07839965820312 33 352.71670532226562 202.07839965820312 34 385.72097778320312 203.46804809570312 35 353.70034790039062 212.675537109375 521 399.89822387695312 223.154296875 15 310.18984985351562 224.53569030761719 553 259.58538818359375 225.82461547851562 -1 368.72207641601562 225.39328002929688 -1 411.97259521484375 231.48908996582031 36 411.97259521484375 231.48908996582031 37 431.739501953125 248.61167907714844 17 597.1622314453125 253.76499938964844 503 444.56536865234375 257.60464477539062 -1 325.58346557617188 181.63887023925781 742 351.1939697265625 184.96018981933594 280 439.29241943359375 192.80461120605469 475 402.70407104492188 213.78323364257812 40 434.74166870117188 213.05119323730469 344 395.63400268554688 216.93017578125 558 395.63400268554688 216.93017578125 198 364.8853759765625 230.64859008789062 -1 58.484485626220703 231.43280029296875 455 342.4674072265625 231.32473754882812 727 43.652919769287109 232.28915405273438 -1 11.446333885192871 234.61335754394531 -1 414.99514770507812 249.57733154296875 166 384.23721313476562 168.09114074707031 43 384.23721313476562 168.09114074707031 42 359.800048828125 204.47113037109375 44 359.800048828125 204.47113037109375 477 347.0755615234375 206.89114379882812 45 407.09503173828125 225.83686828613281 281 407.09503173828125 225.83686828613281 46 298.34829711914062 231.28489685058594 576 336.1395263671875 182.67503356933594 47 402.924072265625 187.21913146972656 199 380.66351318359375 189.33412170410156 48 351.43435668945312 197.13946533203125 49 351.43435668945312 197.13946533203125 50 423.87008666992188 210.53431701660156 99 423.87008666992188 210.53431701660156 480 416.16091918945312 220.21870422363281 51 308.01028442382812 222.34457397460938 574 432.15371704101562 223.307373046875 57 376.80511474609375 171.58378601074219 52 376.80511474609375 171.58378601074219 53 438.15594482421875 208.53173828125 56 329.97702026367188 239.37925720214844 58 351.35574340820312 177.26699829101562 55 351.35574340820312 177.26699829101562 54 369.18096923828125 198.86276245117188 59 408.47872924804688 202.70513916015625 60 391.8931884765625 236.69865417480469 752 445.90008544921875 237.33537292480469 61 417.5308837890625 239.80082702636719 62 476.9542236328125 247.09707641601562 63 363.32138061523438 181.50186157226562 64 363.32138061523438 181.50186157226562 65 327.76904296875 205.42630004882812 483 462.89871215820312 212.39309692382812 484 599.4158935546875 204.26193237304688 -1 599.4158935546875 204.26193237304688 -1 
29 0.98780502961219341 0.14062985255370755 0.061558235947506271 -0.025981755726039051 -2.7407938776588989 -2.6976482860332314 -3.0748023425923026 3 bot_left_000009.jpg
379.72592163085938 164.90646362304688 297 388.94448852539062 167.089111328125 1 394.05572509765625 168.17008972167969 708 366.93170166015625 169.96333312988281 195 348.53521728515625 172.41975402832031 462 343.38204956054688 173.00650024414062 290 329.82525634765625 177.13920593261719 464 363.05535888671875 177.4613037109375 374 374.45535278320312 193.90170288085938 458 314.69979858398438 202.07719421386719 551 365.10842895507812 209.1016845703125 -1 361.18997192382812 209.34281921386719 422 369.26470947265625 216.39656066894531 -1 311.41033935546875 218.1583251953125 450 311.37872314453125 234.14828491210938 259 524.95428466796875 251.36984252929688 498 601.5775146484375 253.05653381347656 -1 532.81781005859375 253.68577575683594 -1 543.98834228515625 253.60441589355469 -1 448.08743286132812 258.90737915039062 260 6.7835211753845215 372.09591674804688 -1 367.55929565429688 166.99105834960938 573 381.1025390625 167.46760559082031 326 352.40036010742188 168.9033203125 525 341.95025634765625 170.24978637695312 549 362.50067138671875 170.66635131835938 339 356.28024291992188 171.72488403320312 247 356.28024291992188 171.72488403320312 -1 385.90386962890625 173.29072570800781 365 385.90386962890625 173.29072570800781 316 332.96902465820312 175.74296569824219 464 372.64300537109375 180.46696472167969 849 372.64300537109375 180.46696472167969 849 398.7559814453125 182.064697265625 3 356.32608032226562 182.85572814941406 496 356.32608032226562 182.85572814941406 496 375.73516845703125 183.11082458496094 495 391.20880126953125 192.92613220214844 392 356.27529907226562 193.33306884765625 6 345.19070434570312 194.93185424804688 506 386.91629028320312 196.00422668457031 12 357.01898193359375 202.90489196777344 7 387.94851684570312 205.94094848632812 -1 387.94851684570312 205.94094848632812 -1 377.6746826171875 206.97854614257812 -1 372.833740234375 207.45457458496094 431 451.56735229492188 229.02082824707031 395 267.75082397460938 229.83888244628906 -1 416.29464721679688 231.64862060546875 266 575.3450927734375 250.38304138183594 -1 329.56491088867188 251.8536376953125 459 548.683349609375 253.86473083496094 -1 362.39663696289062 174.40937805175781 233 399.55279541015625 182.64918518066406 3 407.7947998046875 195.62974548339844 30 398.67630004882812 196.32711791992188 373 357.79653930664062 197.90985107421875 13 357.79653930664062 197.90985107421875 14 383.51791381835938 225.85462951660156 -1 315.19503784179688 238.38589477539062 433 424.95877075195312 249.01109313964844 16 562.86224365234375 254.12005615234375 -1 574.41552734375 253.84025573730469 -1 524.4088134765625 254.23118591308594 -1 3.7703633308410645 359.35379028320312 -1 398.42019653320312 171.69596862792969 355 391.66989135742188 172.08370971679688 20 391.66989135742188 172.08370971679688 19 337.853515625 174.89166259765625 414 367.45315551757812 177.65750122070312 21 392.49307250976562 177.82217407226562 22 392.49307250976562 177.82217407226562 23 400.59756469726562 177.86981201171875 24 384.7113037109375 178.43199157714844 25 386.88394165039062 184.40493774414062 26 393.81747436523438 184.03768920898438 27 393.81747436523438 184.03768920898438 28 350.50057983398438 193.68869018554688 29 419.88870239257812 193.13017272949219 423 357.76416015625 197.95843505859375 13 357.76416015625 197.95843505859375 14 344.28399658203125 200.06936645507812 31 344.28399658203125 200.06936645507812 32 351.853515625 204.10707092285156 33 351.853515625 204.10707092285156 34 384.12738037109375 205.29780578613281 35 383.39071655273438 225.59234619140625 -1 398.931884765625 224.94514465332031 15 106.72542572021484 229.4957275390625 -1 239.45832824707031 230.69021606445312 -1 72.8729248046875 231.19694519042969 -1 36.546165466308594 233.34410095214844 -1 411.10574340820312 233.42306518554688 36 411.10574340820312 233.42306518554688 37 87.377899169921875 235.64012145996094 585 611.5189208984375 253.79397583007812 -1 620.2689208984375 253.46878051757812 -1 581.1422119140625 254.64218139648438 557 430.79833984375 255.79582214355469 507 338.7008056640625 174.97904968261719 414 324.68231201171875 184.04867553710938 742 397.0880126953125 190.69926452636719 199 401.65756225585938 215.50138854980469 40 344.8914794921875 216.75857543945312 362 88.143417358398438 229.45785522460938 -1 53.430221557617188 231.48069763183594 -1 257.08291625976562 231.31332397460938 -1 342.50198364257812 230.58226013183594 299 382.97003173828125 170.06654357910156 43 382.97003173828125 170.06654357910156 42 349.9541015625 187.22822570800781 280 438.99395751953125 194.71916198730469 475 438.99395751953125 194.71916198730469 476 358.650146484375 206.55903625488281 44 358.650146484375 206.55903625488281 477 346.47369384765625 208.92420959472656 45 394.34585571289062 218.56663513183594 198 308.2689208984375 223.12232971191406 574 406.13192749023438 227.64210510253906 281 406.13192749023438 227.64210510253906 46 299.48443603515625 231.49198913574219 576 398.76101684570312 239.92042541503906 379 335.34219360351562 184.78689575195312 47 402.20327758789062 188.94961547851562 199 379.67123413085938 191.16526794433594 48 350.81484985351562 199.14266967773438 49 350.81484985351562 199.14266967773438 50 422.83450317382812 212.16622924804688 99 422.83450317382812 212.16622924804688 480 415.24264526367188 221.70558166503906 51 376.26641845703125 173.29873657226562 52 376.26641845703125 173.29873657226562 53 350.42349243164062 179.27915954589844 55 350.42349243164062 179.27915954589844 54 437.14312744140625 209.86311340332031 56 306.44482421875 221.23294067382812 574 431.26605224609375 224.90835571289062 57 329.63909912109375 240.94546508789062 58 360.8492431640625 165.91313171386719 347 368.45578002929688 200.84475708007812 59 408.3355712890625 204.55796813964844 60 455.66287231445312 219.97348022460938 320 389.56973266601562 236.56367492675781 752 445.2259521484375 238.9140625 61 416.9447021484375 241.693603515625 62 476.21737670898438 248.74345397949219 63 362.12088012695312 183.78956604003906 64 362.12088012695312 183.78956604003906 65 388.27423095703125 237.39788818359375 752 327.01239013671875 207.95146179199219 483 461.69134521484375 214.22291564941406 484 
30 0.98300259392770339 0.17473148613072478 0.048743574471560643 -0.028264324398264377 -1.5449052637184495 0.7045384298124443 -3.8152494681101863 3 bot_left_000010.jpg
367.69949340820312 168.42765808105469 573 380.14773559570312 169.02510070800781 326 394.76284790039062 169.35462951660156 708 340.94577026367188 171.90872192382812 549 333.90664672851562 174.04693603515625 550 331.65963745117188 175.13603210449219 550 387.39541625976562 175.42323303222656 365 390.2054443359375 177.42970275878906 463 390.2054443359375 177.42970275878906 365 370.01922607421875 180.80096435546875 -1 398.43832397460938 182.56364440917969 4 398.43832397460938 182.56364440917969 3 320.94332885742188 191.80122375488281 -1 408.13162231445312 193.52830505371094 -1 353.081298828125 194.24853515625 -1 380.94830322265625 200.31155395507812 -1 315.52621459960938 202.46965026855469 551 357.98904418945312 204.1383056640625 7 351.10598754882812 206.8897705078125 390 360.81976318359375 210.85360717773438 422 316.13949584960938 212.85136413574219 552 211.91848754882812 227.29129028320312 -1 333.22625732421875 229.42106628417969 -1 386.09954833984375 229.56120300292969 -1 38.266044616699219 233.94482421875 -1 328.964111328125 253.41213989257812 459 580.14825439453125 254.04441833496094 -1 527.41473388671875 254.56904602050781 -1 566.3211669921875 254.50074768066406 -1 442.843017578125 258.99371337890625 -1 448.72219848632812 259.80096435546875 260 355.24673461914062 170.01051330566406 525 362.17922973632812 172.2662353515625 339 363.35794067382812 175.9466552734375 233 373.60342407226562 181.93690490722656 849 356.99417114257812 184.40901184082031 496 356.99417114257812 184.40901184082031 496 329.738037109375 188.81130981445312 291 372.73968505859375 191.77708435058594 252 356.625244140625 194.55595397949219 6 409.96368408203125 196.36698913574219 30 387.57394409179688 197.20806884765625 12 362.58175659179688 199.1837158203125 418 390.171875 204.51437377929688 353 317.5989990234375 206.00474548339844 -1 346.95968627929688 206.17472839355469 8 312.36468505859375 217.91554260253906 450 311.44650268554688 225.90390014648438 553 182.77531433105469 227.63690185546875 -1 136.75559997558594 232.60594177246094 -1 417.18170166015625 232.67236328125 266 131.03622436523438 233.12193298339844 -1 426.9180908203125 251.00830078125 566 573.3389892578125 254.37400817871094 -1 432.54946899414062 255.9886474609375 507 6.960688591003418 373.00341796875 554 361.347412109375 179.72439575195312 91 399.399169921875 197.58757019042969 373 358.5435791015625 199.33454895019531 13 358.5435791015625 199.33454895019531 14 355.83563232421875 226.06756591796875 -1 176.39715576171875 227.93179321289062 -1 299.5731201171875 229.93191528320312 -1 330.63092041015625 231.75592041015625 486 20.59449577331543 234.96473693847656 -1 338.09713745117188 242.42430114746094 -1 333.5665283203125 250.68266296386719 303 630.56756591796875 252.66314697265625 492 611.34832763671875 253.82394409179688 -1 466.78982543945312 261.042724609375 -1 457.72921752929688 261.455078125 314 392.252197265625 173.27775573730469 19 392.252197265625 173.27775573730469 20 399.34521484375 173.2237548828125 355 393.0728759765625 178.99496459960938 22 393.0728759765625 178.99496459960938 23 385.40118408203125 179.68362426757812 25 401.2762451171875 179.06932067871094 24 379.51571655273438 182.508544921875 568 412.75509643554688 183.68461608886719 -1 387.3641357421875 185.58506774902344 26 394.78250122070312 185.27815246582031 27 394.78250122070312 185.27815246582031 28 351.27767944335938 194.92730712890625 29 419.61920166015625 194.33650207519531 423 344.92776489257812 201.48085021972656 31 352.5596923828125 205.50653076171875 33 352.5596923828125 205.50653076171875 34 385.20339965820312 206.53163146972656 35 355.42169189453125 225.816650390625 493 86.707412719726562 230.47470092773438 -1 412.14010620117188 234.096923828125 37 412.14010620117188 234.096923828125 36 11.418154716491699 235.24822998046875 -1 338.48062133789062 242.3314208984375 555 404.96310424804688 249.14268493652344 556 432.52505493164062 251.90823364257812 17 584.00787353515625 255.41015625 557 467.03097534179688 261.24948120117188 -1 325.43658447265625 185.30650329589844 742 343.87417602539062 194.65969848632812 39 402.46286010742188 216.68220520019531 40 395.552001953125 220.02079772949219 198 395.552001953125 220.02079772949219 558 138.92086791992188 227.53251647949219 -1 110.204345703125 228.39750671386719 -1 99.934501647949219 229.44308471679688 -1 344.08432006835938 230.41299438476562 299 183.159912109375 231.96994018554688 -1 26.347408294677734 233.89794921875 -1 622.3431396484375 254.24397277832031 560 384.27267456054688 171.20582580566406 43 384.27267456054688 171.20582580566406 42 350.72210693359375 188.24185180664062 280 440.5716552734375 195.861083984375 475 440.5716552734375 195.861083984375 476 359.6004638671875 207.89970397949219 44 359.6004638671875 207.89970397949219 477 407.11709594726562 228.72557067871094 281 407.11709594726562 228.72557067871094 46 399.28494262695312 241.30917358398438 572 335.89810180664062 186.21878051757812 47 403.02651977539062 189.96748352050781 199 380.42489624023438 192.44203186035156 48 351.32672119140625 200.49061584472656 49 351.32672119140625 200.49061584472656 50 423.81491088867188 213.38290405273438 99 423.81491088867188 213.38290405273438 480 307.83963012695312 221.81295776367188 574 416.32232666015625 223.36940002441406 51 376.61703491210938 174.91055297851562 52 376.61703491210938 174.91055297851562 53 437.8487548828125 211.31871032714844 56 367.75955200195312 217.24649047851562 -1 432.08413696289062 226.01260375976562 57 330.43820190429688 242.58352661132812 58 369.19207763671875 202.12535095214844 59 408.856689453125 205.79570007324219 60 446.07180786132812 240.23176574707031 61 417.62628173828125 242.77366638183594 62 477.38613891601562 249.68231201171875 63 388.30862426757812 237.74122619628906 752 362.88674926757812 185.11099243164062 64 362.88674926757812 185.11099243164062 65 327.92282104492188 208.82205200195312 483 462.3052978515625 215.42185974121094 484 329.0931396484375 169.3135986328125 798 433.3026123046875 269.80856323242188 561 
31 0.93998700340562147 0.32270767508425735 0.10090238891180808 -0.045857363444968893 2.6040263025645065 -2.8160055708892822 2.8488437396517985 4 bot_right_000001.jpg
517.174560546875 171.54841613769531 339 537.07745361328125 176.41702270507812 -1 518.43035888671875 201.01400756835938 418 193.87188720703125 230.65583801269531 -1 139.83915710449219 233.49119567871094 -1 114.69330596923828 233.83364868164062 -1 238.13169860839844 235.01856994628906 -1 9.8724279403686523 260.02301025390625 -1 5.8956742286682129 260.69821166992188 -1 21.028287887573242 266.38961791992188 -1 33.506866455078125 273.34420776367188 -1 36.516880035400391 275.39202880859375 -1 33.677268981933594 276.59243774414062 -1 59.118633270263672 291.3829345703125 -1 64.462356567382812 294.50259399414062 -1 70.991073608398438 295.49990844726562 -1 83.551071166992188 305.65728759765625 -1 78.245513916015625 348.72308349609375 -1 93.420494079589844 355.60848999023438 -1 137.21823120117188 358.69183349609375 -1 145.81904602050781 366.14285278320312 -1 31.367864608764648 372.0606689453125 -1 147.627197265625 373.05752563476562 -1 7.0974960327148438 375.1708984375 -1 4.9571471214294434 409.16217041015625 -1 5.976961612701416 415.856201171875 660 64.60443115234375 418.09564208984375 -1 109.43717193603516 419.12625122070312 -1 3.9633133411407471 429.87014770507812 -1 95.328155517578125 430.0888671875 -1 71.3717041015625 433.19955444335938 -1 111.47224426269531 438.365966796875 -1 164.22613525390625 449.701171875 -1 198.81321716308594 449.93682861328125 -1 202.20333862304688 451.40472412109375 -1 156.60736083984375 453.10784912109375 -1 147.99072265625 455.59896850585938 -1 150.98440551757812 456.63333129882812 -1 144.79151916503906 457.9962158203125 -1 148.28656005859375 458.33694458007812 -1 226.93296813964844 459.94088745117188 -1 224.0584716796875 461.17642211914062 -1 15.479335784912109 462.3941650390625 -1 37.586147308349609 467.62225341796875 -1 19.974536895751953 469.08316040039062 -1 267.5401611328125 477.91152954101562 -1 552.11065673828125 166.57827758789062 708 552.11065673828125 166.57827758789062 75 529.2178955078125 181.39154052734375 849 495.67926025390625 204.91712951660156 485 84.601043701171875 229.55848693847656 -1 292.14306640625 231.60075378417969 -1 463.9010009765625 236.33038330078125 578 5.8686347007751465 260.73251342773438 -1 50.740550994873047 283.51812744140625 -1 148.06062316894531 351.08840942382812 -1 35.964218139648438 373.0462646484375 -1 3.7034809589385986 417.526123046875 -1 3.9205472469329834 433.43728637695312 -1 36.18133544921875 436.63134765625 -1 190.894775390625 445.3592529296875 -1 29.254199981689453 450.60980224609375 -1 19.285776138305664 451.91717529296875 -1 19.745323181152344 459.41943359375 -1 76.076812744140625 462.870361328125 -1 16.507625579833984 468.16751098632812 -1 300.52005004882812 477.76193237304688 -1 533.89691162109375 163.99137878417969 297 477.7406005859375 179.43182373046875 575 536.52886962890625 182.43031311035156 568 511.8262939453125 185.15129089355469 496 514.7071533203125 206.72175598144531 7 17.942262649536133 227.9542236328125 866 49.230403900146484 232.80758666992188 -1 233.18266296386719 234.50352478027344 -1 142.74423217773438 341.462158203125 -1 58.591476440429688 384.83819580078125 593 90.406707763671875 423.04638671875 -1 112.56724548339844 447.2802734375 -1 15.652249336242676 450.5400390625 -1 15.652249336242676 450.5400390625 -1 112.97610473632812 472.45947265625 -1 505.782470703125 169.70286560058594 525 548.698486328125 170.97352600097656 19 556.33868408203125 170.00822448730469 355 517.6141357421875 175.28659057617188 233 558.8333740234375 176.64459228515625 24 550.0589599609375 177.28811645507812 22 550.0589599609375 177.28811645507812 23 541.98590087890625 178.44866943359375 25 515.47998046875 180.55964660644531 91 536.044189453125 182.20071411132812 568 552.22344970703125 183.90254211425781 27 512.90216064453125 195.02278137207031 6 560.5780029296875 196.792724609375 373 514.072021484375 200.88346862792969 13 514.072021484375 200.88346862792969 14 556.59320068359375 226.5931396484375 15 488.70626831054688 228.74501037597656 325 154.606201171875 229.67304992675781 -1 294.70455932617188 230.40333557128906 -1 590.211181640625 250.21513366699219 17 625.03375244140625 256.78231811523438 -1 138.44401550292969 344.00396728515625 -1 112.82337951660156 416.70758056640625 -1 112.82337951660156 416.70758056640625 -1 90.512733459472656 417.20120239257812 -1 10.67652416229248 446.5174560546875 -1 498.51089477539062 196.61920166015625 39 203.19401550292969 229.24876403808594 -1 498.5584716796875 233.43702697753906 299 569.2198486328125 234.06227111816406 36 554.502685546875 234.26095581054688 709 227.13021850585938 235.73638916015625 -1 600.9017333984375 251.68698120117188 160 118.96220397949219 412.78921508789062 -1 107.00168609619141 437.67401123046875 -1 30.158187866210938 466.1539306640625 -1 539.04010009765625 169.56541442871094 43 539.04010009765625 169.56541442871094 42 477.41976928710938 188.17018127441406 -1 477.41976928710938 188.17018127441406 742 542.09539794921875 206.5980224609375 35 515.935302734375 209.73440551757812 477 515.935302734375 209.73440551757812 44 502.47805786132812 213.03559875488281 45 502.47805786132812 213.03559875488281 -1 559.986083984375 216.63873291015625 40 564.6768798828125 227.27714538574219 281 552.84527587890625 241.549072265625 379 570.0638427734375 252.75888061523438 166 8.6342315673828125 376.58370971679688 -1 57.765171051025391 414.98214721679688 -1 106.60616302490234 436.33343505859375 -1 477.09564208984375 189.61907958984375 -1 477.09564208984375 189.61907958984375 742 548.1751708984375 218.68302917480469 198 502.6719970703125 222.9716796875 362 460.11154174804688 225.231689453125 574 58.707145690917969 413.83270263671875 -1 503.58056640625 179.41793823242188 55 503.58056640625 179.41793823242188 54 490.03128051757812 188.31196594238281 47 561.31451416015625 188.636474609375 199 538.31414794921875 192.63996887207031 48 506.8516845703125 202.31454467773438 49 506.8516845703125 202.31454467773438 50 573.75579833984375 221.973876953125 51 482.77230834960938 247.00515747070312 58 628.87286376953125 247.9014892578125 -1 136.39669799804688 358.9207763671875 -1 50.501319885253906 401.48220825195312 -1 104.89328765869141 430.18914794921875 -1 514.99176025390625 166.22761535644531 347 532.17327880859375 173.57415771484375 53 532.17327880859375 173.57415771484375 52 525.95751953125 203.06794738769531 59 566.879638671875 204.70558166503906 60 603.3577880859375 206.94850158691406 56 458.2239990234375 222.08822631835938 -1 589.74505615234375 222.52694702148438 57 603.1126708984375 237.39021301269531 61 70.192634582519531 304.71478271484375 -1 83.777236938476562 347.11740112304688 -1 80.016708374023438 421.87078857421875 -1 455.89022827148438 219.55204772949219 577 572.67572021484375 241.08467102050781 62 79.810798645019531 424.10958862304688 -1 50.044155120849609 445.9376220703125 -1 125.31874084472656 461.27252197265625 -1 519.59716796875 184.85140991210938 64 519.59716796875 184.85140991210938 65 480.16049194335938 212.56034851074219 483 95.421737670898438 336.33877563476562 -1 28.368803024291992 395.3111572265625 -1 570.692626953125 221.19656372070312 288 104.42436981201172 390.47674560546875 -1 68.964263916015625 462.97201538085938 -1 74.750030517578125 193.94343566894531 -1 
32 0.93522906076905743 0.3353679906890768 0.10421047916075778 -0.044889762165590645 2.8515180930898301 -1.8927194858500132 3.4227978936267371 4 bot_right_000002.jpg
536.3551025390625 187.48562622070312 252 9.6015806198120117 228.43600463867188 -1 100.15384674072266 230.360595703125 -1 9.4415283203125 231.13534545898438 -1 164.43624877929688 233.502685546875 -1 493.533447265625 246.1728515625 -1 9.9747428894042969 260.0301513671875 -1 5.7004876136779785 260.424072265625 -1 13.498620986938477 264.803955078125 -1 28.511301040649414 273.4591064453125 -1 47.556003570556641 284.54495239257812 -1 58.165683746337891 288.03811645507812 -1 63.769901275634766 294.078857421875 -1 69.179344177246094 294.43093872070312 -1 66.469062805175781 295.65115356445312 -1 83.501480102539062 305.50894165039062 -1 87.18658447265625 307.7957763671875 -1 96.948524475097656 310.52157592773438 812 145.54255676269531 346.26437377929688 -1 140.57606506347656 346.419921875 -1 93.910179138183594 355.544189453125 -1 144.51898193359375 371.01235961914062 -1 18.062900543212891 374.24130249023438 -1 4.044342041015625 382.76861572265625 -1 142.41258239746094 404.0921630859375 -1 64.871971130371094 415.43804931640625 815 116.67740631103516 417.15328979492188 -1 36.234371185302734 432.35968017578125 -1 111.92424011230469 432.67758178710938 -1 69.033027648925781 433.53781127929688 -1 71.618148803710938 434.1453857421875 -1 80.88763427734375 440.19000244140625 -1 33.442527770996094 443.2230224609375 -1 181.39822387695312 444.49819946289062 -1 191.18460083007812 445.7637939453125 -1 167.5438232421875 446.0306396484375 -1 182.40423583984375 447.11813354492188 -1 11.02503490447998 447.4522705078125 823 29.853986740112305 447.53021240234375 -1 161.234619140625 448.47186279296875 -1 164.69570922851562 449.56466674804688 -1 19.378231048583984 451.45016479492188 -1 156.23518371582031 453.44894409179688 -1 42.486923217773438 467.08001708984375 -1 133.7083740234375 467.30685424804688 -1 11.362018585205078 468.40899658203125 -1 67.684776306152344 474.77572631835938 -1 260.86453247070312 474.73880004882812 -1 523.885009765625 167.54754638671875 339 544.39239501953125 170.98007202148438 -1 490.25454711914062 171.80746459960938 713 525.73028564453125 196.09552001953125 418 169.90336608886719 230.6053466796875 -1 209.6693115234375 230.70452880859375 -1 216.38914489746094 233.9564208984375 -1 248.05062866210938 233.86895751953125 -1 18.9930419921875 264.86312866210938 -1 50.764671325683594 283.439697265625 -1 78.672691345214844 349.02084350585938 -1 147.688720703125 350.35601806640625 813 13.583756446838379 369.95742797851562 -1 35.688140869140625 373.13629150390625 -1 52.450813293457031 374.309814453125 -1 142.83975219726562 383.90631103515625 -1 58.104701995849609 385.6951904296875 -1 55.071815490722656 387.04489135742188 -1 52.212982177734375 392.45159912109375 -1 3.1019086837768555 401.7747802734375 -1 54.493015289306641 403.38327026367188 -1 3.7189333438873291 417.21060180664062 -1 109.90772247314453 424.86737060546875 757 97.023887634277344 433.0418701171875 -1 4.2507634162902832 433.72735595703125 -1 69.000160217285156 437.91961669921875 -1 63.998779296875 440.58956909179688 -1 172.93196105957031 444.62149047851562 -1 176.42294311523438 447.04934692382812 -1 171.01559448242188 447.974853515625 -1 205.457763671875 453.18954467773438 -1 222.02906799316406 457.1185302734375 -1 71.914642333984375 457.44778442382812 -1 75.230857849121094 459.4617919921875 -1 227.722412109375 460.13983154296875 -1 249.71852111816406 469.41632080078125 -1 513.1944580078125 165.42430114746094 525 500.29794311523438 167.47628784179688 549 485.92654418945312 174.17018127441406 575 490.9110107421875 175.57443237304688 464 490.9110107421875 175.57443237304688 -1 535.87542724609375 176.78355407714844 849 551.75128173828125 179.72743225097656 26 518.37237548828125 180.81436157226562 -1 519.293701171875 190.89395141601562 6 521.5299072265625 202.00157165527344 7 494.24847412109375 226.45204162597656 325 52.791103363037109 229.00396728515625 -1 92.262229919433594 229.62959289550781 -1 125.93949127197266 229.97050476074219 -1 163.83180236816406 229.84661865234375 -1 183.66964721679688 230.01425170898438 -1 470.77386474609375 236.51072692871094 259 145.68106079101562 364.55322265625 814 28.39166259765625 368.810546875 -1 4.0726017951965332 404.984375 -1 89.296905517578125 417.03982543945312 593 84.683784484863281 417.331787109375 822 128.07464599609375 418.81228637695312 -1 193.15888977050781 449.11074829101562 -1 15.825128555297852 450.37615966796875 824 15.825128555297852 450.37615966796875 825 151.84506225585938 453.004638671875 -1 37.349636077880859 466.24490356445312 -1 256.60137939453125 472.11761474609375 -1 112.97445678710938 473.35903930664062 781 150.1715087890625 477.508544921875 -1 555.69415283203125 166.810791015625 19 555.69415283203125 166.810791015625 20 563.28033447265625 165.87849426269531 355 524.35577392578125 171.17324829101562 233 497.18450927734375 172.903076171875 464 497.18450927734375 172.903076171875 567 565.73114013671875 172.53318786621094 24 556.78558349609375 173.05215454101562 23 556.78558349609375 173.05215454101562 22 548.766357421875 174.14041137695312 25 523.64959716796875 176.530029296875 91 542.75543212890625 178.02053833007812 568 566.3983154296875 178.87026977539062 -1 558.80615234375 179.58836364746094 27 558.80615234375 179.58836364746094 28 519.46173095703125 190.78337097167969 6 566.4046630859375 192.68380737304688 373 520.55377197265625 196.60166931152344 13 520.55377197265625 196.60166931152344 14 546.51708984375 208.5152587890625 725 45.534271240234375 228.1845703125 -1 52.741897583007812 228.72526550292969 -1 120.26702880859375 229.494873046875 -1 132.31455993652344 229.19776916503906 -1 330.18804931640625 230.20750427246094 -1 352.302734375 230.21174621582031 -1 560.471923828125 230.0081787109375 709 501.72283935546875 232.83233642578125 727 150.79544067382812 234.69221496582031 -1 183.40010070800781 234.88272094726562 -1 333.294921875 235.67012023925781 -1 138.89743041992188 343.97775268554688 867 10.7738037109375 446.5137939453125 823 505.45950317382812 191.82588195800781 39 535.1162109375 192.86944580078125 490 508.49508666992188 216.61557006835938 362 563.042236328125 222.24285888671875 15 575.73333740234375 229.29290771484375 36 82.808425903320312 234.36882019042969 -1 386.38113403320312 235.54795837402344 -1 560.052001953125 236.43486022949219 379 574.52325439453125 247.69514465332031 166 81.0321044921875 355.55001831054688 -1 56.922702789306641 415.98995971679688 829 107.00533294677734 438.03240966796875 832 24.955692291259766 465.91522216796875 -1 484.29205322265625 184.39158630371094 -1 484.29205322265625 184.39158630371094 742 547.158447265625 202.00245666503906 35 547.158447265625 202.00245666503906 -1 522.4508056640625 205.39845275878906 477 522.4508056640625 205.39845275878906 44 508.76669311523438 208.53982543945312 45 508.76669311523438 208.53982543945312 -1 566.38092041015625 212.33377075195312 40 557.23419189453125 215.2548828125 558 571.114990234375 222.62028503417969 281 106.5946044921875 436.56689453125 834 70.448074340820312 442.33251953125 -1 40.319339752197266 473.62188720703125 833 136.45744323730469 358.85958862304688 836 58.715366363525391 413.75997924804688 837 496.85610961914062 183.87739562988281 47 568.2020263671875 184.2081298828125 199 544.93316650390625 188.33334350585938 48 513.5384521484375 197.82107543945312 49 513.5384521484375 197.82107543945312 50 580.29974365234375 217.60197448730469 51 507.91256713867188 221.54632568359375 362 466.15499877929688 224.23489379882812 574 489.1690673828125 242.49369812011719 58 629.12249755859375 245.26939392089844 -1 84.222244262695312 346.90521240234375 838 50.5272216796875 401.99081420898438 -1 104.86354064941406 430.3109130859375 839 521.69378662109375 161.50624084472656 347 511.72589111328125 176.57316589355469 55 532.58477783203125 198.70355224609375 59 532.58477783203125 198.70355224609375 -1 574.20648193359375 200.56051635742188 60 608.99151611328125 202.75184631347656 56 626.291748046875 214.02288818359375 -1 596.28924560546875 218.46562194824219 57 609.284423828125 233.34580993652344 61 68.742034912109375 304.682373046875 -1 131.42402648925781 409.67587280273438 794 79.44061279296875 421.843505859375 -1 123.66768646240234 464.5108642578125 795 549.625732421875 237.60908508300781 752 579.00811767578125 236.88973999023438 62 79.547470092773438 424.3951416015625 842 49.847900390625 446.4178466796875 843 526.55572509765625 180.5936279296875 64 526.55572509765625 180.5936279296875 65 486.7413330078125 207.97767639160156 483 459.8236083984375 215.93502807617188 577 96.108345031738281 336.0968017578125 844 28.193763732910156 395.69512939453125 810 576.6868896484375 216.82684326171875 288 105.20330047607422 390.2601318359375 874 69.357383728027344 462.30715942382812 846 104.40657806396484 392.30996704101562 847 74.264053344726562 195.82623291015625 848 
33 0.93949160436720813 0.32358420562939333 0.10290603544006667 -0.045377693426743901 3.0751496954125335 -2.8718540592211368 3.2256396812277766 4 bot_right_000003.jpg
544.96697998046875 166.42692565917969 326 476.83016967773438 219.28021240234375 -1 90.202911376953125 230.13287353515625 -1 139.09500122070312 233.54759216308594 -1 223.59152221679688 233.97828674316406 -1 244.40589904785156 234.11747741699219 -1 473.79800415039062 243.93170166015625 658 4.4810514450073242 259.6707763671875 -1 19.084163665771484 265.06124877929688 -1 27.116409301757812 269.88720703125 -1 44.200763702392578 279.83270263671875 -1 46.761920928955078 284.06460571289062 -1 51.164791107177734 283.87954711914062 -1 71.388534545898438 298.34674072265625 -1 74.682037353515625 300.35928344726562 -1 93.337448120117188 308.62033081054688 812 67.129486083984375 331.71902465820312 -1 133.02934265136719 333.04336547851562 -1 138.07987976074219 336.27084350585938 -1 148.16120910644531 351.29541015625 813 137.41246032714844 359.389404296875 -1 11.695522308349609 373.11734008789062 -1 143.33444213867188 383.02590942382812 -1 9.5232858657836914 386.8651123046875 -1 51.975669860839844 402.43411254882812 -1 142.46287536621094 403.54010009765625 -1 83.706436157226562 413.27325439453125 -1 65.065284729003906 415.41580200195312 815 112.47552490234375 427.96542358398438 -1 95.332954406738281 430.33316040039062 -1 111.96088409423828 432.56890869140625 -1 81.078231811523438 440.29522705078125 -1 11.057821273803711 447.35504150390625 823 110.58549499511719 450.60430908203125 -1 156.38929748535156 453.5909423828125 -1 210.87004089355469 454.85333251953125 -1 220.620849609375 456.52932739257812 758 19.088804244995117 459.6820068359375 -1 19.088804244995117 459.6820068359375 -1 227.2100830078125 462.54568481445312 -1 134.81031799316406 469.3760986328125 -1 80.447738647460938 473.16253662109375 -1 122.89652252197266 475.61563110351562 -1 12.761338233947754 475.94692993164062 -1 264.14862060546875 476.51904296875 -1 525.90826416015625 170.62216186523438 339 527.70611572265625 178.41773986816406 374 527.2183837890625 197.99870300292969 -1 103.51513671875 230.097412109375 -1 194.90644836425781 230.46583557128906 -1 47.725597381591797 232.60159301757812 -1 195.43374633789062 233.97120666503906 -1 11.089157104492188 260.4637451171875 -1 144.64605712890625 372.01788330078125 -1 47.465389251708984 392.77401733398438 -1 3.902968168258667 417.12301635742188 -1 5.0924820899963379 420.6363525390625 -1 89.989418029785156 422.86618041992188 764 4.1245698928833008 433.40609741210938 -1 102.91352844238281 440.68313598632812 -1 160.57243347167969 448.557373046875 -1 29.489826202392578 450.04888916015625 -1 152.3631591796875 452.9161376953125 -1 16.141071319580078 467.99441528320312 -1 77.118911743164062 473.48757934570312 -1 514.38604736328125 168.96621704101562 525 537.8682861328125 180.7186279296875 849 553.34490966796875 183.10299682617188 26 520.20220947265625 184.49522399902344 496 540.714111328125 184.3026123046875 495 568.6075439453125 195.67193603515625 373 84.715042114257812 229.34915161132812 -1 112.40126037597656 229.86665344238281 -1 472.27337646484375 238.61972045898438 259 142.88710021972656 341.00698852539062 820 78.678169250488281 352.72885131835938 -1 52.299568176269531 378.41555786132812 818 58.501575469970703 386.591796875 -1 84.528450012207031 417.47006225585938 822 89.711921691894531 417.449462890625 -1 193.26864624023438 449.27874755859375 -1 16.063972473144531 450.167236328125 824 16.063972473144531 450.167236328125 825 199.90501403808594 451.21627807617188 -1 205.53251647949219 453.48013305664062 -1 82.900779724121094 456.60818481445312 -1 82.900779724121094 456.60818481445312 -1 21.460346221923828 467.51483154296875 -1 248.26039123535156 468.41656494140625 -1 112.90657806396484 473.27743530273438 781 83.655509948730469 476.8431396484375 -1 514.455322265625 168.89349365234375 525 564.99859619140625 169.70085144042969 355 557.18975830078125 170.24168395996094 19 557.18975830078125 170.24168395996094 20 526.2657470703125 174.43547058105469 233 567.3780517578125 175.81217956542969 24 558.55712890625 176.40408325195312 22 558.55712890625 176.40408325195312 23 550.297119140625 177.60284423828125 25 521.7825927734375 179.02662658691406 91 544.20477294921875 181.36453247070312 568 560.45281982421875 182.88565063476562 27 560.45281982421875 182.88565063476562 28 521.362548828125 193.85678100585938 6 522.41009521484375 199.97492980957031 13 522.41009521484375 199.97492980957031 14 6.2283487319946289 227.29415893554688 -1 112.43470001220703 229.34468078613281 866 167.16897583007812 229.25225830078125 -1 271.58743286132812 230.12532043457031 -1 578.369873046875 231.37498474121094 36 67.285682678222656 233.68339538574219 -1 75.671798706054688 233.80174255371094 -1 504.93182373046875 233.44499206542969 299 128.42007446289062 234.93156433105469 -1 577.4383544921875 250.48068237304688 166 138.38543701171875 343.58529663085938 867 11.125124931335449 446.94580078125 823 76.304046630859375 451.15994262695312 -1 199.68765258789062 451.68569946289062 -1 248.38412475585938 468.24786376953125 -1 112.7926025390625 473.14251708984375 781 517.08209228515625 174.07516479492188 247 507.47079467773438 195.25740051269531 39 536.89361572265625 196.91691589355469 490 550.3170166015625 212.30912780761719 725 564.9229736328125 225.23834228515625 15 224.01486206054688 229.25439453125 -1 562.49298095703125 233.05625915527344 709 56.849021911621094 416.02151489257812 829 106.9521484375 438.12301635742188 832 24.254278182983398 466.81008911132812 -1 151.41935729980469 476.66799926757812 -1 547.7979736328125 168.67022705078125 43 547.7979736328125 168.67022705078125 42 513.75042724609375 188.82264709472656 280 524.3651123046875 208.60832214355469 477 524.3651123046875 208.60832214355469 44 568.11016845703125 215.42582702636719 40 572.88037109375 225.78707885742188 281 560.3248291015625 240.74275207519531 379 115.02384948730469 418.90740966796875 830 115.02384948730469 418.90740966796875 831 106.58180236816406 436.7724609375 834 61.475666046142578 474.30841064453125 -1 510.22171020507812 222.61517333984375 362 631.3206787109375 248.62428283691406 -1 136.77915954589844 358.36798095703125 836 58.710079193115234 413.77249145507812 837 60.692390441894531 441.03311157226562 -1 540.7281494140625 172.75492858886719 53 540.7281494140625 172.75492858886719 52 498.64926147460938 187.42393493652344 47 569.87957763671875 187.46023559570312 199 546.60546875 191.61474609375 48 515.3515625 201.29388427734375 49 515.3515625 201.29388427734375 50 581.84539794921875 220.60621643066406 51 467.980712890625 223.81129455566406 574 491.52450561523438 244.88626098632812 58 84.458534240722656 347.24777221679688 838 104.73290252685547 430.10641479492188 839 523.5125732421875 165.30607604980469 347 513.3975830078125 180.14308166503906 55 534.47796630859375 202.16885375976562 59 534.47796630859375 202.16885375976562 -1 575.5955810546875 203.75392150878906 60 610.81134033203125 205.87158203125 56 627.723876953125 216.95379638671875 -1 597.8406982421875 221.22854614257812 57 611.05584716796875 236.37973022460938 61 67.34454345703125 304.61465454101562 -1 131.57136535644531 411.22189331054688 794 580.66571044921875 240.08438110351562 62 79.531051635742188 424.73129272460938 842 50.067523956298828 446.254638671875 843 124.89418029785156 461.19744873046875 795 528.07440185546875 184.47512817382812 64 528.07440185546875 184.47512817382812 65 488.90194702148438 210.79385375976562 483 96.833602905273438 335.496826171875 844 493.31036376953125 163.5111083984375 -1 27.879507064819336 396.26409912109375 810 579.9368896484375 221.25341796875 288 105.52408599853516 390.21139526367188 874 70.339096069335938 461.7117919921875 846 104.97357177734375 392.08090209960938 847 77.252593994140625 195.12852478027344 848 
34 0.93899133412153335 0.32546053200564579 0.10238927553057763 -0.043441372073043612 3.1782021594267098 -2.6513830995559093 3.251294813206163 4 bot_right_000004.jpg
527.46710205078125 200.90617370605469 418 499.44403076171875 226.62472534179688 325 71.562469482421875 229.94192504882812 -1 86.460182189941406 229.95918273925781 -1 82.031761169433594 230.42327880859375 -1 183.86956787109375 230.80462646484375 -1 224.54856872558594 230.95425415039062 -1 187.05119323730469 233.85752868652344 -1 246.5936279296875 234.07598876953125 -1 251.52137756347656 233.86946105957031 -1 257.46603393554688 233.79762268066406 -1 263.12533569335938 234.16429138183594 -1 4.1284065246582031 259.66720581054688 -1 9.963475227355957 262.90362548828125 -1 24.189523696899414 268.19332885742188 -1 28.292535781860352 273.1746826171875 -1 32.463798522949219 275.90554809570312 -1 48.965709686279297 282.32907104492188 -1 54.356010437011719 288.64065551757812 -1 64.044204711914062 294.0775146484375 -1 76.566108703613281 298.87466430664062 -1 139.41297912597656 337.49853515625 -1 138.46794128417969 341.017333984375 -1 140.49188232421875 346.57061767578125 -1 140.49188232421875 346.57061767578125 -1 137.04971313476562 359.3023681640625 -1 146.06324768066406 366.29669189453125 814 147.13218688964844 370.07940673828125 -1 42.841575622558594 374.521484375 -1 51.941131591796875 383.52056884765625 -1 2.8596389293670654 400.17047119140625 -1 83.617622375488281 413.02505493164062 -1 2.8810098171234131 414.0369873046875 -1 65.52825927734375 415.41168212890625 815 67.972160339355469 416.86102294921875 -1 3.1178421974182129 422.96121215820312 -1 110.36637115478516 423.813720703125 757 67.734771728515625 424.9859619140625 -1 112.48506927490234 427.52264404296875 -1 94.064231872558594 428.481201171875 -1 67.882675170898438 435.44464111328125 -1 111.96456146240234 436.01123046875 -1 105.98641967773438 444.05868530273438 -1 167.8026123046875 445.9566650390625 -1 10.891679763793945 447.37548828125 823 164.11158752441406 449.99526977539062 -1 27.606014251708984 451.49417114257812 -1 209.89042663574219 454.68218994140625 -1 214.98703002929688 456.5074462890625 -1 145.69499206542969 457.90029907226562 -1 226.12869262695312 459.42620849609375 -1 62.598110198974609 461.04452514648438 -1 15.523251533508301 462.70758056640625 -1 29.030363082885742 465.06362915039062 -1 26.891693115234375 466.70077514648438 -1 26.891693115234375 466.70077514648438 -1 15.824521064758301 468.08847045898438 -1 248.0745849609375 469.27508544921875 -1 559.64813232421875 166.39772033691406 708 526.28082275390625 171.02095031738281 339 526.28082275390625 171.02095031738281 -1 526.879150390625 179.64511108398438 374 557.43768310546875 188.04324340820312 -1 504.40960693359375 205.13490295410156 485 17.934629440307617 228.55445861816406 -1 125.09950256347656 230.49913024902344 -1 46.190864562988281 232.33587646484375 -1 80.958610534667969 233.05888366699219 -1 54.836818695068359 386.79702758789062 -1 54.2457275390625 403.61270141601562 -1 90.500152587890625 423.46353149414062 764 102.79483032226562 440.78512573242188 -1 80.077102661132812 443.05642700195312 -1 191.23805236816406 445.65972900390625 -1 30.926103591918945 448.43490600585938 -1 16.318931579589844 450.01663208007812 824 16.318931579589844 450.01663208007812 825 72.0274658203125 450.05453491210938 -1 221.66049194335938 456.92507934570312 -1 233.48341369628906 462.3529052734375 -1 7.1688828468322754 468.46527099609375 -1 265.22360229492188 476.74810791015625 -1 17.016668319702148 477.62808227539062 -1 544.86138916015625 163.24969482421875 297 531.97308349609375 170.44027709960938 195 488.07281494140625 178.321533203125 575 538.36175537109375 181.3865966796875 849 553.89111328125 183.84089660644531 26 520.29571533203125 185.0399169921875 496 520.29571533203125 185.0399169921875 496 537.1961669921875 209.79437255859375 431 147.75645446777344 230.29560852050781 -1 172.68330383300781 230.41854858398438 -1 278.41741943359375 234.98506164550781 -1 100.82838439941406 312.739501953125 -1 143.26914978027344 341.09490966796875 820 28.099292755126953 368.81610107421875 -1 36.282600402832031 373.45211791992188 -1 58.578838348388672 386.3436279296875 -1 112.70817565917969 416.49533081054688 830 112.70817565917969 416.49533081054688 -1 84.416290283203125 417.16452026367188 822 4.4829463958740234 418.71875 -1 35.480648040771484 431.36679077148438 -1 4.9365677833557129 434.34014892578125 -1 197.14190673828125 446.45770263671875 -1 193.39213562011719 449.08187866210938 -1 37.936370849609375 466.62326049804688 -1 113.01602172851562 473.05697631835938 781 77.324882507324219 477.25033569335938 -1 557.7672119140625 171.02140808105469 19 518.25701904296875 173.50039672851562 247 526.3206787109375 175.356689453125 233 567.6676025390625 176.63279724121094 24 558.82232666015625 177.36714172363281 23 558.82232666015625 177.36714172363281 22 550.63983154296875 178.43487548828125 25 521.74664306640625 179.71940612792969 91 544.84002685546875 182.27191162109375 568 560.796142578125 183.73875427246094 27 560.796142578125 183.73875427246094 28 521.59100341796875 194.77824401855469 6 577.718994140625 195.60101318359375 30 569.42022705078125 196.67349243164062 373 522.68304443359375 200.73468017578125 13 522.68304443359375 200.73468017578125 14 537.05792236328125 209.67822265625 748 565.19903564453125 226.1204833984375 15 54.049671173095703 228.24392700195312 -1 62.834552764892578 228.15965270996094 -1 316.17556762695312 230.35209655761719 -1 373.23489379882812 230.29513549804688 -1 578.6717529296875 232.41744995117188 36 278.1419677734375 235.58705139160156 -1 290.6451416015625 235.80584716796875 -1 495.98007202148438 251.12068176269531 303 193.33995056152344 449.64407348632812 -1 55.845806121826172 475.7308349609375 -1 507.20968627929688 196.31201171875 39 537.79193115234375 198.30206298828125 490 562.9656982421875 233.80461120605469 709 576.556396484375 251.90010070800781 166 56.876625061035156 416.02471923828125 829 113.79080963134766 417.728759765625 830 113.79080963134766 417.728759765625 831 107.00270080566406 438.156982421875 832 150.91751098632812 476.8486328125 -1 548.027587890625 169.47355651855469 43 548.027587890625 169.47355651855469 42 549.8663330078125 206.10350036621094 35 549.8663330078125 206.10350036621094 -1 524.52008056640625 209.57875061035156 477 524.52008056640625 209.57875061035156 44 511.2718505859375 212.65855407714844 45 511.2718505859375 212.65855407714844 -1 568.23419189453125 216.15481567382812 40 573.17254638671875 226.90225219726562 281 422.333740234375 235.90245056152344 -1 561.86260986328125 241.78385925292969 379 106.67086791992188 436.93820190429688 834 39.622451782226562 473.87594604492188 833 545.1904296875 170.79234313964844 -1 486.07229614257812 189.51263427734375 -1 486.07229614257812 189.51263427734375 742 510.49740600585938 223.21742248535156 362 559.94769287109375 243.12504577636719 379 631.39361572265625 249.83798217773438 -1 136.67984008789062 358.4930419921875 836 58.772254943847656 413.69692993164062 837 60.109088897705078 461.07315063476562 -1 498.9478759765625 188.04812622070312 47 570.19207763671875 188.27407836914062 199 547.04339599609375 192.48460388183594 48 515.71185302734375 201.9688720703125 49 515.71185302734375 201.9688720703125 50 556.17041015625 218.15853881835938 198 556.17041015625 218.15853881835938 -1 467.76358032226562 222.74534606933594 574 582.2625732421875 221.90774536132812 51 491.43328857421875 246.09420776367188 58 84.26336669921875 347.23751831054688 838 104.75949859619141 430.1505126953125 839 524.03375244140625 165.83699035644531 347 541.28094482421875 173.49591064453125 53 541.28094482421875 173.49591064453125 52 513.63800048828125 180.75424194335938 55 534.817138671875 202.74189758300781 59 576.2598876953125 204.65728759765625 60 611.15911865234375 206.96839904785156 56 627.94989013671875 218.03829956054688 -1 598.26043701171875 222.33432006835938 57 549.9906005859375 236.29714965820312 752 444.48355102539062 238.89334106445312 576 610.8865966796875 237.79244995117188 61 68.51910400390625 304.69454956054688 -1 131.48855590820312 410.52670288085938 794 79.40985107421875 422.10671997070312 -1 123.543212890625 464.7581787109375 795 464.82809448242188 219.38638305664062 577 580.7198486328125 240.79393005371094 62 79.502616882324219 424.5487060546875 842 49.754245758056641 445.62710571289062 843 49.754245758056641 445.62710571289062 -1 528.26336669921875 184.79684448242188 64 528.26336669921875 184.79684448242188 65 489.16665649414062 210.80351257324219 483 96.967681884765625 335.716552734375 844 28.050411224365234 395.96279907226562 810 579.7113037109375 221.522216796875 288 105.39541625976562 390.38565063476562 874 69.814163208007812 462.50509643554688 846 60.34228515625 203.64688110351562 -1 104.74664306640625 392.32275390625 847 76.083580017089844 195.44122314453125 848 
35 0.94170921265848917 0.31868600582502982 0.099086643817040368 -0.042483237900287942 3.5288883843333321 -3.1997423044220925 3.2420606408305934 4 bot_right_000005.jpg
555.48406982421875 168.54997253417969 1 558.46539306640625 169.4444580078125 708 233.34182739257812 234.51898193359375 -1 473.3800048828125 242.23674011230469 259 8.5382938385009766 259.33526611328125 -1 11.080994606018066 260.45831298828125 -1 13.284420013427734 264.88348388671875 -1 32.561389923095703 276.02865600585938 -1 44.306900024414062 282.48602294921875 -1 47.564262390136719 284.6224365234375 -1 52.773563385009766 285.06787109375 -1 70.993148803710938 295.479736328125 -1 97.144729614257812 310.810791015625 812 100.88607788085938 313.40155029296875 -1 148.22653198242188 351.09500122070312 813 146.02116394042969 366.07058715820312 814 43.205650329589844 371.93292236328125 -1 147.55609130859375 371.85858154296875 -1 4.4872775077819824 377.88150024414062 -1 65.147636413574219 415.40225219726562 815 59.544654846191406 420.45346069335938 -1 5.3029255867004395 421.50735473632812 -1 110.33926391601562 424.11965942382812 757 174.54917907714844 444.76788330078125 -1 191.26737976074219 445.5753173828125 -1 185.29289245605469 447.1351318359375 -1 166.30996704101562 449.02783203125 -1 156.73001098632812 450.54022216796875 -1 114.14849090576172 451.435546875 -1 151.83816528320312 453.59213256835938 -1 18.603208541870117 453.67376708984375 -1 221.64480590820312 456.99325561523438 -1 75.751564025878906 458.93505859375 -1 29.463394165039062 460.71661376953125 -1 226.80477905273438 462.57659912109375 -1 15.104808807373047 464.09649658203125 -1 18.125232696533203 463.81259155273438 -1 84.006561279296875 465.51718139648438 -1 139.89315795898438 465.47653198242188 -1 21.368154525756836 467.07229614257812 -1 248.85765075683594 469.37991333007812 -1 253.52391052246094 473.92950439453125 -1 71.331329345703125 476.00424194335938 -1 125.71749877929688 476.3079833984375 -1 524.68292236328125 174.14553833007812 339 491.82070922851562 178.91154479980469 713 527.2039794921875 200.86404418945312 -1 9.9619674682617188 228.37477111816406 -1 98.376724243164062 229.86422729492188 -1 183.873046875 230.36874389648438 -1 506.82266235351562 232.01101684570312 264 6.0245933532714844 261.12692260742188 -1 35.760810852050781 373.07803344726562 -1 52.850536346435547 378.49295043945312 818 3.903144359588623 417.30514526367188 -1 90.641899108886719 423.386474609375 764 97.919883728027344 433.872802734375 -1 72.127166748046875 434.93267822265625 -1 72.127166748046875 434.93267822265625 -1 106.47647094726562 444.50323486328125 -1 204.16729736328125 449.43832397460938 -1 75.601921081542969 450.11483764648438 -1 208.84254455566406 451.57366943359375 -1 205.35789489746094 453.00405883789062 -1 21.394712448120117 455.96517944335938 -1 72.576408386230469 461.31463623046875 -1 233.3895263671875 462.4071044921875 -1 136.69453430175781 464.58242797851562 -1 246.65093994140625 471.34701538085938 -1 255.66842651367188 472.2823486328125 -1 113.45651245117188 473.54034423828125 781 564.599365234375 173.73648071289062 355 522.20660400390625 182.49891662597656 91 537.7574462890625 184.07417297363281 849 537.7574462890625 184.07417297363281 849 553.6932373046875 186.47026062011719 26 520.5755615234375 187.80244445800781 496 520.5755615234375 187.80244445800781 496 537.52752685546875 194.64114379882812 252 262.59283447265625 230.50361633300781 -1 298.0791015625 230.91976928710938 -1 290.22671508789062 234.763916015625 -1 502.80691528320312 239.72669982910156 -1 142.43580627441406 340.63250732421875 820 52.364662170410156 410.13369750976562 -1 79.649734497070312 414.67880249023438 -1 84.420951843261719 417.13442993164062 822 89.585189819335938 417.29739379882812 -1 11.150714874267578 447.2509765625 823 29.908334732055664 448.93206787109375 -1 15.898366928100586 450.2664794921875 824 15.898366928100586 450.2664794921875 825 237.99395751953125 463.88177490234375 -1 65.001274108886719 477.12588500976562 -1 77.348098754882812 476.97286987304688 -1 532.2191162109375 173.59330749511719 195 557.5057373046875 173.85704040527344 19 557.5057373046875 173.85704040527344 20 564.7584228515625 173.36611938476562 355 526.06524658203125 178.10411071777344 233 558.84466552734375 179.96633911132812 23 558.84466552734375 179.96633911132812 22 567.26885986328125 179.38771057128906 24 550.54119873046875 181.18505859375 25 544.94439697265625 184.99278259277344 568 560.71527099609375 186.56553649902344 27 560.71527099609375 186.56553649902344 28 521.613037109375 197.55146789550781 6 568.83209228515625 199.70840454101562 373 522.7708740234375 203.43150329589844 13 522.7708740234375 203.43150329589844 14 565.13916015625 228.57122802734375 15 106.70691680908203 229.05668640136719 -1 128.44081115722656 229.38175964355469 -1 152.47378540039062 229.2366943359375 -1 344.8818359375 230.43492126464844 -1 577.9224853515625 235.56240844726562 36 138.73101806640625 344.0751953125 867 199.36442565917969 451.73611450195312 -1 531.38958740234375 182.07969665527344 21 506.58395385742188 199.61880493164062 39 537.40350341796875 200.37504577636719 490 562.51055908203125 236.42710876464844 709 80.898727416992188 355.294677734375 -1 56.883274078369141 415.99624633789062 829 113.84262084960938 417.79605102539062 830 113.84262084960938 417.79605102539062 831 107.01429748535156 438.19277954101562 832 30.385063171386719 465.78384399414062 -1 30.385063171386719 465.78384399414062 -1 40.230274200439453 474.01962280273438 833 547.920166015625 172.19636535644531 43 547.920166015625 172.19636535644531 42 514.52117919921875 192.23780822753906 280 524.607177734375 212.08058166503906 44 524.607177734375 212.08058166503906 477 511.50253295898438 215.48040771484375 45 567.9378662109375 218.82902526855469 40 558.732421875 222.30210876464844 198 511.22457885742188 224.35586547851562 362 572.95574951171875 229.464111328125 281 552.0736083984375 231.56112670898438 265 560.45062255859375 243.93490600585938 379 578.75872802734375 255.54879760742188 166 106.71450805664062 437.10250854492188 834 550.49029541015625 232.6617431640625 265 560.14739990234375 244.56065368652344 379 631.38067626953125 252.46453857421875 -1 579.410400390625 256.38555908203125 -1 136.54055786132812 358.51446533203125 836 58.736339569091797 413.74237060546875 837 498.72970581054688 190.99864196777344 47 569.95037841796875 191.09796142578125 199 546.8726806640625 195.32731628417969 48 515.55291748046875 204.82797241210938 49 468.16134643554688 223.59062194824219 -1 582.32891845703125 224.57180786132812 51 491.76852416992188 248.35003662109375 58 83.957832336425781 346.850830078125 838 104.74514007568359 430.05490112304688 839 523.95416259765625 168.74868774414062 347 540.81866455078125 176.31591796875 53 540.81866455078125 176.31591796875 52 513.71160888671875 183.64389038085938 55 534.831298828125 205.66990661621094 59 575.2745361328125 207.24920654296875 60 610.86846923828125 210.07148742675781 56 627.54931640625 221.00845336914062 -1 598.22930908203125 224.7449951171875 57 610.90386962890625 240.23863220214844 61 67.882942199707031 304.56558227539062 -1 131.47744750976562 410.60848999023438 794 580.97833251953125 243.56143188476562 62 79.512619018554688 424.70770263671875 842 50.117549896240234 446.63238525390625 843 124.95278930664062 461.05484008789062 795 528.36773681640625 187.68949890136719 64 528.36773681640625 187.68949890136719 65 488.8712158203125 214.92578125 483 97.025749206542969 335.61773681640625 844 27.8739013671875 396.19418334960938 810 580.71722412109375 224.71998596191406 288 105.41284942626953 390.23370361328125 874 69.682876586914062 461.62551879882812 846 104.77075958251953 392.2049560546875 847 75.545036315917969 195.72059631347656 848 
36 0.94001250991615237 0.32236430786440134 0.10335170394371064 -0.042144507449637943 3.1748987086126186 -2.8075149861377349 3.2361584688457934 4 bot_right_000006.jpg
58.072277069091797 229.53985595703125 -1 477.08047485351562 230.87881469726562 -1 498.93392944335938 232.31642150878906 486 14.43825626373291 262.41256713867188 -1 17.306413650512695 264.00247192382812 -1 33.27874755859375 273.2974853515625 -1 36.421009063720703 275.3236083984375 -1 33.522274017333984 276.5341796875 -1 48.528316497802734 282.114013671875 -1 53.165641784667969 285.06369018554688 -1 50.728294372558594 286.2789306640625 -1 75.077194213867188 300.514404296875 -1 148.11216735839844 351.30581665039062 813 83.136138916015625 354.12362670898438 -1 137.431640625 358.91140747070312 -1 137.431640625 358.91140747070312 -1 145.84307861328125 366.65768432617188 814 38.445056915283203 373.59756469726562 -1 147.33442687988281 373.99578857421875 -1 53.003459930419922 375.115966796875 -1 8.3555393218994141 388.16668701171875 -1 43.99444580078125 388.2763671875 -1 3.1154487133026123 399.66357421875 -1 140.64765930175781 413.91995239257812 -1 5.3102927207946777 420.75662231445312 -1 110.526611328125 423.184326171875 757 89.251365661621094 432.22439575195312 -1 13.6727294921875 444.95843505859375 -1 182.49073791503906 444.63394165039062 -1 75.561325073242188 450.04400634765625 -1 151.88114929199219 453.63067626953125 -1 21.391752243041992 454.50485229492188 -1 146.34107971191406 457.02529907226562 -1 148.28910827636719 458.62109375 -1 140.32264709472656 462.16415405273438 -1 234.61390686035156 462.88015747070312 -1 83.858436584472656 464.0841064453125 -1 27.210517883300781 465.78036499023438 -1 113.45033264160156 473.45852661132812 -1 260.18649291992188 474.73385620117188 758 266.79031372070312 477.66769409179688 -1 527.41534423828125 173.81265258789062 339 12.204196929931641 228.31040954589844 -1 17.547122955322266 228.73361206054688 -1 65.262619018554688 229.57951354980469 -1 116.43606567382812 230.62074279785156 -1 177.64787292480469 230.38523864746094 -1 183.64924621582031 230.43612670898438 -1 41.102718353271484 232.42298889160156 -1 150.29371643066406 355.97616577148438 -1 147.49809265136719 370.18405151367188 -1 35.223018646240234 372.90789794921875 -1 58.135684967041016 386.41629028320312 -1 55.532142639160156 391.92929077148438 -1 56.102256774902344 407.61618041992188 -1 2.9118633270263672 413.4967041015625 -1 79.906669616699219 414.50942993164062 -1 3.7188606262207031 416.95919799804688 -1 90.973091125488281 424.21932983398438 764 4.5661211013793945 433.67852783203125 -1 72.18280029296875 434.25161743164062 -1 72.18280029296875 434.25161743164062 -1 102.40627288818359 440.15328979492188 -1 191.35964965820312 445.620361328125 -1 193.44107055664062 448.64471435546875 -1 16.394550323486328 449.9791259765625 824 16.394550323486328 449.9791259765625 825 9.024744987487793 468.8623046875 -1 534.75006103515625 168.45999145507812 573 561.52008056640625 169.028564453125 708 561.52008056640625 169.028564453125 75 486.95111083984375 182.5423583984375 575 538.84783935546875 184.25245666503906 849 521.66217041015625 187.52226257324219 496 521.66217041015625 187.52226257324219 496 522.56988525390625 197.8465576171875 6 570.291748046875 199.13359069824219 373 524.68511962890625 208.67669677734375 7 71.339424133300781 229.37040710449219 -1 77.329933166503906 229.55134582519531 -1 122.76863098144531 229.96134948730469 -1 227.988525390625 230.55378723144531 -1 249.01698303222656 230.4547119140625 -1 67.043342590332031 233.22665405273438 -1 253.44021606445312 234.45225524902344 -1 366.23443603515625 234.53524780273438 -1 502.0445556640625 243.63421630859375 158 143.31941223144531 340.95455932617188 820 52.339042663574219 378.22991943359375 818 84.761039733886719 417.55361938476562 822 197.52792358398438 446.6273193359375 -1 11.15526008605957 446.90673828125 823 5.8078079223632812 447.64682006835938 -1 30.104063034057617 449.47869873046875 -1 37.242778778076172 466.7001953125 -1 17.122217178344727 468.29776000976562 -1 248.8074951171875 468.85870361328125 -1 76.995574951171875 471.33123779296875 -1 84.110183715820312 477.14132690429688 -1 150.35305786132812 477.42697143554688 -1 566.14691162109375 172.61837768554688 355 558.6961669921875 173.59442138671875 19 558.6961669921875 173.59442138671875 20 527.3720703125 177.97862243652344 233 559.94427490234375 179.87519836425781 23 559.94427490234375 179.87519836425781 22 568.58331298828125 179.18972778320312 24 533.3887939453125 180.72171020507812 21 551.5733642578125 180.94476318359375 25 522.04083251953125 182.03715515136719 91 545.5106201171875 184.77009582519531 568 554.81298828125 186.464111328125 26 561.77410888671875 186.31333923339844 27 561.77410888671875 186.31333923339844 28 18.687616348266602 188.07096862792969 -1 522.73114013671875 197.658447265625 6 578.74639892578125 198.18309020996094 30 570.17791748046875 199.23599243164062 373 523.86700439453125 203.2352294921875 13 523.86700439453125 203.2352294921875 14 51.891876220703125 228.22479248046875 -1 566.2989501953125 228.42098999023438 15 105.67996978759766 229.21217346191406 -1 509.04360961914062 232.00437927246094 264 67.154212951660156 233.36433410644531 -1 1.1799683570861816 429.73370361328125 -1 1.1799683570861816 429.73370361328125 -1 107.15857696533203 439.05230712890625 832 11.124697685241699 446.48873901367188 823 193.32029724121094 449.5360107421875 -1 71.5943603515625 457.41888427734375 -1 134.70512390136719 457.23294067382812 -1 150.68988037109375 458.66268920898438 -1 37.178070068359375 466.76416015625 -1 249.27127075195312 468.41836547851562 -1 112.95018768310547 473.40911865234375 781 502.4759521484375 179.67039489746094 414 502.4759521484375 179.67039489746094 567 508.4656982421875 198.88664245605469 39 538.56591796875 200.4197998046875 490 71.688591003417969 228.87669372558594 -1 366.18405151367188 235.32279968261719 -1 579.37445068359375 235.68263244628906 36 564.74932861328125 236.35003662109375 709 56.824596405029297 416.02334594726562 829 113.69217681884766 417.69525146484375 830 113.69217681884766 417.69525146484375 831 25.016799926757812 466.33078002929688 -1 548.9786376953125 172.15510559082031 43 548.9786376953125 172.15510559082031 42 550.701171875 208.62277221679688 35 550.701171875 208.62277221679688 -1 525.676025390625 212.03875732421875 477 525.676025390625 212.03875732421875 44 512.2303466796875 215.26998901367188 45 512.2303466796875 215.26998901367188 -1 569.71649169921875 218.73178100585938 40 512.0328369140625 224.12345886230469 362 52.228633880615234 227.44953918457031 -1 574.17535400390625 229.4183349609375 281 574.17535400390625 229.4183349609375 46 511.751220703125 233.30999755859375 -1 427.97195434570312 235.67068481445312 -1 341.80230712890625 236.57292175292969 -1 562.7108154296875 243.61825561523438 379 106.57891845703125 436.69659423828125 834 548.157958984375 172.37554931640625 43 548.157958984375 172.37554931640625 42 487.01327514648438 193.50082397460938 -1 487.01327514648438 193.50082397460938 742 558.41888427734375 220.932861328125 198 552.05584716796875 232.56396484375 265 513.7381591796875 234.37049865722656 -1 136.4207763671875 358.55862426757812 836 58.729831695556641 413.69985961914062 837 499.94393920898438 190.81025695800781 47 571.340576171875 190.75775146484375 199 548.055419921875 195.07261657714844 48 516.73406982421875 204.63722229003906 49 469.94415283203125 224.1484375 574 583.83831787109375 224.36846923828125 51 400.32986450195312 238.74766540527344 -1 493.0369873046875 248.11923217773438 58 84.258934020996094 347.11517333984375 838 104.71533203125 430.06301879882812 839 525.1754150390625 168.65876770019531 347 541.61944580078125 176.54469299316406 53 541.61944580078125 176.54469299316406 52 536.08966064453125 205.3458251953125 59 575.81561279296875 206.91923522949219 60 612.51953125 209.0821533203125 56 628.71710205078125 220.74418640136719 -1 599.49249267578125 224.59848022460938 57 612.31793212890625 240.05300903320312 61 67.776412963867188 304.80239868164062 -1 131.76797485351562 411.55026245117188 794 79.188224792480469 422.20037841796875 -1 123.53092193603516 464.64663696289062 795 79.3680419921875 424.6859130859375 842 50.024349212646484 446.06353759765625 843 529.34735107421875 187.51728820800781 64 529.34735107421875 187.51728820800781 65 490.0224609375 213.92803955078125 483 97.613540649414062 335.5101318359375 844 494.30038452148438 163.565673828125 -1 27.937541961669922 396.2939453125 810 581.94781494140625 224.56867980957031 288 70.878227233886719 463.57305908203125 846 61.5330810546875 203.64012145996094 -1 105.27589416503906 391.93234252929688 847 77.411628723144531 195.52786254882812 848 
37 0.93970270350019702 0.32291009462039522 0.10349560803770799 -0.04445850811232311 3.1122728486952922 -2.8744075024979554 3.1016331151663641 4 bot_right_000007.jpg
38.202594757080078 155.38739013671875 -1 38.202594757080078 155.38739013671875 -1 544.9771728515625 167.60992431640625 326 526.25592041015625 167.81562805175781 -1 544.90936279296875 208.79837036132812 -1 9.5853385925292969 228.59133911132812 -1 29.491918563842773 228.81858825683594 -1 112.07706451416016 230.61512756347656 -1 136.62150573730469 230.50984191894531 -1 158.75505065917969 230.36540222167969 -1 218.76966857910156 230.91680908203125 -1 332.93438720703125 231.36032104492188 -1 210.934326171875 233.90483093261719 -1 591.2724609375 248.90379333496094 16 12.492877960205078 261.37277221679688 -1 23.521194458007812 267.57705688476562 -1 40.974403381347656 280.48678588867188 -1 47.784954071044922 282.04217529296875 -1 72.998321533203125 296.49200439453125 -1 74.713531494140625 297.9327392578125 -1 80.12835693359375 300.98284912109375 -1 80.866691589355469 304.06393432617188 -1 84.499778747558594 306.13299560546875 -1 139.84156799316406 337.611328125 -1 66.983055114746094 337.98739624023438 -1 79.26763916015625 349.45803833007812 -1 148.18156433105469 351.31051635742188 813 53.261398315429688 375.58126831054688 -1 12.562606811523438 378.64901733398438 -1 46.9237060546875 393.08480834960938 -1 3.1592957973480225 400.2862548828125 -1 8.3691282272338867 402.165283203125 -1 75.730255126953125 412.37966918945312 -1 2.6060020923614502 412.93487548828125 -1 65.496841430664062 415.35287475585938 815 80.481498718261719 417.65078735351562 -1 3.1640849113464355 422.82571411132812 -1 86.251068115234375 422.63546752929688 -1 110.31782531738281 423.0955810546875 757 13.795538902282715 444.59521484375 -1 177.91419982910156 444.48611450195312 -1 79.980758666992188 444.90176391601562 -1 79.980758666992188 444.90176391601562 -1 171.80996704101562 445.17202758789062 -1 28.525476455688477 446.18408203125 -1 134.95390319824219 447.79498291015625 -1 213.817626953125 453.57000732421875 -1 20.911638259887695 456.29037475585938 -1 147.45433044433594 456.55221557617188 -1 223.64997863769531 458.03216552734375 758 18.829364776611328 460.4708251953125 -1 20.017454147338867 469.14651489257812 -1 5.1677432060241699 471.31634521484375 -1 245.67439270019531 470.9564208984375 -1 123.50400543212891 474.98257446289062 -1 126.48992919921875 475.38787841796875 -1 527.78546142578125 171.3006591796875 339 521.94091796875 184.70736694335938 -1 521.94091796875 184.70736694335938 496 528.6634521484375 198.16781616210938 -1 524.8865966796875 205.56074523925781 7 35.083240509033203 228.82530212402344 -1 105.31718444824219 230.07872009277344 -1 206.82649230957031 234.05229187011719 -1 473.8048095703125 234.01106262207031 578 320.79849243164062 234.62770080566406 -1 69.989433288574219 297.86209106445312 -1 58.074794769287109 386.64425659179688 -1 41.047134399414062 390.61605834960938 -1 56.133991241455078 407.55484008789062 -1 83.8013916015625 412.95135498046875 -1 79.669929504394531 414.6212158203125 -1 3.8930723667144775 417.18197631835938 -1 84.442764282226562 417.13714599609375 822 90.519180297851562 423.53399658203125 764 94.231353759765625 429.223388671875 -1 42.834693908691406 430.23831176757812 -1 101.25699615478516 438.5986328125 -1 182.46444702148438 444.51467895507812 -1 76.539405822753906 445.02267456054688 -1 11.112150192260742 447.10415649414062 823 18.821142196655273 463.3057861328125 -1 16.517478942871094 467.40899658203125 -1 24.014881134033203 470.31790161132812 -1 127.14446258544922 471.48681640625 -1 76.527374267578125 471.84503173828125 -1 543.6763916015625 164.08723449707031 297 535.22491455078125 166.02825927734375 573 563.86053466796875 167.19609069824219 708 504.27212524414062 171.52774047851562 549 499.38333129882812 172.86225891113281 550 497.37762451171875 177.95858764648438 464 497.37762451171875 177.95858764648438 567 526.67156982421875 180.15097045898438 374 539.157470703125 181.21662902832031 849 19.349950790405273 188.35203552246094 -1 539.80938720703125 190.16696166992188 252 570.47222900390625 196.51010131835938 373 24.964338302612305 228.42880249023438 -1 152.10269165039062 229.99946594238281 -1 380.30435180664062 230.73428344726562 -1 168.06710815429688 234.17469787597656 -1 283.09207153320312 235.04859924316406 -1 291.47134399414062 234.93551635742188 -1 143.14576721191406 341.19931030273438 820 145.40753173828125 364.851806640625 814 4.1160111427307129 385.95556640625 -1 45.55267333984375 387.9525146484375 -1 112.68960571289062 416.72369384765625 830 112.68960571289062 416.72369384765625 -1 89.2108154296875 417.17645263671875 -1 4.9227733612060547 434.15518188476562 -1 16.063274383544922 450.2110595703125 824 16.063274383544922 450.2110595703125 825 29.055995941162109 466.78955078125 -1 38.628684997558594 467.18438720703125 -1 80.457870483398438 471.08792114257812 -1 112.72444915771484 472.91299438476562 781 77.046661376953125 477.05911254882812 -1 559.08270263671875 170.8712158203125 19 566.37890625 170.0958251953125 355 527.67974853515625 175.14912414550781 233 568.9287109375 176.5419921875 24 560.19207763671875 177.25874328613281 23 560.19207763671875 177.25874328613281 22 552.006591796875 178.25473022460938 25 526.41845703125 180.38815307617188 91 545.53363037109375 182.03291320800781 568 562.15753173828125 183.65966796875 27 562.15753173828125 183.65966796875 28 523.2308349609375 194.51054382324219 6 524.21875 200.61273193359375 13 524.21875 200.61273193359375 14 152.22848510742188 229.60780334472656 -1 27.051105499267578 232.70553588867188 -1 507.37957763671875 233.01235961914062 299 579.310546875 232.94442749023438 36 136.66476440429688 234.68995666503906 -1 282.69638061523438 235.560791015625 -1 498.75753784179688 249.35247802734375 555 68.408981323242188 342.48388671875 -1 52.138771057128906 379.24594116210938 818 23.425445556640625 465.99032592773438 -1 112.62380981445312 472.92831420898438 781 63.409725189208984 476.048583984375 -1 503.56814575195312 176.87644958496094 414 503.56814575195312 176.87644958496094 567 508.55572509765625 196.31777954101562 39 538.83050537109375 197.91378784179688 490 566.74560546875 226.19952392578125 15 563.8597412109375 233.58079528808594 709 397.219970703125 235.63591003417969 -1 472.46942138671875 239.587646484375 259 81.258872985839844 355.2789306640625 -1 56.861923217773438 415.95748901367188 829 113.65543365478516 417.8087158203125 831 113.65543365478516 417.8087158203125 830 106.88808441162109 438.16909790039062 832 549.3951416015625 169.42669677734375 43 549.3951416015625 169.42669677734375 42 551.119384765625 206.03764343261719 35 551.119384765625 206.03764343261719 -1 525.778076171875 209.49864196777344 477 525.778076171875 209.49864196777344 44 569.8048095703125 216.13687133789062 40 560.38922119140625 219.52056884765625 198 574.53253173828125 226.9921875 281 574.53253173828125 226.9921875 46 427.12155151367188 228.6910400390625 -1 345.09429931640625 236.29826354980469 -1 106.57682800292969 436.82943725585938 834 38.452907562255859 473.81201171875 833 487.29452514648438 190.06008911132812 742 487.29452514648438 190.06008911132812 -1 512.09442138671875 222.84552001953125 362 470.14300537109375 224.18806457519531 574 561.6065673828125 242.16122436523438 379 631.55072021484375 250.09622192382812 -1 136.39431762695312 358.49343872070312 836 58.743568420410156 413.68988037109375 837 79.883773803710938 419.17694091796875 -1 60.392833709716797 462.961669921875 -1 542.0411376953125 173.50065612792969 53 542.0411376953125 173.50065612792969 52 500.1768798828125 188.01727294921875 47 571.2840576171875 188.427978515625 199 548.4024658203125 192.37249755859375 48 516.9896240234375 201.9100341796875 49 516.9896240234375 201.9100341796875 50 583.76007080078125 221.70318603515625 51 415.0093994140625 226.57643127441406 -1 492.56076049804688 246.35176086425781 58 84.262435913085938 346.92129516601562 838 132.07228088378906 413.28482055664062 794 104.80681610107422 430.34371948242188 839 536.39764404296875 202.83807373046875 59 578.31494140625 204.69557189941406 60 612.41485595703125 207.08975219726562 56 628.76141357421875 218.28666687011719 -1 599.77728271484375 222.00479125976562 57 551.756591796875 234.98367309570312 752 613.31475830078125 237.22683715820312 61 79.200393676757812 422.27859497070312 -1 123.57965087890625 464.59414672851562 795 582.46978759765625 240.88671875 62 79.388931274414062 424.76422119140625 842 49.720508575439453 446.40475463867188 843 529.8358154296875 184.34259033203125 64 529.8358154296875 184.34259033203125 65 490.16278076171875 211.86822509765625 483 97.66827392578125 335.62289428710938 844 27.939729690551758 396.30645751953125 810 582.00830078125 220.65606689453125 288 70.477073669433594 461.0428466796875 846 61.525222778320312 203.05189514160156 -1 105.45278930664062 391.99273681640625 847 76.2120361328125 195.91001892089844 848 
38 0.93907167407517711 0.32475813102367135 0.10229252835200706 -0.047040258577203141 3.1724862794600539 -2.8694961113515887 2.9348093454428872 4 bot_right_000008.jpg
13.970712661743164 228.60552978515625 -1 32.804885864257812 228.8822021484375 -1 64.410163879394531 229.84490966796875 -1 84.76458740234375 229.91793823242188 -1 88.621139526367188 230.30860900878906 -1 243.94990539550781 231.08100891113281 -1 99.300216674804688 233.15931701660156 -1 259.07244873046875 233.94538879394531 -1 474.54458618164062 235.51188659667969 259 475.01339721679688 240.03407287597656 259 4.0881247520446777 256.71417236328125 -1 12.019726753234863 261.10757446289062 -1 9.464838981628418 262.59991455078125 -1 17.311248779296875 263.9154052734375 -1 23.94056510925293 267.976318359375 -1 24.700187683105469 271.151611328125 -1 29.86506462097168 271.36721801757812 -1 51.379261016845703 283.93499755859375 -1 69.77783203125 294.75521850585938 -1 145.60226440429688 345.85220336914062 -1 81.748786926269531 350.825927734375 -1 147.93571472167969 350.90768432617188 813 129.66972351074219 361.91018676757812 -1 9.4076967239379883 371.56777954101562 -1 144.80149841308594 371.34048461914062 -1 12.297301292419434 373.01739501953125 -1 6.9960269927978516 389.82058715820312 -1 49.201179504394531 410.38824462890625 660 67.85064697265625 417.1077880859375 -1 2.7632453441619873 423.17608642578125 -1 87.076828002929688 423.6636962890625 -1 110.47608184814453 423.300537109375 757 94.066535949707031 428.85186767578125 -1 75.911628723144531 435.91403198242188 -1 111.58533477783203 438.34762573242188 -1 103.37861633300781 441.47030639648438 -1 28.511640548706055 451.35043334960938 -1 33.946697235107422 454.21792602539062 -1 214.4068603515625 456.63983154296875 -1 231.17390441894531 461.5714111328125 -1 23.889841079711914 465.40283203125 -1 83.977005004882812 468.09494018554688 -1 10.94453239440918 468.635498046875 -1 20.129251480102539 469.22930908203125 -1 560.32421875 162.00001525878906 75 560.32421875 162.00001525878906 708 522.3592529296875 164.31748962402344 -1 527.898193359375 167.28237915039062 339 498.37347412109375 169.94087219238281 550 529.48583984375 175.0650634765625 374 529.5743408203125 197.08609008789062 418 505.99044799804688 200.00642395019531 485 5.385040283203125 227.9530029296875 -1 20.294748306274414 228.34417724609375 -1 28.197177886962891 228.62406921386719 -1 47.453449249267578 229.52986145019531 -1 210.12286376953125 230.5604248046875 -1 236.05967712402344 234.02580261230469 -1 388.910400390625 234.48684692382812 -1 34.772171020507812 273.94866943359375 -1 96.08428955078125 310.04348754882812 812 78.38787841796875 348.4791259765625 -1 137.39642333984375 359.16619873046875 -1 58.077934265136719 387.14666748046875 -1 56.055622100830078 407.47061157226562 -1 2.9912393093109131 413.64285278320312 -1 3.9157509803771973 416.99078369140625 -1 84.713279724121094 417.41757202148438 822 117.10087585449219 417.38626098632812 -1 90.370964050292969 423.37738037109375 764 3.6059329509735107 432.64785766601562 -1 72.146308898925781 435.49459838867188 -1 72.146308898925781 435.49459838867188 -1 80.550735473632812 442.20590209960938 -1 171.53727722167969 445.09149169921875 -1 190.7957763671875 445.48312377929688 -1 11.476015090942383 447.12637329101562 823 185.71475219726562 447.44784545898438 -1 75.4381103515625 448.16836547851562 -1 226.96722412109375 459.54965209960938 -1 16.289638519287109 467.89605712890625 -1 81.018966674804688 470.07867431640625 -1 258.18612670898438 473.33074951171875 -1 545.23779296875 159.87313842773438 297 533.471923828125 166.43417358398438 195 499.98568725585938 172.95590209960938 567 499.98568725585938 172.95590209960938 464 524.09857177734375 175.59188842773438 91 539.3863525390625 177.67767333984375 849 522.60113525390625 180.54306030273438 496 522.60113525390625 180.54306030273438 496 18.824832916259766 187.91595458984375 -1 525.22943115234375 202.03408813476562 7 76.649391174316406 229.47981262207031 -1 380.66299438476562 230.88578796386719 -1 100.69971466064453 317.54547119140625 -1 143.11911010742188 341.09970092773438 820 145.50048828125 364.8895263671875 814 52.492607116699219 378.57955932617188 818 67.669517517089844 424.64028930664062 -1 5.0561327934265137 434.10751342773438 -1 76.554374694824219 442.15512084960938 -1 16.218669891357422 450.07290649414062 824 16.218669891357422 450.07290649414062 825 150.88136291503906 457.91033935546875 -1 29.863222122192383 465.46939086914062 -1 39.54034423828125 466.85202026367188 -1 76.907035827636719 466.98843383789062 -1 112.97491455078125 472.96051025390625 781 264.04006958007812 476.00192260742188 -1 63.079376220703125 477.0294189453125 -1 567.25189208984375 166.302734375 355 559.36407470703125 167.13702392578125 19 527.74664306640625 171.25537109375 233 569.54571533203125 172.90339660644531 24 560.74609375 173.30307006835938 22 560.74609375 173.30307006835938 23 552.417724609375 174.47341918945312 25 546.2799072265625 178.308349609375 568 555.48748779296875 179.97328186035156 26 562.6246337890625 180.00250244140625 27 18.877174377441406 187.9283447265625 -1 523.30133056640625 190.64419555664062 6 579.51556396484375 191.86911010742188 30 570.32440185546875 193.12161254882812 373 524.2474365234375 196.70303344726562 13 524.2474365234375 196.70303344726562 14 113.62450408935547 229.36917114257812 -1 579.625 229.27122497558594 36 299.45941162109375 230.182861328125 -1 330.71414184570312 230.22409057617188 -1 371.48577880859375 230.35897827148438 -1 380.757568359375 230.61970520019531 -1 563.52728271484375 230.74784851074219 709 115.38190460205078 234.87309265136719 -1 121.75897979736328 234.54573059082031 -1 128.63764953613281 234.79876708984375 -1 498.59622192382812 245.34828186035156 555 105.52975463867188 321.15164184570312 -1 68.386016845703125 342.05743408203125 -1 138.68722534179688 343.43560791015625 867 82.190963745117188 354.64596557617188 -1 1.3245488405227661 429.70330810546875 -1 1.3245488405227661 429.70330810546875 -1 82.946762084960938 456.7974853515625 -1 150.70375061035156 458.68145751953125 -1 508.7071533203125 192.30989074707031 39 538.9512939453125 193.30363464355469 490 566.5203857421875 222.81698608398438 15 417.1346435546875 228.8914794921875 -1 393.216552734375 229.39143371582031 -1 505.70599365234375 233.45152282714844 727 73.682685852050781 340.2633056640625 -1 72.455024719238281 348.3629150390625 -1 56.78643798828125 416.02481079101562 829 106.84603118896484 438.28488159179688 832 10.569696426391602 445.37417602539062 -1 70.718170166015625 453.630126953125 -1 151.55274963378906 476.480224609375 -1 549.989990234375 165.52389526367188 43 549.989990234375 165.52389526367188 42 526.08441162109375 205.46401977539062 477 526.08441162109375 205.46401977539062 44 513.34765625 208.57865905761719 45 513.34765625 208.57865905761719 -1 569.9078369140625 212.76158142089844 40 560.79412841796875 215.57962036132812 558 574.53875732421875 223.15043640136719 281 574.53875732421875 223.15043640136719 46 581.1690673828125 249.61685180664062 166 70.49884033203125 443.5076904296875 -1 38.761726379394531 473.84622192382812 833 487.33401489257812 186.79594421386719 -1 487.33401489257812 186.79594421386719 742 469.95571899414062 224.85250854492188 553 631.6484375 246.804931640625 -1 581.73291015625 250.39547729492188 -1 136.59873962402344 358.20358276367188 836 58.683155059814453 413.76278686523438 837 79.959220886230469 419.29568481445312 -1 117.20404815673828 420.99664306640625 -1 117.20404815673828 420.99664306640625 -1 60.317920684814453 461.75753784179688 -1 500.38125610351562 183.87757873535156 47 571.90985107421875 184.68257141113281 199 548.682373046875 188.58906555175781 48 517.14849853515625 197.9788818359375 49 583.8426513671875 217.99288940429688 51 511.43838500976562 221.64848327636719 362 492.59481811523438 242.10145568847656 58 84.359001159667969 347.011474609375 838 50.111209869384766 402.66433715820312 -1 132.11434936523438 413.4503173828125 794 104.81246948242188 430.37582397460938 839 525.89886474609375 161.99293518066406 347 542.77557373046875 169.691650390625 53 542.77557373046875 169.691650390625 52 514.842529296875 176.39503479003906 55 536.4510498046875 198.9388427734375 59 536.4510498046875 198.9388427734375 -1 578.0440673828125 200.96795654296875 60 612.575927734375 203.62384033203125 56 629.0096435546875 214.67097473144531 -1 600.045654296875 218.55604553222656 57 613.101318359375 234.05268859863281 61 553.5208740234375 236.32589721679688 752 123.49805450439453 464.81790161132812 795 552.91552734375 236.88009643554688 752 582.5316162109375 237.61259460449219 62 79.467910766601562 424.77346801757812 842 49.903339385986328 446.328369140625 843 530.573974609375 181.2745361328125 64 530.573974609375 181.2745361328125 65 490.30059814453125 207.22669982910156 483 581.7525634765625 218.84205627441406 288 581.7525634765625 218.84205627441406 288 26.379899978637695 399.00650024414062 810 71.0623779296875 462.96832275390625 846 63.085060119628906 202.8914794921875 -1 105.55659484863281 391.855224609375 847 77.717910766601562 195.53195190429688 848 
39 0.93941208028489098 0.32384043183357675 0.10258670857470972 -0.045916068521421383 3.1246043868580218 -2.8774338501927827 3.1010235920674294 4 bot_right_000009.jpg
35.051567077636719 229.05931091308594 -1 65.217872619628906 229.84495544433594 -1 93.114669799804688 230.39117431640625 -1 156.63240051269531 230.44900512695312 -1 326.25149536132812 231.44438171386719 -1 301.28802490234375 234.28518676757812 -1 353.64956665039062 234.307373046875 -1 4.3412408828735352 256.8902587890625 -1 34.111240386962891 273.95745849609375 -1 37.523529052734375 278.57879638671875 -1 45.052783966064453 280.16427612304688 -1 52.908840179443359 284.880859375 -1 66.504196166992188 292.583740234375 -1 74.068077087402344 297.29226684570312 -1 71.339225769042969 298.38430786132812 -1 96.419731140136719 310.50357055664062 812 147.974853515625 350.923828125 813 137.176513671875 359.06668090820312 -1 146.15644836425781 366.64437866210938 814 45.795524597167969 372.90206909179688 -1 18.484529495239258 374.9552001953125 -1 18.484529495239258 374.9552001953125 -1 45.868350982666016 375.49520874023438 -1 3.1409060955047607 379.52841186523438 -1 51.613182067871094 383.513671875 -1 2.7013318538665771 400.29595947265625 -1 49.336105346679688 409.52590942382812 660 5.1441864967346191 410.60055541992188 -1 2.8192436695098877 413.41790771484375 -1 84.685752868652344 413.66958618164062 -1 48.821083068847656 416.70794677734375 -1 87.629684448242188 424.145751953125 -1 112.49071502685547 428.66778564453125 -1 3.3654520511627197 432.54278564453125 -1 80.841629028320312 440.22695922851562 -1 191.39762878417969 445.66644287109375 -1 29.679206848144531 447.92486572265625 -1 134.55143737792969 450.65252685546875 -1 75.163223266601562 453.258544921875 -1 156.27729797363281 453.39871215820312 -1 217.01664733886719 454.89364624023438 -1 145.31599426269531 458.175537109375 -1 148.42860412597656 458.51663208007812 -1 221.23170471191406 459.67584228515625 -1 18.753894805908203 461.74349975585938 -1 225.452392578125 461.88778686523438 -1 84.21014404296875 464.00128173828125 -1 81.233642578125 466.53839111328125 -1 81.233642578125 466.53839111328125 -1 39.824451446533203 467.47756958007812 -1 126.59043121337891 472.400146484375 -1 17.388673782348633 473.2086181640625 -1 123.04518890380859 475.44680786132812 -1 159.53031921386719 476.03427124023438 -1 526.36248779296875 169.55122375488281 339 497.32723999023438 171.991455078125 550 546.62872314453125 173.01078796386719 -1 504.78936767578125 201.48516845703125 485 3.006779670715332 228.28009033203125 -1 46.764114379882812 229.22767639160156 -1 377.437255859375 231.18496704101562 -1 495.67807006835938 230.95643615722656 486 306.21279907226562 234.74612426757812 -1 492.55361938476562 253.17332458496094 303 30.336633682250977 275.00949096679688 -1 33.746936798095703 369.91799926757812 -1 147.48054504394531 370.18667602539062 -1 9.1166915893554688 371.46627807617188 -1 35.255672454833984 373.12686157226562 -1 51.968814849853516 378.0396728515625 818 56.110355377197266 407.61849975585938 -1 79.667312622070312 414.64767456054688 -1 6.549464225769043 415.27944946289062 -1 4.0520420074462891 417.31228637695312 -1 109.98255157470703 423.13937377929688 757 67.737136840820312 424.735595703125 -1 90.856773376464844 424.26641845703125 764 97.391014099121094 433.64584350585938 -1 102.43115997314453 440.52215576171875 -1 80.160568237304688 444.35507202148438 -1 6.2851810455322266 447.5426025390625 -1 213.78288269042969 453.47756958007812 -1 236.7509765625 463.86480712890625 758 21.932279586791992 466.75527954101562 -1 247.93882751464844 468.89895629882812 -1 116.10479736328125 471.33758544921875 -1 544.808349609375 161.79779052734375 297 565.8154296875 169.43060302734375 355 489.07427978515625 176.16035461425781 575 538.525146484375 179.29478454589844 849 554.23968505859375 182.04498291015625 26 521.16448974609375 182.98721313476562 496 19.355426788330078 188.53366088867188 -1 524.2821044921875 204.27825927734375 7 499.43869018554688 224.71151733398438 325 105.44922637939453 229.92782592773438 -1 129.95346069335938 230.08975219726562 -1 473.83294677734375 242.74354553222656 658 143.16986083984375 340.8927001953125 820 69.089767456054688 342.30975341796875 -1 84.411376953125 417.35073852539062 822 89.305488586425781 417.49374389648438 -1 11.201011657714844 446.9766845703125 823 16.183786392211914 450.16448974609375 825 16.183786392211914 450.16448974609375 824 199.88914489746094 451.32400512695312 -1 205.29339599609375 453.52908325195312 -1 28.70262336730957 466.081787109375 -1 28.70262336730957 466.081787109375 -1 17.003520965576172 467.86727905273438 -1 80.982322692871094 470.13812255859375 -1 241.99028015136719 470.29669189453125 -1 76.629859924316406 474.18423461914062 -1 150.14547729492188 477.31008911132812 -1 558.19708251953125 169.2032470703125 19 558.19708251953125 169.2032470703125 20 526.9619140625 173.44236755371094 233 568.151611328125 174.82533264160156 24 559.28045654296875 175.56169128417969 23 559.28045654296875 175.56169128417969 22 551.11712646484375 176.54600524902344 25 545.1094970703125 180.37004089355469 568 561.4222412109375 181.93876647949219 27 561.4222412109375 181.93876647949219 28 568.875732421875 181.27268981933594 -1 578.341552734375 193.81375122070312 30 523.23272705078125 198.86984252929688 13 523.23272705078125 198.86984252929688 14 537.0721435546875 207.534423828125 748 565.679931640625 224.51519775390625 15 3.3877487182617188 227.73348999023438 -1 58.486965179443359 228.44088745117188 -1 105.41742706298828 229.58587646484375 -1 114.80411529541016 229.26998901367188 -1 280.06771850585938 230.24343872070312 -1 353.23553466796875 230.10848999023438 -1 184.92868041992188 234.81056213378906 -1 198.73811340332031 234.98139953613281 -1 312.89324951171875 235.75770568847656 -1 113.86848449707031 417.84689331054688 830 113.86848449707031 417.84689331054688 831 0.85217994451522827 429.76177978515625 -1 0.85217994451522827 429.76177978515625 -1 11.047752380371094 446.47421264648438 823 193.24525451660156 449.68606567382812 -1 76.963546752929688 462.598388671875 -1 263.55648803710938 475.20465087890625 -1 63.784290313720703 476.39199829101562 -1 507.58609008789062 194.56816101074219 39 578.11474609375 231.76097106933594 36 563.21783447265625 232.29876708984375 709 506.1494140625 233.67869567871094 299 365.17010498046875 235.85348510742188 -1 74.571617126464844 341.24786376953125 -1 56.784038543701172 416.03683471679688 829 106.95485687255859 438.52383422851562 832 548.5435791015625 167.75833129882812 43 548.5435791015625 167.75833129882812 42 525.0255126953125 207.47467041015625 44 525.0255126953125 207.47467041015625 477 512.84710693359375 210.90992736816406 45 512.84710693359375 210.90992736816406 -1 568.6915283203125 214.58641052246094 40 559.596923828125 217.6666259765625 558 559.596923828125 217.6666259765625 198 573.44952392578125 225.31155395507812 281 573.44952392578125 225.31155395507812 46 577.94915771484375 251.13333129882812 166 61.742652893066406 438.7703857421875 -1 35.186618804931641 473.63125610351562 833 35.186618804931641 473.63125610351562 -1 499.51971435546875 186.04209899902344 47 486.35043334960938 188.91758728027344 -1 486.35043334960938 188.91758728027344 742 136.48828125 358.58428955078125 836 58.666770935058594 413.77737426757812 837 79.985397338867188 419.24267578125 -1 117.40756225585938 421.06527709960938 -1 117.40756225585938 421.06527709960938 -1 60.987354278564453 438.67306518554688 -1 570.8138427734375 186.53401184082031 199 547.547607421875 190.57968139648438 48 516.08148193359375 200.10018920898438 49 516.08148193359375 200.10018920898438 50 583.03204345703125 219.85807800292969 51 510.73809814453125 222.46824645996094 362 468.22802734375 223.5439453125 574 491.46084594726562 244.67558288574219 58 629.99969482421875 248.2171630859375 -1 84.309677124023438 346.99862670898438 838 132.239501953125 413.84780883789062 794 104.86710357666016 430.5126953125 839 524.59857177734375 164.05143737792969 347 541.44012451171875 171.97074890136719 53 541.44012451171875 171.97074890136719 52 513.73162841796875 178.61033630371094 55 535.27203369140625 200.99665832519531 59 535.27203369140625 200.99665832519531 -1 577.037353515625 202.81309509277344 60 611.48443603515625 205.15107727050781 56 628.4464111328125 216.29904174804688 -1 599.2686767578125 221.23550415039062 57 551.5888671875 236.23709106445312 752 612.040283203125 235.81640625 61 69.274032592773438 305.0887451171875 -1 123.45036315917969 464.81149291992188 795 464.82098388671875 219.86138916015625 577 79.391136169433594 424.8734130859375 842 49.585285186767578 445.90036010742188 843 528.574462890625 182.60235595703125 65 528.574462890625 182.60235595703125 64 489.251220703125 210.21099853515625 483 58.883419036865234 307.92416381835938 -1 28.014781951904297 396.32110595703125 810 580.65252685546875 219.2279052734375 288 111.93065643310547 315.10958862304688 -1 70.998001098632812 462.64251708984375 846 61.729965209960938 203.38996887207031 -1 105.81693267822266 391.77572631835938 847 78.5281982421875 195.30050659179688 848 
40 0.93577094233724611 0.33372717414879272 0.10618278471281993 -0.041038188831317157 2.9072539125269969 -1.8208772494890249 3.3060917859745422 4 bot_right_000010.jpg
527.4171142578125 166.99594116210938 -1 521.04241943359375 171.950927734375 247 513.33392333984375 173.15046691894531 462 530.206298828125 177.57133483886719 374 20.836189270019531 228.41537475585938 -1 4.4441423416137695 256.95562744140625 -1 8.9476346969604492 259.27783203125 -1 12.331124305725098 261.36724853515625 -1 35.527969360351562 274.64358520507812 -1 40.343532562255859 277.576171875 -1 48.464935302734375 282.32394409179688 -1 53.729637145996094 288.16314697265625 -1 70.802993774414062 298.05706787109375 -1 75.59747314453125 298.28515625 -1 73.917213439941406 299.73117065429688 -1 81.88763427734375 304.42803955078125 -1 97.232376098632812 310.78872680664062 812 69.109977722167969 340.82061767578125 -1 145.65283203125 346.1746826171875 -1 82.72589111328125 351.2813720703125 -1 148.05036926269531 351.197509765625 813 149.92497253417969 357.44903564453125 -1 27.052522659301758 372.03140258789062 -1 11.835679054260254 373.07614135742188 -1 2.8003313541412354 413.2186279296875 -1 65.897392272949219 415.30810546875 815 68.031234741210938 417.034423828125 -1 5.0846805572509766 420.51882934570312 -1 110.43167877197266 422.72174072265625 757 112.36248779296875 427.9013671875 -1 95.064201354980469 430.47305297851562 -1 112.29679870605469 431.96273803710938 -1 69.195594787597656 437.697509765625 -1 70.413932800292969 441.3804931640625 -1 80.778129577636719 441.62039184570312 -1 80.269126892089844 445.27267456054688 -1 167.82940673828125 446.12734985351562 -1 29.281890869140625 448.910400390625 -1 28.068519592285156 451.71017456054688 -1 151.03010559082031 456.59683227539062 -1 87.496315002441406 457.29373168945312 -1 144.77464294433594 458.43756103515625 -1 147.07637023925781 459.56890869140625 -1 19.016185760498047 461.1414794921875 -1 230.03460693359375 460.91390991210938 -1 132.22427368164062 461.55108642578125 -1 228.02278137207031 463.10086059570312 -1 25.655609130859375 468.31771850585938 -1 246.6527099609375 468.49359130859375 -1 256.168701171875 472.58334350585938 -1 526.89202880859375 170.77250671386719 339 490.30218505859375 177.59548950195312 575 528.94793701171875 199.78904724121094 418 477.97726440429688 217.6143798828125 -1 55.916866302490234 229.35211181640625 -1 72.416152954101562 229.92875671386719 -1 115.03641510009766 233.59317016601562 -1 475.00048828125 243.9024658203125 658 72.54473876953125 295.99307250976562 -1 139.5328369140625 342.073974609375 -1 145.9688720703125 365.80215454101562 814 35.232765197753906 373.1182861328125 -1 54.888290405273438 386.9974365234375 -1 58.058376312255859 387.467529296875 -1 55.390487670898438 391.58126831054688 -1 55.474353790283203 395.31512451171875 -1 79.540336608886719 414.47604370117188 -1 3.8774008750915527 416.86834716796875 -1 5.240288257598877 429.91445922851562 -1 4.3940658569335938 433.59341430664062 -1 68.124359130859375 433.67141723632812 -1 10.976009368896484 447.048828125 823 176.37648010253906 447.05935668945312 -1 171.01217651367188 448.107421875 -1 203.96917724609375 449.4244384765625 -1 80.857704162597656 469.06076049804688 -1 492.2803955078125 180.68841552734375 723 492.2803955078125 180.68841552734375 -1 539.2445068359375 180.97621154785156 849 568.7879638671875 181.80210876464844 3 546.7509765625 181.891357421875 568 521.68597412109375 184.4488525390625 496 521.68597412109375 184.4488525390625 496 18.043586730957031 189.04780578613281 -1 531.71942138671875 210.50604248046875 422 5.2675838470458984 227.90342712402344 -1 499.00518798828125 227.76472473144531 325 40.467914581298828 228.54643249511719 -1 50.047988891601562 228.9310302734375 -1 82.39044189453125 229.38978576660156 -1 161.95486450195312 230.07272338867188 -1 314.44384765625 230.95951843261719 -1 473.48175048828125 238.23402404785156 259 79.243087768554688 352.8472900390625 -1 52.523738861083984 378.59890747070312 818 4.1553840637207031 386.628662109375 -1 113.02772521972656 416.82550048828125 830 113.02772521972656 416.82550048828125 -1 84.476966857910156 417.51339721679688 822 89.449928283691406 417.5404052734375 593 91.018623352050781 424.67233276367188 764 36.981369018554688 437.0753173828125 -1 111.90213775634766 446.8397216796875 -1 75.958450317382812 448.49810791015625 -1 193.90988159179688 449.54147338867188 -1 16.293594360351562 450.02789306640625 824 16.293594360351562 450.02789306640625 825 151.3323974609375 457.47134399414062 -1 40.42547607421875 466.43087768554688 -1 77.439308166503906 466.8909912109375 -1 113.25637817382812 473.83810424804688 781 17.072084426879883 476.88638305664062 -1 150.46127319335938 477.2325439453125 -1 566.2052001953125 169.70066833496094 355 558.85711669921875 170.58232116699219 19 558.85711669921875 170.58232116699219 20 518.49005126953125 173.72947692871094 247 527.37115478515625 174.7476806640625 233 559.99554443359375 176.7310791015625 23 559.99554443359375 176.7310791015625 22 568.81182861328125 176.09817504882812 24 551.77685546875 177.89950561523438 25 522.88531494140625 179.33827209472656 91 554.7919921875 183.3778076171875 26 562.08319091796875 183.1142578125 27 562.08319091796875 183.1142578125 28 580.10986328125 194.39201354980469 30 523.9273681640625 200.22822570800781 13 523.9273681640625 200.22822570800781 14 518.6124267578125 217.74226379394531 521 50.004997253417969 228.71189880371094 -1 113.44828796386719 229.35354614257812 -1 507.45660400390625 231.88311767578125 299 17.101415634155273 232.80908203125 -1 579.2816162109375 232.58927917480469 36 500.45724487304688 233.7237548828125 644 142.70535278320312 234.51414489746094 -1 164.52500915527344 234.73411560058594 -1 175.22982788085938 234.59347534179688 585 356.69256591796875 235.56561279296875 -1 364.33551025390625 235.4879150390625 -1 14.403316497802734 266.72119140625 -1 143.17803955078125 340.944580078125 820 72.471076965332031 347.8466796875 -1 113.67868804931641 417.62103271484375 830 113.67868804931641 417.62103271484375 831 1.6477738618850708 429.69232177734375 -1 1.6477738618850708 429.69232177734375 -1 76.603561401367188 460.90646362304688 -1 532.16839599609375 179.32136535644531 21 508.22079467773438 195.89285278320312 39 538.59234619140625 197.17861938476562 490 566.32781982421875 225.60987854003906 15 343.31634521484375 229.16250610351562 -1 564.47369384765625 233.61846923828125 709 578.1865234375 251.33430480957031 166 73.949310302734375 340.67276000976562 -1 106.78463745117188 438.04144287109375 832 70.891693115234375 453.20938110351562 -1 548.85675048828125 169.13372802734375 43 548.85675048828125 169.13372802734375 42 549.50341796875 205.24812316894531 35 549.50341796875 205.24812316894531 -1 525.781005859375 208.91366577148438 477 525.781005859375 208.91366577148438 44 512.4324951171875 212.16050720214844 45 512.4324951171875 212.16050720214844 -1 569.420654296875 215.60380554199219 40 560.29302978515625 219.1025390625 198 560.29302978515625 219.1025390625 558 574.33294677734375 226.34368896484375 281 75.681083679199219 304.76864624023438 -1 57.609626770019531 414.9912109375 829 106.55043029785156 436.7882080078125 834 70.502792358398438 444.211669921875 -1 69.861175537109375 461.64010620117188 -1 38.651317596435547 473.90838623046875 833 487.0250244140625 189.73640441894531 -1 487.0250244140625 189.73640441894531 742 511.9371337890625 222.80635070800781 362 469.75082397460938 224.34605407714844 574 136.67158508300781 358.017578125 836 58.644180297851562 413.77108764648438 837 117.20200347900391 420.89959716796875 -1 117.20200347900391 420.89959716796875 -1 541.60186767578125 173.39448547363281 53 541.60186767578125 173.39448547363281 52 499.8603515625 187.58045959472656 47 571.314697265625 187.80732727050781 199 548.12322998046875 191.85820007324219 48 516.79840087890625 201.55650329589844 49 534.30548095703125 218.96998596191406 -1 583.6630859375 221.15118408203125 51 492.61306762695312 245.53044128417969 58 630.761474609375 249.43328857421875 -1 84.379486083984375 346.96624755859375 838 50.142337799072266 402.58926391601562 -1 132.19908142089844 413.90447998046875 794 104.76238250732422 430.21481323242188 839 524.98626708984375 165.48683166503906 347 536.005126953125 202.37080383300781 59 536.005126953125 202.37080383300781 -1 577.5406494140625 204.210693359375 60 611.6387939453125 206.43597412109375 56 628.84893798828125 217.346435546875 -1 599.6990966796875 221.70625305175781 57 551.31121826171875 235.20391845703125 752 613.36309814453125 236.67057800292969 61 138.03424072265625 332.34732055664062 -1 123.60145568847656 464.71646118164062 795 582.5306396484375 240.55545043945312 62 79.442184448242188 424.7667236328125 842 49.840805053710938 446.63519287109375 843 529.58062744140625 184.38551330566406 64 529.58062744140625 184.38551330566406 65 490.21694946289062 210.7071533203125 483 492.20816040039062 166.32637023925781 -1 491.802001953125 165.09898376464844 -1 582.0859375 221.68569946289062 288 26.389322280883789 399.03692626953125 810 71.128135681152344 462.31024169921875 846 105.81634521484375 391.74264526367188 847 78.035469055175781 195.24862670898438 848 
