# 3D point list with one line of data per point:
#   POINT3D_ID, X, Y, Z, R, G, B, ERROR, TRACK[] as (IMAGE_ID, POINT2D_IDX)
# Number of points: 2402, mean track length: 10.144462947543714
1 -3.0950252686032016 -10.054698649091879 28.901870923447731 108 92 104 0.66124817033841521 24 52 36 13 28 51 26 55 23 60 22 64 25 43 35 171 38 181 39 170 34 150 40 185 33 11 32 10 31 186 18 83 14 295 13 334 17 77 19 55 20 93 15 320 16 82 12 73 5 71 4 335 8 73 9 290 7 271 6 59 3 66 1 240
2 -3.0835012147405449 -10.046909685452778 28.861905913629709 108 92 104 0.5904233953327731 24 51 36 14 27 60 26 56 23 61 22 65 25 44 32 11 13 335 17 78 18 84 19 56 20 94 15 321 16 81 12 74 5 72 4 336 8 72 9 291 7 272 6 60 1 241
3 -12.515538238274486 3.5626375440094478 36.379221986540671 103 62 75 1.3288767939455304 24 595 36 75
4 -2.0568239736311003 3.9460440349655594 39.779475301175914 20 20 22 0.66752141131612186 24 246 36 81 28 201 29 249 27 237 26 609 23 239 22 235 25 235 35 266 38 75 40 75 21 266
5 -2.2580533237332965 4.1786340792609451 39.613609266101982 13 11 12 0.85288414027513915 24 623 36 83 28 601 29 629 27 606 26 249 23 245 30 600 22 244 25 616 38 273 37 78 39 263 34 251 40 79 32 73 31 85 21 281
6 0.11813567402827446 4.9974639590850298 37.978678693674865 45 36 37 0.66144872370937213 24 651 36 90 28 626 29 645 27 630 26 644 26 941 23 645 30 940 25 646 35 286 37 88 34 65 40 306 33 95 32 85
7 -0.56821468928092977 5.2826212271350652 38.158069262645768 64 58 62 0.41171920102125481 24 277 36 94 28 234 26 283 22 271 25 271 38 291 39 89 40 96 32 88
8 -3.5891167093730809 5.8178601741672704 40.380924916673123 8 8 8 1.0169021828564928 24 658 36 97 28 239 29 655 27 640 26 291 23 650 30 635 22 606 25 653 35 88 38 293 37 298 39 293 34 270 40 311 33 304 21 721
9 -2.2551944352094053 5.6826241705500662 38.548653087192648 35 33 36 0.76197270880497203 24 661 36 99 28 638 29 659 27 641 26 298 23 910 30 638 22 608 25 656 34 69 32 90 21 1030
10 2.2126219646994696 5.8113376019416974 37.495146806474757 38 36 40 0.5915117719712536 24 919 36 105 28 651 29 971 27 962 26 668 23 670 30 655 22 619 25 941 39 95 34 281 33 100 31 107 21 1047
11 1.8106369269335751 5.9437056088123894 37.117335068212583 41 41 43 0.69613217697053309 24 682 36 106 28 658 29 670 27 662 26 962 23 674 30 661 22 621 25 668 35 296 38 298 37 311 39 302 40 318 32 95 31 108 21 750
12 -4.6699388599603315 7.1627541478361634 40.380973951174653 11 11 11 1.7264951256566485 24 318 36 118 26 325 30 291 22 297 25 683 35 101 38 308 37 111 39 106 34 81 40 116 21 361
13 -4.8389625622175032 7.3100148693280245 40.499608256329424 24 25 27 1.1082416368018371 24 320 36 120 28 264 25 687
14 -1.3450952907712639 7.1993280633621097 37.072088297185282 69 60 63 0.7379550860036308 24 329 36 133 28 692 29 706 27 702 26 711 23 697 30 306 25 332 35 113 33 123
15 -0.88203962952003678 7.1582350993839521 36.692359939010025 75 64 70 0.89183524354503385 24 707 36 134 28 279 26 345 23 325 30 308 25 700 38 126 39 119 33 126 32 121
16 0.081897559850522855 3.8035564849018604 39.055585508228283 18 6 2 0.32205713045713924 24 619 36 265 28 597 29 907 27 602 26 611 23 616 30 594 22 564 25 609 35 72 38 76 21 273
17 0.90137738920354082 4.014568370356014 39.309250742645851 26 26 26 0.41023156121390858 24 627 36 270 28 604 27 921 26 620 23 624 29 630 30 601 22 570 25 617 35 269 38 277 37 280 34 253 40 285 33 279 21 685
18 -0.34663622228317542 4.1047749554691118 39.125620266711088 42 22 17 0.64137280754042225 24 630 36 274 28 602 27 607 26 619 23 625 30 234 29 264 22 575 25 619 35 271 38 275 37 282 39 265 34 252 40 288 33 281 32 267 31 282
19 -0.35816059046382098 4.1228093072590486 39.25411240290488 42 22 17 0.88398711017956777 24 629 36 275 28 603 27 608 26 618 23 626 30 233 29 263 22 574 25 618 38 276 39 264 40 287 37 81 38 84 33 282 31 283 21 689
20 -2.8292217996799409 4.8735702343527176 39.781774849064305 52 46 48 0.76581843825131224 24 643 36 283 28 940 29 937 27 623 26 638 23 636 30 619 22 589 25 633 35 282 38 285 37 291 39 278 34 263 40 303 33 292 32 272 31 524 21 1014
21 -2.2600088154411573 4.9487689316231442 39.154863539764399 61 60 62 0.57700290836666246 24 897 36 287 28 944 29 942 27 941 26 936 23 895 30 936 22 856 25 917 35 284 38 288 37 293 39 279 34 264 40 561 33 298 32 274 31 289 21 1018
22 0.09215284097732919 4.7860598256245286 38.145932444721041 46 36 35 0.56493035924976187 24 646 36 288 28 620 27 627 26 640 23 641 30 620 22 591 25 641 39 281 34 63 31 95
23 -1.40968699665201 5.3618433762651989 38.672377317465546 7 6 11 0.65386889252769476 24 906 36 291 28 950 29 949 27 948 26 1113 30 941 22 602 25 926 35 551 38 576 37 571 39 525 34 269 40 563 33 539 32 527 31 294 21 1026 21 1178
24 -3.7067993847407643 5.6324870991092144 40.433989528733818 36 35 41 1.1764534129250863 24 655 36 292 28 955 29 650 27 633 26 949 23 908 30 943 22 867 25 927 35 289 38 292 37 297 39 290 34 268 40 309 33 302 32 279 31 295 21 719
25 -3.0546603140304627 5.8883358543047093 39.515461229594827 51 41 35 0.92772792109709312 24 289 36 297 29 299 35 92 38 95 37 302 39 296 34 272 33 97 21 328
26 -2.4921227597886206 5.8945433805707639 38.583722789861262 60 52 58 0.64558533376236515 24 669 36 301 28 640 29 661 27 646 26 660 23 663 30 643 22 613 25 659 35 293 38 295 37 305 39 299 34 275 40 314 33 310 32 283 31 105 21 1036
27 -2.4914858816751693 5.8949023581030815 38.581616715519985 60 52 58 0.66511470987019627 24 670 36 302 28 641 29 662 27 647 26 661 23 664 30 644 22 614 25 660 35 294 37 306 39 300 34 276 40 315 33 311 32 284 31 104 21 1037
28 -2.3018954483166212 5.971472371405329 38.589371926475316 12 7 11 0.67069798803227243 24 672 36 303 28 967 27 650 35 295 37 586 34 278 40 317 21 740 21 1038
29 -1.3829616460871228 6.4234724724121142 37.805905294416299 46 45 43 0.69871376177162714 24 688 36 309 28 253 29 682 27 674 26 687 23 683 30 668 22 290 25 946 40 322 33 105 31 308 21 760
30 0.063513930478662842 6.3160575240786772 37.056439568941812 35 29 29 1.1861383315655427 24 927 36 310 28 670 29 685 27 679 26 690 23 684 30 672 22 628 25 677 35 304 38 305 37 316 34 292 40 579 33 107 32 100
31 -4.4650715292339918 7.1539902342172601 40.127397855959209 51 49 48 1.6053294606775013 24 692 36 313 28 676 29 692 27 689 26 967 23 688 30 679 22 637 25 684 35 104 38 309 37 319 39 109 34 82 40 115 33 319 32 293 31 313 21 359 21 766
32 2.3215804318127082 6.5948946137243345 36.520687939144203 38 36 39 0.93314991842330641 24 934 36 316 28 984 29 985 26 970 23 936 30 973 22 892 25 954 35 309 38 599 22 1035 37 321 39 544 34 298 40 328 33 323 32 551
33 2.3165649841852098 6.5919762015005823 36.558748419990629 38 36 39 0.89349038752474497 24 933 36 317 28 983 29 984 27 694 26 969 23 935 30 972 22 891 25 953 35 308 37 322 39 545 22 1036 40 329 33 324 21 1058
34 -1.2988485366193527 6.9722403797014216 37.478276268286457 28 18 21 0.75765254626485423 24 937 36 319 28 684 29 697 26 971 23 692 30 974 25 955 35 571 37 324 39 307 40 587 31 316 21 778
35 -0.64190974639149878 7.0577134247097852 36.708077188540315 78 73 80 1.1051729274701902 24 704 36 323 28 690 29 989 27 976 26 977 23 939 30 684 22 647 25 698 35 313 38 323 37 120 39 309 34 96 40 589 33 331 32 554 31 318
37 -2.8357953229981177 -8.8691474909804633 28.96878055965675 76 64 82 0.95755997370916301 24 471 36 466 28 445 27 453 26 487 23 103 30 105 35 197 38 207 34 176 31 217 5 107 10 108 2 95
39 -5.8536944775492161 -8.2536457886868249 27.999465196131464 98 24 28 1.4681596978901958 24 476 36 476 29 1030 26 802 23 475 30 793 35 725 39 724 34 680 40 486 5 326 9 328 3 303
40 -3.6953578286228748 -7.9045412856011943 28.119003397615746 33 9 17 1.1348101110576265 24 788 36 486 28 805 29 800 27 803 26 810 23 786 30 477 22 737 25 801 35 468 37 494 33 468 17 648 19 358 12 157 5 131 4 389 8 133 7 324 6 324 2 114 11 394
41 -0.6418599833645583 3.5557792577195402 39.971476051997591 10 6 4 0.56977564352611521 24 871 36 546 28 909 29 902 26 913 23 867 30 898 22 826 25 892 35 523 38 549 37 540 39 506 34 494 40 551 33 519 31 274 21 987
42 -3.9655276071684415 4.2336839834645961 41.092870936748753 4 2 3 0.84892221043234772 24 882 36 554 28 924 27 605 26 614 23 882 30 918 22 839 25 901 35 268 38 559 37 279 39 514 37 548 33 788 37 813 32 512
43 -1.6295935815620015 4.4196201723140174 39.46197574060124 8 4 2 0.7758017608283716 24 890 36 559 28 931 29 929 27 926 26 928 23 890 22 849 22 1003 35 275 38 566 37 555 34 502 31 520 21 1163
44 0.30356406039617101 4.8799689157097443 38.035779409039222 17 7 6 0.37817348325437783 24 900 36 564 28 946 29 944 27 944 26 938 23 897 30 938 22 859 25 920 35 287 38 575 37 566 39 285 34 512 40 305 33 300 32 523 31 526 21 1020
45 -0.78385266650552599 5.2937476300081654 38.3583801980404 7 6 7 0.50110751663078867 24 907 36 566 28 951 29 951 27 949 26 947 23 905 30 942 22 866 25 1093 26 1112 38 577 37 572 40 564 33 538 32 528 31 529 21 1179
46 1.8255524157297063 5.1734698393983702 38.214834718451144 42 37 37 0.58649327825874242 24 1070 36 567 28 1112 29 1125 27 1122 26 1115 23 1076 30 1099 22 1015 25 1097 35 550 38 836 37 573 34 761 40 811 33 800 32 525 31 743 21 1180
47 -1.737428579589742 5.8066980255547378 38.522890320043075 45 36 37 0.7563233126096125 24 1078 36 571 28 1122 29 959 27 1127 26 1127 23 1089 30 952 22 1026 25 1104 35 555 38 581 37 581 34 273 40 570 33 307 32 535 31 533
48 1.3199237836124287 5.7377586148000503 37.687363411468461 21 6 5 0.55819623399792684 24 1083 36 574 28 1125 29 1133 27 1131 26 1134 30 1113 22 1030 25 936 37 583 39 533 21 1192
49 -0.7084612780182139 5.9118393210035229 37.998976525677961 17 17 19 0.68167568673909029 24 916 36 575 28 969 29 965 23 917 30 957 22 877 25 937 38 585 37 587 32 538
50 0.036292560452464692 6.051420379785994 37.122049621010937 17 9 7 0.95983100427899648 24 924 36 581 28 657 29 973 26 673 30 657 35 562 39 537 40 578 33 552 31 306 21 1050
51 -0.3407970386961589 6.3820724640821593 37.305814065500613 66 56 56 1.0309099658341989 24 926 36 586 28 977 27 968 26 964 22 629 23 287 25 948 35 563 38 589 37 592 39 540 34 291 40 324 33 553 32 290 31 539
52 -1.8031179775357196 6.6828671166797937 37.939034047025025 79 71 77 0.87023602904625885 24 928 36 588 28 978 29 978 27 971 26 966 23 930 30 968 22 888 25 951 35 565 38 593 39 543 34 296 40 327 33 559 32 545 31 312 21 1203
53 -0.65827503028319545 6.8801516996229157 37.118248144264633 24 21 29 0.78061429190869225 24 1091 36 591 29 1144 26 1144 23 1099 30 1125 22 1038 25 1115 35 572 38 312 37 598 39 547 34 531 40 586 33 565 32 299 31 547 21 1208
54 -2.8281854500328705 -10.53750535073573 29.220976187019559 102 91 105 0.67587157970657663 24 960 36 681 29 1011 23 960 38 674 34 611 32 622
55 -3.0026987578165656 -10.248851888488309 29.017298485051157 166 149 167 0.50127489035236761 24 750 36 687 28 752 29 765 27 755 26 768 23 739 30 758 22 690 25 754 35 669 38 682 37 691 39 649 34 618 40 671 33 660 32 632 31 626 4 508 10 499 8 596 9 584 7 601 6 592 3 570 2 433
56 -3.3038256897309299 -8.4865258120492086 28.372523681328847 133 118 133 0.85892247017760848 24 777 36 755 28 791 29 793 27 793 26 798 26 1020 23 776 30 791 22 727 25 791 35 723 38 762 37 761 39 719 34 682 40 730 33 727 32 691 31 447 18 701 14 629 13 660 17 643 19 628 20 652 15 659 16 627 12 650 4 645 10 528 4 544 5 495 8 624 9 607 7 507 6 497 3 478 3 594 2 464 11 645 1 507
57 -2.9895110292017044 -8.5289925883977595 28.401739653413546 145 140 160 0.99672426308049689 24 975 36 756 28 1020 29 1029 27 1021 26 1019 23 983 30 1012 22 923 25 1004 35 720 38 760 37 762 39 720 34 677 40 728 33 726 32 692 31 669 18 700 14 627 13 661 17 644 19 629 20 651 15 552 20 547 16 534 16 626 12 651 5 606 4 644 10 632 8 620 9 608 7 630 6 620 3 595 2 566 11 529 1 551
58 -2.6233973679258522 -8.9157027630828996 29.413685363942811 164 150 163 0.59246123664508488 36 757 35 721 37 763 34 678 40 899 14 626 13 657 19 626 15 656
61 -7.060683087566729 -7.1836814445379016 29.861797783758014 72 50 53 1.1850565078231272 30 152 25 525 26 825 27 509 39 903 38 923
62 -3.3494165111187253 1.9087449310966682 41.663497063349382 45 45 47 0.66770484756107296 24 1162 36 807 28 1206 29 1214 27 1200 26 1201 23 1042 30 1191 22 1107 25 1181 35 770 38 805 37 800 39 773 34 726 40 772 33 770 32 740 31 716 21 1266
63 -3.3524097718431793 1.8966493032564102 41.504900005806867 45 45 47 0.66784020120233334 24 1163 36 808 35 771 38 806 37 801 39 774 34 727 40 773 33 771 32 741 31 717 21 1267
64 -3.4845342215222068 2.2005186054793646 42.572957933163195 2 2 4 0.96131057107800766 24 846 36 811 26 892 29 887 23 1043 30 552 30 1066 22 981 25 199 35 778 38 537 39 498 33 774 32 250 31 719
65 -2.8507726330174981 4.0824641272767366 40.534712004129524 4 5 7 0.93170451284550815 24 1043 36 824 28 1087 29 1105 27 1100 26 1088 23 1055 22 993 35 791 38 820 37 811 39 793 34 741 40 788 33 922 32 752 31 728
66 -2.4502194829372446 4.3640194675292374 39.844842106645316 58 52 52 0.56921981215109474 24 1049 36 830 28 1091 29 1107 27 1214 26 1220 23 1058 30 1083 22 1123 25 1072 35 925 38 826 37 814 39 932 34 750 40 797 33 926 32 868 31 736 21 1158
67 -0.64243417364767752 4.2569784682522087 39.184133017041468 68 56 55 0.44996642838784223 24 1051 36 832 28 1093 29 1110 27 1103 26 1093 30 927 29 928 22 846 25 1074 35 799 38 824 37 816 39 799 34 752 40 799 33 792 32 762 31 735 21 1160
68 0.69957614263211565 4.2117392184506475 39.024914383533705 5 3 6 0.41371679673036738 24 1055 36 834 28 1096 29 1111 27 1107 26 1221 23 1061 30 1210 22 998 25 1077 35 801 38 827 37 818 39 800 34 501 40 800 33 794 32 513 31 734 32 761 21 1286
69 -2.7723583123265541 4.516612899678317 40.140831493620524 12 11 14 0.62911160542522904 24 892 36 835 28 934 29 634 27 618 26 629 23 889 30 609 22 848 25 246 35 802 38 829 37 556 38 567 39 801 34 754 40 802 33 530 32 519 31 739 21 1006
70 -0.11781834938924851 4.9099825981916476 38.246533593316926 14 8 8 0.41663806473705661 24 1066 36 838 28 1107 29 1123 27 1118 26 1109 23 1074 30 1095 22 1013 25 1091 35 803 38 830 37 820 39 804 34 756 40 807 32 765 31 525 37 568 21 1173
71 -0.36864660321999559 5.1416924356379026 38.293736628920826 59 54 56 0.51075649463762618 24 1186 36 839 28 1229 29 1238 27 1227 26 1232 23 1200 30 1222 22 1137 25 1208 35 804 38 832 37 824 39 807 34 758 40 943 33 933 32 769 31 741 21 1298
72 1.1395322990877772 5.1811521966630991 38.07236747074564 36 37 42 0.61609119893541053 24 1187 36 841 28 1232 29 1240 27 1230 26 1233 23 1202 30 1226 22 1139 25 1212 35 805 38 835 37 827 39 809 34 760 40 810 33 799 32 770 31 742 21 1299
73 2.4437843485063535 5.1743956095074202 37.932839901157642 14 5 3 0.44586260797424604 24 1190 36 842 28 1235 29 1241 27 1231 26 1235 23 1207 30 1227 22 1019 25 1213 35 806 38 837 37 828 39 810 34 762 40 812 33 934 32 771 31 744 21 1300
74 -1.3206184402341672 5.5647970907200239 38.298048975987953 62 55 58 0.63428632552147246 24 1074 36 843 28 1116 26 1122 23 1082 30 1104 22 1021 25 1099 35 807 38 839 37 829 39 812 34 763 40 814 33 542 32 772 31 745 21 1185
75 -1.3206184402341672 5.5647970907200239 38.298048975987953 62 55 58 0.63428632552147246 24 1073 36 844 28 1115 26 1121 23 1081 30 1103 22 1020 25 1098 35 808 38 840 37 830 39 813 34 764 40 815 33 543 32 773 31 746 21 1184
76 -0.71924270705359505 5.6279481727489058 38.107742090231923 50 42 39 0.45595690192634047 24 1077 36 845 28 962 29 1131 26 1124 23 1087 30 1107 22 873 25 1102 35 809 38 843 37 832 39 814 34 765 40 816 33 544 33 803 32 533 32 774 21 1187
77 -1.0456377792261107 5.7199130046080304 38.663362147115464 9 3 4 1.0810040182168024 24 1076 36 848 28 1118 29 1130 27 1126 26 1123 23 1086 30 1106 22 1023 25 1101 35 940 38 845 37 834 39 816 34 520 40 569 33 806 33 939 32 879 31 750 21 1186
78 2.3297113721229405 6.1178779768191927 37.141761122609523 43 32 32 0.73357185064418007 24 1195 36 850 28 1241 29 1246 27 1238 26 1239 23 1212 30 1234 22 1147 25 1221 35 815 38 849 37 970 39 950 34 771 40 820 33 810 32 777 31 756 21 1306
79 -1.4197314092191589 6.7876869019342587 37.467022118520617 3 3 5 0.74972910237114354 24 1199 36 851 28 1248 29 1252 27 1244 26 1244 23 1218 30 1241 22 1155 25 1225 39 824 34 778 32 781 21 1308
80 -1.9661605878361841 6.9642891314912667 37.832796710435574 10 6 7 0.82052276906937727 24 1203 36 852 28 1251 29 1257 27 1248 26 1248 23 1219 30 1245 22 1156 25 1293 35 951 38 852 37 840 39 955 40 954 33 813 32 889
81 -4.7463985047268693 -11.821675958034083 29.589156055316028 10 1 6 1.0862592601754284 24 1096 36 861 28 1140 29 1148 27 1140 26 1146 23 1102 30 1130 22 1040 25 1118 35 831 38 871 37 860 39 841 34 793 40 841 33 825 32 789 31 774 18 749 14 672 13 716 17 685 19 672 20 705 15 704 16 674 12 695 5 648 4 693 10 676 8 659 9 705 7 675 6 657 3 635 2 601 11 689
82 -6.3916043029486307 -10.768721895622235 28.773103787339991 154 74 71 1.0492922557022057 24 951 36 874 28 1000 29 1005 27 995 26 994 23 951 30 994 22 901 25 981 35 841 38 882 37 875 39 854 34 809 40 857 33 835 32 797 31 783 18 755 14 681 13 726 17 692 19 680 20 713 15 709 16 683 12 702 5 660 4 620 10 685 8 673 9 656 7 595 6 587 3 562 2 536 11 694
83 -5.8209065562384756 -7.2567706048659462 28.120765915881424 97 43 46 1.9285483513202184 24 981 36 926 28 1157 29 1041 29 1169 27 1159 26 821 23 990 30 1277 35 975 38 1013 37 1007 34 854 40 984 33 984 32 917 18 774 14 698 13 744 17 709 19 696 20 730 20 781 16 701 12 718 5 358 25 136 4 709 10 367 10 640 8 150 9 360 9 672 7 692 3 508 2 138 2 674 11 194
84 -0.091028080070026898 4.4698574122970411 38.557747676945901 67 53 53 0.43667271934152369 24 1260 36 965 28 1303 29 1316 27 1325 26 1320 23 1274 30 1304 22 1216 25 1278 35 993 38 1035 37 1024 39 934 34 896 40 1002 33 997 32 870 31 904 21 1404
85 0.77435327947185317 4.5731219962142573 38.849566811904118 36 30 31 0.68114371732263856 24 1264 36 966 28 1305 29 1318 27 1328 26 1322 23 1276 30 1307 22 1128 22 1218 25 1201 25 1280 35 994 38 962 37 961 39 935 34 897 40 939 33 928 32 871 31 836
86 -3.4372299200479675 5.147988921876772 40.548901291462478 2 1 6 0.76724250951250261 24 1267 36 969 28 1223 29 1320 27 1220 26 1226 23 1194 30 1310 22 1130 25 1283 35 931 38 963 37 1027 39 937 34 898 40 1008 33 930 32 874 31 842 21 1291
87 1.0687604934218733 4.8339070520524245 38.37316677144851 13 9 11 0.54446779468370388 24 1182 36 970 28 1224 29 1234 27 1222 26 1228 23 1195 30 1216 22 1131 25 1203 35 930 38 964 37 963 39 939 34 899 40 941 33 931 32 873 31 840 21 1406
88 1.9289195197507447 4.818580040543087 38.497944882671817 9 6 7 0.50924377841561808 24 1183 36 971 28 1225 29 1235 27 1223 26 1227 23 1197 30 1217 22 1134 25 1206 35 932 38 831 37 821 39 805 34 900 40 808 33 798 32 764 31 740 21 1293
89 1.5037432438395293 4.8981291488270191 38.480989670912507 38 36 39 0.53527369760921983 24 1184 36 972 28 1227 29 1236 27 1226 26 1230 23 1199 30 1219 22 1136 25 1205 35 933 38 966 37 823 40 942 39 940 33 932 32 767 31 841 21 1297
90 0.74374116453248451 5.2940352470534568 37.896535962512267 13 6 2 0.51117845710018261 24 1188 36 973 28 1233 29 1242 27 1234 26 1234 23 1205 30 1228 22 1143 25 1215 35 935 38 967 37 964 39 942 34 902 40 945 33 935 32 875 31 843 21 1301
91 0.74465757709762959 5.295996782075191 37.900395106232288 13 6 2 0.49984581787761462 24 1189 36 974 28 1234 29 1243 27 1235 23 1206 30 1229 22 1144 25 1216 35 936 38 968 37 965 39 941 34 901 40 944 33 936 32 876 31 844 21 1302
92 -4.1979385597444834 6.1293700795978481 40.529122015074506 2 2 6 1.1413720252002915 24 1271 36 976 28 1310 27 1332 26 1325 23 1283 30 1313 22 1225 25 1286 35 938 38 970 39 944 34 903 40 946 33 937 32 877 21 1410
93 1.4569434057886834 6.1297596127679688 37.059384645277881 46 33 26 0.72890397149245856 24 1194 36 980 28 1240 29 1325 27 1336 26 1328 23 1211 30 1233 22 1146 25 1220 35 944 38 975 37 969 39 949 34 906 40 949 33 943 32 885 31 848
94 1.8421470990196294 6.0713210067148706 36.968537618889066 43 36 36 0.89752512406892759 24 1272 36 981 28 1312 30 1316 22 1228 35 943 38 976 37 967 39 948 34 965 40 947 33 1067 32 886 31 847
95 3.5952299581966556 6.0822686774034889 36.302694409487643 6 0 2 1.1955943324445168 24 1196 36 982 28 1243 29 1247 27 1240 23 1213 30 1235 22 1148 25 1222 35 816 37 971 39 819 34 772 33 944 32 778 31 757 21 1202
96 2.4875870432357248 6.2758738325790624 36.361199239433752 9 5 4 0.93713499298758474 24 1197 36 983 29 1251 27 1242 26 1243 30 1238 22 1149 35 946 38 979 37 973 39 952 34 907 40 950 33 945 32 887 31 850
97 3.2868823126440159 6.2979435349815178 36.48730195461232 46 42 44 0.97171396851884462 24 1277 36 984 28 1316 29 1326 27 1337 26 1332 23 1287 30 1318 22 1231 25 1292 35 947 38 980 37 976 39 953 34 909 40 951 33 947 31 758 21 1414
98 -5.7209369437727196 -11.667712361816291 29.328538578208477 10 0 0 0.92081489833390229 24 1095 36 999 28 1139 29 1147 27 1139 26 1145 23 1101 30 1127 22 1039 25 1117 35 963 38 993 37 990 39 969 34 922 40 968 33 965 32 902 31 773 18 806 14 738 13 778 17 734 19 730 15 760 16 732 12 752 5 711 4 726 10 733 8 711 9 707 7 728 6 702 3 683 2 647
99 -4.5653191319903685 -10.480906663008074 28.54366025664325 62 14 19 0.76780431753467937 24 1098 36 1006 28 1263 29 1152 27 1143 26 1267 23 1104 30 1132 22 1044 25 1120 35 846 38 885 37 997 39 859 34 928 40 975 33 973 32 907 31 787 18 809 14 741 13 784 17 740 19 734 20 759 15 764 16 736 12 756 5 719 4 733 10 740 8 717 9 713 7 687 6 708 3 689 2 658 11 698
100 -4.9077345945320578 -9.9763782794459175 28.068089676259188 94 41 41 0.77095581189041795 24 1221 36 1007 28 1266 29 1277 27 1277 26 1272 23 1236 30 1264 22 1178 25 1247 35 1028 38 1005 37 998 37 1060 39 975 34 988 40 1045 33 974 31 868 18 812 14 745 13 786 17 743 19 737 20 763 15 766 16 739 12 759 5 775 4 791 10 743 8 771 9 766 6 767 3 690 11 749
102 -6.3812404318142102 -7.4280461042617425 28.138565724351267 90 28 26 1.2305347486929636 24 1118 36 1015 28 1156 29 1168 27 1158 26 1160 23 1121 30 1150 22 1062 25 1133 35 974 38 1011 37 1006 39 982 34 939 40 983 33 983 32 915 18 827 14 758 13 801 17 759 19 749 20 779 15 784 16 752 12 772 5 676 4 650 10 698 8 626 9 670 7 639 6 625 3 652 2 572
103 -4.7121072290159045 6.0028793935922051 40.640110628715924 27 29 28 1.5908359484914159 24 1270 36 1039 23 1281 22 1223 35 998 38 1041 37 1030 39 1008 34 960 33 1003 32 943
104 -2.3489150842816953 6.2932702410497106 39.021112549574156 9 6 7 0.65827839321970327 24 1313 36 1043 28 1359 29 1367 27 1371 26 1369 23 1334 30 1364 22 1271 25 1328 35 1005 38 1045 37 1035 39 1012 34 964 40 1015 33 1009 31 914 21 1461
105 -0.96919762176981972 6.4914069480937302 37.61579858296578 11 10 9 0.74017498118041136 24 1275 36 1045 28 1314 29 1370 27 1374 26 1330 23 1286 30 1366 22 1230 25 1290 38 1047 39 1015 34 966 40 1018 32 947 21 1413 31 852
106 -4.5924169763392984 -9.0337347835091819 27.874858214276436 90 38 39 1.2004486395437763 24 1224 36 1068 28 1268 29 1280 27 1281 26 1275 23 1238 30 1266 22 1181 25 1249 35 1029 38 1073 37 1063 39 1043 34 990 40 1047 33 1036 32 968 31 872 18 862 14 794 13 836 17 793 19 790 20 822 15 824 16 785 12 803 5 787 4 804 10 805 8 785 9 781 7 801 6 781 3 751 2 709
107 -2.8924405070037498 -9.3424778091324967 28.776358934368176 136 119 137 0.71659902016002608 24 1225 36 1069 28 1269 29 1281 26 1276 23 1239 22 1182 35 1030 38 1074 37 1064 39 1044 34 991 40 1048 32 969 31 873 18 861 14 795 13 837 17 792 19 791 20 821 15 823 16 786 12 804 5 788 4 805 10 806 8 786 9 782 7 802 6 782 3 752 2 710 11 795 1 646
108 -5.5979874739208988 -8.8061787807427994 27.886303326784699 135 54 51 0.87407258984958014 24 1226 36 1070 28 1270 29 1282 27 1282 26 1277 23 1240 30 1267 22 1183 25 1250 35 1031 38 1075 37 1065 39 1045 34 992 40 1049 33 1037 32 970 18 865 14 796 13 840 17 797 19 794 20 824 15 825 16 789 12 805 5 791 9 792 6 789 2 714 11 797
109 -3.8808439969404795 -7.6801238247006305 28.369216675576709 71 78 105 1.593906323869223 24 1232 36 1075 28 1280 29 1293 27 1352 26 1289 23 1249 23 1298 30 1275 39 1050 34 997 40 1054 33 1042 32 973 18 825 14 756 13 799 17 757 19 747 20 777 15 780 16 750 12 770 5 736 4 747 10 818 8 734 9 729 9 798 6 727 6 793 3 704 3 760 2 716 11 714
110 -5.2856415051584813 -7.4196943975958281 28.026489137059027 7 0 0 1.2181093989656047 24 1289 36 1076 29 1339 22 1245 25 1304 35 1036 38 1083 37 1070 39 1051 34 998 40 1055 32 974 18 828 14 759 13 803 17 760 19 750 20 780 15 781 16 753 12 773 5 798 10 820 8 796 9 800 3 707
111 -4.8387360460490543 -7.4659008472957584 28.102260657988403 61 72 93 1.4533220874569062 24 1233 28 1281 29 1294 27 1291 26 1291 23 1251 30 1276 22 1188 25 1259 35 1037 18 829 14 760 38 1012 13 802 17 707 13 741 19 751 20 729 15 722 15 782 16 699 12 774 5 677 4 708 10 699 8 684 9 671 9 730 7 691 6 729 3 653 2 619 2 672 11 654
112 -0.73124884011804447 2.5189989594682465 40.849817232012981 1 1 0 0.58308692461163802 24 1302 36 1087 28 1380 29 1390 27 1362 26 1393 23 1358 30 1386 22 1290 25 1356 35 1051 38 1095 37 1081 39 1062 34 1011 40 1069 33 1054 31 945 21 1478
113 -0.79216534605893396 4.9504779298741557 38.422504345228134 3 5 5 0.56388536668398048 24 1306 36 1092 28 1352 29 1363 27 1366 26 1362 23 1329 30 1358 22 1265 25 1324 38 1099 37 1086 39 1067 40 1075 33 1058 32 983 31 949 21 1456
114 -0.79132051622675947 4.9450130161919823 38.370066274028524 3 5 5 0.55857339784167792 24 1307 36 1093 28 1353 29 1364 27 1367 26 1363 23 1330 30 1359 25 1325 38 1100 40 1076 33 1059 31 950 21 1455
115 -1.8278214979226737 5.2903923274016194 38.780750430739644 2 5 10 0.64934588452236275 24 1344 36 1095 28 1390 29 1398 27 1403 26 1401 23 1364 30 1394 22 1296 25 1364 35 1057 38 1103 37 1089 39 1068 34 1017 40 1078 33 1062 32 984 31 953 21 1485
116 1.7022329244626826 5.6439827537659797 37.393013468902943 12 12 14 0.80178095182195463 24 1312 36 1097 28 1358 27 1370 23 1333 30 1363 25 1327 35 1002 38 1043 37 1033 40 1012 33 1006 32 985 31 912
117 1.7053127233348635 5.6437383416622611 37.393803023397354 12 12 14 0.79511584742226293 24 1311 36 1098 28 1357 29 1366 27 1369 26 1368 23 1332 30 1362 22 1270 25 1326 35 1001 38 1042 37 1032 39 1009 34 961 40 1011 33 1005 32 945 31 911
118 0.85813927111031962 5.7726273209434398 37.466513272638075 43 32 29 0.68348446162698562 24 1345 36 1099 28 1392 29 1400 27 1404 26 1402 23 1365 30 1395 22 1298 25 1366 35 1058 38 1105 37 1090 39 1071 34 1018 40 1080 32 987 31 954 21 1488
119 -0.39379330541686358 6.1216579964100459 37.260893418155149 52 44 48 0.71338065750933088 24 1346 36 1101 28 1393 29 1401 27 1407 26 1403 23 1366 30 1396 22 1301 25 1369 35 1059 38 1108 37 1091 39 1072 34 1020 40 1081 33 1066 32 990 31 956 21 1492
120 -5.3465578039395734 -9.526102066676799 28.020572941384458 48 11 17 0.93980005225404251 24 1318 36 1105 28 1364 29 1374 27 1377 26 1376 23 1339 30 1371 22 1276 25 1336 35 1065 38 1110 37 1096 39 1076 34 1025 40 1084 33 1070 32 993 31 959 18 881 14 816 13 856 17 813 19 809 20 838 15 837 16 808 12 826 5 813 4 825 10 834 8 810 9 811 7 832 6 806 3 777 2 735 11 818
122 -6.0871140589846799 -2.7179136784299893 33.375005068524949 139 105 104 1.6315337455946013 24 1328 36 1112 29 1418 27 1387 26 1419 23 1347 30 1412 25 1313 29 1349 35 1043 38 1115 37 1106 39 1109 34 1034 40 1088 33 1100
123 -7.9958367226113873 5.4574148140470236 44.168637615376078 129 90 93 2.0568162615121248 24 1387 36 1152 28 1416 23 1398 22 1340 25 1400 35 1108 38 1161 37 1148 39 1125 34 1073 40 1131 33 1113 32 1037 31 1009
124 -3.7290846313652395 -9.2007087879104574 28.690679206530209 51 14 22 1.013716157253403 24 1375 36 1156 28 1421 29 1428 27 1451 26 1431 23 1390 30 1423 22 1342 25 1405 35 1113 38 1165 37 1152 39 1129 34 1077 40 1135 33 1117 32 1042 31 1001 18 903 14 846 13 886 17 846 19 839 20 864 15 862 16 839 12 857 5 845 4 855 10 859 8 837 9 840 7 862 6 834 3 802 2 767 11 841
125 -1.3550421321939004 -9.3729236107704015 28.510549276939258 153 135 150 1.5739426085214971 24 1420 36 1186 28 1458 29 1466 27 1480 26 1467 23 1429 22 1369 35 1142 38 1189 37 1179 39 1159 34 1106 40 1165 33 1143 32 1074 31 1030
126 -5.7279734448862181 -11.938452614335915 29.328285813278171 85 77 92 1.6367784425914977 36 155 28 1 29 1 27 328 24 711 26 353 23 1 22 318 25 337 35 134 37 0 39 334 34 326 40 159 33 156 31 150 4 1 20 212 10 233 16 422 3 0 7 223
128 2.6905414439983311 1.7271620234083336 3.6878819667139213 106 105 140 0.27247607162347826 24 43 28 44
129 2.6610227998597562 1.6556448295059407 3.9088415788997803 121 118 145 0.46224994229009053 24 97 28 86
132 -4.4762682645932124 0.18317571664982443 43.834993410426954 42 24 30 1.0755548525117056 36 68 28 160 27 184 22 191 25 180 14 190 19 180 20 202 16 197
133 3.2979510868504915 1.7281723286298933 41.349964808323378 56 45 49 0.93159813375499978 24 581 36 253 28 168 29 205 27 194 26 583 23 203 30 195 22 202 35 62 38 60 37 251 39 63 34 47 40 265 32 246 31 72 21 213
134 3.5357321811241982 2.6037731213595845 40.230162530290336 20 9 13 0.71083649301517249 24 593 36 73 28 179 29 223 27 208 26 221 23 589 30 574 22 213 25 586 35 254 37 65 39 67 21 647
135 3.1505234316414317 2.9015045639196209 40.362962112789624 75 57 59 0.5836052779198857 24 599 36 256 28 183 29 597 27 576 26 599 23 596 30 577 22 544 25 590 35 65 38 64 34 51 21 653
136 2.7266180980296033 1.7233537389052058 3.6476166059323085 54 44 69 0.74582972987313034 24 335 28 290
137 -5.9614476795786846 -10.425934661138999 28.490077997816055 114 29 42 1.2720328509629226 24 385 36 882 28 351 29 752 26 753 25 740 35 636 38 887 37 883 39 864 40 866 33 842 32 801 31 599 18 760 14 684 13 730 17 695 19 683 20 716 15 713 16 686 12 705 5 578 4 499 10 605 8 592 9 581 7 467 3 443 11 699
138 -2.984143514474654 -9.7089584536594575 28.800833983253934 122 118 151 1.0160719217355541 36 182 28 407 26 65 23 73 27 75 24 69 30 416 25 435 35 177 38 185 32 177 13 345 8 480 1 348
140 -2.06226299002084 -7.6929918734410494 28.296911574391093 73 77 115 1.2840578191717469 24 149 36 503 28 483 29 146 27 134 26 515 23 138 30 134 22 462 25 507 35 486 38 500 37 508 39 466 34 456 40 233 33 480 32 471 13 157 19 125 20 153 11 169
141 -1.8417859226905868 -7.5992029775336825 28.390748784633836 64 77 108 1.5703874078592055 36 508 28 490 30 495 23 520 27 498 22 474 25 513 31 240 11 184
143 1.7300194713531254 -0.91248211258708045 44.566922697629479 56 49 56 0.82668455068327251 36 243 28 531 29 563 27 535 26 862 23 829 30 848 22 775 25 845 35 502 38 520 37 518 39 487 34 468 40 529 33 500 31 489 18 652 14 581 13 435 17 414 20 610 15 621 14 582 16 585 12 613 5 559 10 580 8 405 9 404 7 395 3 549 11 592
144 -1.7945467690176808 -0.5096681521539822 43.488281156980058 21 13 18 0.83211918372388027 24 825 36 246 28 535 29 566 27 538 26 562 23 552 30 854 22 513 25 551 35 241 38 244 37 245 39 227 34 228 40 261 33 255 32 241 31 260 21 932 18 657 14 586 13 626 17 604 19 397 20 414 15 424 16 589 12 619 5 563 4 452 10 428 8 412 9 566 7 583 6 396 6 571 3 398 11 419
145 -3.5113352825228832 -0.33171774708854856 43.676124823679991 43 21 33 0.98400968005177114 24 193 36 67 28 538 29 187 27 176 26 182 23 555 30 531 22 180 25 555 35 244 39 57 34 44 40 68 21 600 18 454 14 417 13 444 17 419 19 399 20 416 15 427 16 408 12 212 5 418 10 426 9 222 6 399 3 205 11 422
146 -3.5066221951989576 -0.33898123296195237 43.592419402762069 43 21 33 1.0114553578850394 36 66 28 539 26 183 22 181 35 243 37 246 39 56 34 43 40 67 33 63 32 55 31 70 21 601 18 455 14 418 13 445 17 420 19 400 20 417 15 428 16 407 5 419 10 427 9 223 6 400 3 206 11 423
147 -1.5139221761525767 1.6830414660602773 41.414442736455918 40 40 50 0.75355262618665075 24 575 36 251 28 550 29 573 27 550 26 885 23 564 30 541 25 566 35 247 38 58 37 525 39 231 40 264 21 624
148 4.3737656525329385 3.0502355878375997 39.92565309519852 60 48 50 0.81044813238178781 24 604 36 259 28 583 29 604 27 580 26 604 23 601 30 580 22 550 25 597 35 258 38 543 37 263 39 504 34 241 40 277 33 272 32 60 31 273
149 3.3180690697860147 3.6985379496632849 39.209603953180931 54 49 55 0.47706582767606709 24 249 36 80 28 598 29 625 27 603 26 613 23 618 30 595 22 237 25 612 35 526 38 268 37 542 39 260 34 245 40 554 33 276 21 275
150 -0.73950213617916061 6.2507727490347786 37.386098139226682 73 71 87 0.60130994487661726 36 583 28 663 29 677 27 668 24 304 26 679 23 679 22 626 25 672 35 300 37 589 39 539 34 287 40 320 32 288 31 755 21 756
151 3.3375554503204423 6.0245781717633999 36.616803561756107 19 7 17 0.69594475223544972 36 109 28 668 29 683 27 676 26 688 23 682 30 670 25 676 33 103 31 111 21 358
152 -0.13675917385240213 6.3823347708517923 37.117617859858477 15 4 10 1.2331590608599798 36 311 28 669 29 684 22 630 25 949 35 303 38 590 37 318 39 304 34 294 29 690 40 325 33 554 32 291 31 309
153 3.2232957328330256 6.1275028083153762 36.645971796040243 76 65 73 0.75922166139704939 24 310 36 113 28 672 29 688 27 682 26 315 23 685 30 673 22 631 25 680 38 114 37 109 34 79 32 97 21 764
154 -4.5357877214271349 7.466145814429801 40.213570082639926 66 61 73 1.6197707366825631 36 126 28 682 29 699 23 937 22 893 25 956 35 310 37 326 39 115 26 335 40 332 33 325 32 300 31 317
157 2.4073611849496457 1.2434736048823511 4.665445338423984 178 169 197 0.47072088812086993 24 737 28 738 29 755 27 742 23 728 30 743
158 2.8157214560765378 1.2970388914737605 4.5718818324764552 40 37 64 0.3002151441951304 24 749 28 751 29 764 26 767
162 -2.8571167640747546 -12.19706845948898 47.910378666912152 174 153 160 2.3612617604051884 24 799 36 510 28 825 29 824 27 825 26 829 23 806 30 822 22 749 25 815 35 744 38 777 37 513 37 779 39 473 34 459 40 749 33 485 32 478
163 -0.56068727572848398 -11.307085538484783 49.142500665793577 122 39 47 2.080581541562875 24 987 36 512 28 828 27 1036 26 834 23 810 30 823 22 934 25 817 35 493 38 778 37 780 39 745 34 460 40 520 40 750 33 487 33 747
166 -0.68203157569993678 -10.217004223162501 49.390248529972574 110 40 46 1.5453134617905107 24 988 36 927 28 833 29 830 27 1039 26 1032 23 812 30 516 22 936 25 822 25 1018 35 892 38 511 38 780 39 907 34 857 40 910 33 883 32 839
167 -4.4305650546744539 -10.763209088525173 54.3720173239182 137 48 54 1.3431284287995131 24 803 36 784 28 835 29 831 27 831 26 837 23 813 30 827 25 824 35 749 38 781 37 781 39 748 34 703 40 751 33 750 32 715 31 686
168 -4.0756825973709887 -10.403457706132132 54.24463658008947 92 11 17 1.1206966502773157 24 993 36 786 28 837 29 833 29 1052 27 1043 26 1038 23 999 30 830 22 756 25 1021 35 750 38 782 37 782 39 749 34 704 40 752 33 752 32 716 31 687
169 -2.8726315220554892 -0.55617787513218964 43.502993698922758 38 21 31 0.9118961738794088 24 820 36 522 28 853 29 861 27 854 26 863 23 551 30 852 22 780 25 550 35 505 38 521 37 519 39 488 40 260 33 502 32 496 31 259 21 599 18 655 14 583 13 625 17 601 19 578 20 690 19 661 15 622 16 587 12 614 5 415 4 449 10 425 8 407 9 406 7 398 6 395 3 391 11 593
170 -0.12622592668707017 -0.70865772393868598 44.302950433785213 47 40 48 0.63861760186556782 24 821 36 523 28 854 29 862 27 855 26 864 23 834 30 853 22 781 25 848 35 508 38 522 37 520 39 489 34 469 40 531 33 501 32 495 21 925 18 654 13 624 17 600 19 579 20 611 15 623 16 586 12 615 5 560 4 602 10 583 8 571 9 560 7 580 6 564 3 550 2 533 11 594
171 3.3024936851756155 -0.71161848594426924 43.771656237548463 45 44 51 0.82892841510067183 24 827 36 524 28 862 29 868 27 861 26 868 23 837 30 856 22 784 25 853 35 506 38 243 37 521 39 225 34 470 40 533 33 503 18 663 14 589 21 937 13 442 17 605 19 585 20 617 15 626 16 594 12 622 5 565 4 609 10 592 8 574 9 567 7 584 6 574 3 399 11 604
172 4.2250934001338711 -0.68223553371052459 43.647423400950203 38 35 42 0.81678928761833425 36 244 28 865 29 871 24 830 28 866 27 866 26 871 23 842 30 859 22 786 25 855 18 668 13 631 17 608 19 587 20 619 20 620 14 666 18 667 21 944 16 600 16 601 12 625 8 577 4 456 10 595 9 569 6 575
173 -3.8399655041099185 2.1597112156976421 42.021376094318789 52 49 54 0.73095859499855698 36 532 28 885 27 883 26 890 30 877 22 805 25 874 35 514 38 533 37 528 39 494 34 481 40 540 33 509 32 502 31 497
174 -3.8399655041099185 2.1597112156976421 42.021376094318789 52 49 54 0.73095859499855698 36 533 28 886 27 884 26 891 30 878 22 806 25 875 35 515 38 534 37 529 39 495 34 482 40 541 33 510 32 503 31 498
175 3.5934250059503268 1.867134331478939 41.323022768381186 11 8 13 1.0658193458212839 24 847 36 530 28 887 29 578 23 571 30 554 22 807 25 877 37 526 21 963 21 1139
176 1.6225058986389302 2.1460389791684022 41.678388416928385 42 42 48 0.88505385833356165 24 588 36 255 28 889 29 580 27 562 26 588 23 578 30 561 22 533 25 575 35 251 37 532 39 239 34 236 40 70 31 267 21 639
177 6.1571521824059312 1.92371664196283 41.608984561322984 42 37 43 1.7890751196688559 24 586 36 534 28 891 29 889 27 885 26 897 23 858 30 879 22 811 25 578 35 776 38 535 37 530 39 496 34 479 33 511 21 968
178 6.1595785202543203 1.8750114133947848 41.747429816975576 42 37 43 1.6841705494594541 36 535 28 892 27 886 26 898 22 812 35 777 38 536 37 531 39 497 34 480 33 512
179 4.1331812348084176 2.482549564778219 40.044815578307336 9 8 13 1.0883349455849074 24 855 36 540 28 896 29 590 27 573 26 900 23 588 30 573 22 539 38 540 23 1048 37 258 39 499 34 486 40 544 33 266 32 251
180 3.7678959733307966 2.6286331911380141 40.281025784540837 73 64 67 0.60865901512958831 24 857 36 541 28 897 29 892 27 891 26 903 23 1049 27 1089 30 882 25 1060 35 517 38 542 37 538 39 501 34 487 40 545 33 514 32 505 31 501 21 1144
181 4.2055114937137663 2.6962835977445843 40.159696897553651 69 60 65 1.0395237363279699 24 859 36 542 28 899 27 892 26 904 23 864 30 886 22 819 25 883 35 255 38 256 37 259 39 248 40 269 33 269 32 253 21 654
182 4.1502850564449485 2.9038572700028857 39.956508835448666 15 5 8 1.050238369705176 24 863 36 258 28 900 27 898 26 906 30 892 22 822 25 884 35 256 38 258 37 261 39 250 34 489 40 273 33 270 32 254 31 271 21 981
183 3.2419878523955692 3.1526361647644996 40.036684767798995 82 70 75 0.50229283742777253 24 865 36 543 28 902 29 897 27 901 26 909 23 602 30 893 22 824 25 599 35 519 38 545 37 539 39 505 34 490 40 547 33 518 32 62 31 504 21 982
184 1.7656082033128522 3.4965505884246095 39.936227809215836 58 57 62 0.74140507907500719 24 611 36 262 28 911 29 614 27 587 26 233 23 869 30 903 22 231 25 229 38 551 37 71 39 508 40 279 33 77 32 260 21 663
185 1.766479830517754 3.4977410989575159 39.941048208662906 58 57 62 0.76428685552432774 24 612 36 261 28 912 29 615 27 588 23 870 30 904 22 232 25 228 38 550 37 70 39 507 40 280 33 76 32 261 21 664
186 2.9703970952756698 3.5087389694079789 39.886727768156426 66 63 69 0.52371566807731718 24 873 36 264 28 914 29 905 23 871 30 906 22 827 25 894 35 262 38 262 37 274 39 259 34 243 33 78 32 263 31 81 21 990
187 1.9464007302222903 3.7467992377431187 39.876285039406113 19 9 11 0.62500218050160128 24 877 36 266 28 917 29 909 27 915 26 919 23 877 30 912 22 832 25 897 35 263 38 554 37 277 39 261 33 278 32 264 21 993
188 -0.12612191433401085 3.9183490223892874 39.182905026181743 91 63 57 0.35443707195402918 24 878 36 551 28 921 29 912 27 919 26 922 23 881 30 915 22 837 35 529 35 792 38 557 37 545 39 512 34 499 40 791 33 523 33 787 32 511 31 510 21 1000
189 4.3098924782733832 3.6596194123890076 39.236538660607664 63 57 60 0.56601642276882891 24 879 36 549 28 923 29 913 27 918 26 924 23 879 30 916 22 833 25 1065 35 527 38 555 37 544 39 510 34 496 40 282 33 521 32 507 31 507
190 3.9740536244364355 3.8440187812240789 38.848362453971269 17 7 8 0.47191363222628707 24 886 36 553 28 926 24 1046 29 918 27 922 26 926 23 887 30 921 22 843 25 903 35 530 38 558 37 547 39 513 34 247 40 555 33 524 32 265 31 511 21 1003
191 0.46125481779553879 4.4360300390684619 38.677608727116393 60 49 53 0.45890090014753171 36 277 28 935 29 1119 27 932 26 1107 30 1091 35 277 37 557 39 272 40 294 33 88 31 89
192 0.24242297066123422 4.5784784237072342 38.458051347710182 32 15 15 0.55751424289243745 36 281 28 939 29 933 27 934 26 634 23 634 30 618 22 586 25 632 35 542 38 284 37 560 39 524 34 507 40 296 33 291 32 270 31 523 21 1016
193 -2.8050366803979809 6.2533035296513058 38.77116204424447 100 91 104 0.89980281577038479 24 921 36 577 28 972 29 972 27 658 26 671 29 669 23 923 30 961 22 620 35 560 38 586 37 309 39 536 34 523 40 576 33 548 32 286 31 538
194 2.4372343299024397 1.1988282727373947 4.6534045554680805 176 167 190 0.53578647815086389 24 943 28 990 29 996 27 986 23 942 25 969
196 -4.6205232343241187 -8.2314153604498479 27.866554969791355 115 49 60 1.1209912391475816 36 922 28 1021 29 1163 27 1022 23 984 30 1014 22 1053 25 1005 35 881 38 918 37 912 39 900 34 848 40 903 33 873 32 829 31 804 18 822 17 754 19 744 20 774 15 777 16 748 12 767 5 734 4 744 10 755 8 732 9 726 7 745 6 725 3 701 2 669
197 -3.499180899644053 -7.7769500294942988 28.124321612639132 160 159 189 1.1775989815501615 36 776 28 1025 29 1035 24 977 27 1027 26 1024 23 986 30 1017 25 1007 35 739 38 773 37 777 39 741 34 697 40 744 33 741 32 708 31 682 18 705 14 633 13 664 17 651 19 636 20 661 15 663 16 636 12 653 5 609 4 649 10 636 8 625 9 613 7 636 6 624 3 599 2 570 11 649 1 556
198 -0.66878619168401288 -10.04487199621053 50.78022522798215 55 1 6 2.1593407433925376 24 1127 36 928 27 1042 25 1020 35 893 37 919 34 858 33 884 32 840
199 -5.9828507213512436 -3.3696076394977066 32.713239023146869 125 94 99 1.7322115391899628 36 789 28 1036 29 1054 27 1049 26 842 25 829 35 752 38 928 22 500 37 921 39 752 34 461 40 47 32 33
200 3.345476060897759 -1.8509397244664196 45.979083573717567 65 57 64 0.73343510873634543 24 1006 36 796 28 1043 29 848 27 848 27 1063 26 1048 23 1017 30 1038 22 952 25 1034 35 761 38 937 37 790 39 913 34 712 40 758 33 759 32 727 31 700 21 1118 18 722 14 653 13 689 17 662 19 650 20 679 15 685 16 650 12 680 5 633 4 677 10 657 8 643 9 551 4 594 10 573 7 569 7 658 6 557 3 536 3 620 2 522 11 671
201 3.3505926736289955 -1.8489933017306901 46.025981998722216 65 57 64 0.82430124215531886 24 1007 36 797 28 1044 29 849 27 1064 26 1049 23 1018 30 1039 22 953 25 1035 38 938 34 713 33 760 32 728 31 701 21 1117 18 723 14 654 13 690 17 663 19 651 20 680 15 686 16 651 12 681 10 658 8 644 7 659 3 537 27 849 2 523 11 672
202 2.4613102267561424 -1.5698492596404527 45.784506335263011 48 43 47 0.7499250473685023 24 1009 36 798 28 1045 29 1064 27 1065 26 1050 23 1020 30 1040 22 955 25 1036 35 764 38 793 37 791 39 761 34 714 40 759 33 761 32 729 31 702 21 1115 18 798 14 721 13 691 17 664 19 717 20 682 15 744 16 653 12 736 5 634 4 678 10 660 8 645 9 635 7 660 6 644 3 622 2 592 11 674
203 -0.96977209265027575 -1.0342611368902717 44.109243055879041 18 12 14 1.3417953521360682 24 1011 36 521 28 1049 29 1070 27 1067 26 1053 23 1024 30 1046 22 959 25 1041 35 501 38 519 39 484 40 528 33 498 32 493 21 1252 18 724 14 655 13 693 17 594 19 654 20 602 20 683 15 616 15 689 16 579 16 656 12 609 5 556 21 181 4 599 10 420 8 220 8 565 9 557 7 392 6 218 6 390 6 559 6 648 3 383 11 677
204 -1.5132432571887595 -0.53511547770362877 43.491676250877283 60 51 54 0.88185432062920044 24 824 36 802 28 1055 29 1079 27 857 26 1060 23 836 30 1053 22 966 25 1049 38 800 39 768 34 471 40 769 33 767 32 497 32 735 31 490 21 1125 18 658 13 627 17 602 19 584 15 624 16 590 12 618 5 562 4 607 10 591 8 572 9 563 7 582 6 572 3 553 11 595
205 -3.1190006913275887 0.021105548027443109 43.296809210727929 36 15 20 0.58617277567073311 36 804 28 1060 24 838 29 877 27 872 28 873 26 879 26 1066 23 558 30 866 22 793 38 526 37 524 34 723 40 537 40 770 33 506 32 498 31 493 18 742 13 708 17 615 19 668 15 633 16 602 11 608
207 2.3889700561087182 1.3303458469141216 42.469947310660686 48 41 38 1.1251950823736649 24 1028 36 805 28 1065 29 1087 27 877 26 1068 23 1037 22 972 25 1178 38 803 37 798 34 724 40 771 33 768 32 736 31 712 21 1132
208 5.6399017569633232 1.6653007586244704 41.510502033454678 49 40 45 1.441055923781001 24 1166 36 809 28 1071 29 1091 27 1083 26 1072 23 1173 30 1195 22 979 25 1058 35 772 38 807 37 946 39 776 34 729 40 774 33 772 32 738 31 713 21 1271
209 5.6399017569633232 1.6653007586244704 41.510502033454678 49 40 45 1.441055923781001 24 1167 36 810 28 1072 29 1092 27 1084 26 1073 23 1174 30 1196 22 980 25 1057 35 773 38 808 37 947 39 777 34 730 40 775 33 773 32 739 31 714 21 1272
210 3.7578856251989334 2.3331336731656878 40.41372967779435 11 9 10 0.96871704124252533 24 1033 36 812 28 1073 29 1095 27 1087 23 1045 22 983 25 1059 35 779 38 812 37 803 39 779 34 734 40 776 33 775 31 720 21 1275
211 2.9339246806131598 2.7936884957160406 40.618505946380402 18 7 9 0.63869624915600964 24 1034 36 816 28 1075 29 1096 27 1091 26 1077 23 1052 30 1070 22 984 25 1062 35 782 38 813 37 806 39 782 34 737 40 781 33 777 32 744 31 503 31 721 21 1142
212 3.511087250151999 3.2468019105947605 39.761193686802578 69 57 61 0.65449377407534015 36 819 28 1078 27 905 26 911 35 522 38 547 37 268 39 255 34 492 40 549 33 273 32 256 31 506 21 985 29 901 22 555 24 868 25 890 28 906 30 582 23 606
213 4.3111829945486875 3.3462784253433657 39.387661238594617 9 5 6 0.6364012857621556 24 1170 36 544 28 1081 29 1100 27 1095 26 1082 23 1183 30 1075 22 989 25 1188 35 786 38 817 39 785 40 785 33 780 32 747 31 724 21 1281
214 4.3128415790974026 3.3438585028091219 39.403760785455603 9 5 6 0.67047161647653242 24 1169 36 545 28 1082 29 1101 27 1096 26 1083 23 1184 30 1074 25 1189 35 785 38 816 39 786 34 740 40 784 33 779 32 748 31 723 21 1280
215 5.504128019974881 3.4866737703353108 39.653471049668703 41 40 45 1.2239771127131216 24 1039 36 547 28 1083 29 1103 27 912 26 1084 23 872 30 909 22 830 25 1063 35 524 38 552 37 541 39 509 34 495 40 552 33 520 31 276 21 1150
216 5.5041029093576235 3.4996475598551253 39.550271315474625 41 40 45 1.0206024172658237 24 1040 36 548 28 1084 29 1104 27 911 26 1085 23 873 30 908 22 831 25 1064 35 525 38 553 40 553 31 277 21 1151
217 -4.2069887538652742 4.366226772199818 40.857049718901123 48 47 49 1.0489245243689544 36 828 28 1089 27 1101 26 1090 23 1057 30 1081 22 995 25 1070 35 794 38 561 39 797 34 745 40 793 33 526 32 757 21 1156
218 -4.2088555599339301 4.3596237280215036 40.838380495621067 48 47 49 1.0631007423068941 36 829 28 1090 27 1102 26 1091 30 1082 22 996 25 1071 35 795 38 562 39 798 34 746 40 794 32 758 21 1155
219 3.742198586643533 3.9863896426753391 38.862963360558368 83 73 82 0.68452808326199477 24 1052 36 961 28 1094 29 1228 27 1104 26 1094 23 1060 30 1209 22 997 25 1075 35 796 38 823 37 957 39 928 34 749 40 792 33 791 32 756 31 731 21 1164
220 2.1814121028536539 4.1756272560237706 39.247226001408976 14 10 17 0.48788787893022639 24 1056 36 556 28 1098 29 1112 27 1108 26 1095 23 1062 30 1087 22 1000 25 1078 35 533 38 828 37 552 39 517 34 753 40 801 33 528 32 763 31 514 21 1161
221 4.0320373560821761 4.1184073369072252 38.630433515954344 82 75 86 0.4096336134224059 24 1059 36 557 28 1100 27 1111 26 1099 23 1066 30 1089 22 1004 25 1083 35 535 37 553 39 518 40 559 32 514 31 516
222 4.0320373560821761 4.1184073369072252 38.630433515954344 82 75 86 0.4096336134224059 24 1060 36 558 28 1101 27 1112 26 1098 23 1067 30 1088 22 1005 25 1084 35 534 37 554 39 519 40 558 32 515 31 515
223 4.5403765432446113 4.3053653942034114 38.029190126039452 44 40 39 1.0056031632015616 24 1064 36 562 28 1104 29 1121 27 936 26 1108 30 1094 22 1009 25 1088 35 540 38 961 35 927 37 819 39 803 34 755 40 803 33 927 32 869 31 738 21 1170
224 0.4374947255668582 5.0973212728182364 37.812089582870222 59 45 50 1.2294725087069895 36 840 28 1109 29 1239 27 1229 26 1111 23 1201 30 1225 22 1138 25 1209 38 833 37 825 32 768 21 1176
225 3.0913056832805914 5.1358929108068843 37.866801262625856 81 74 80 0.6780241454332242 24 1071 36 568 28 1113 29 1126 26 1117 23 1077 30 1101 22 1017 35 553 38 579 37 576 39 526 34 517 40 565 33 536 32 529 31 292 27 636 25 650 29 653 21 725 21 1181
226 3.0910237374315681 5.1341854476183446 37.853711367965417 81 74 80 0.68744999847395549 24 1072 36 569 28 1114 29 1127 26 1118 23 1078 30 1102 22 1018 35 552 38 578 37 575 39 527 34 518 40 566 33 537 31 293 25 651 27 637 29 654 21 726 21 1182
227 3.0682222346213015 6.5239015127380542 36.406986156711227 12 6 10 1.2011345053961329 24 1090 36 590 28 1136 29 1143 26 1143 23 1098 22 1037 25 1114 35 568 38 598 37 596 39 546 34 530 40 584 33 563 32 549 31 543 21 1206
229 -4.3100065493235542 -8.3589475676996035 28.263039072156644 108 41 51 0.84934588212836382 36 1012 28 1150 29 1164 27 1153 26 1155 23 1115 22 1054 25 1126 39 980
230 -1.2402249826346241 -4.1577355027660277 50.966016490369022 26 9 10 0.90252751152774591 24 999 36 932 28 1171 29 1182 27 1055 22 944 25 1147 37 1011 34 867 40 920 33 892 31 697 16 712 5 689 10 710 9 682 7 702
231 -3.2747988449391814 -1.3424743561768639 45.153413912476267 96 77 88 0.93552859458297355 24 1142 36 938 28 1186 29 1193 27 1182 26 1183 23 1147 30 1172 22 1091 25 1163 35 903 38 1019 37 931 39 916 34 943 40 986 33 896 32 847 31 894 21 1246 18 794 14 717 13 762 17 766 19 758 20 791 15 741 16 760 12 781 5 696 4 717 10 717 8 698 9 690 7 710 6 687 3 672 2 637 11 733
232 -0.68476790092706152 -1.4073489728974449 45.355075935252124 62 51 57 0.6306519468541415 24 1144 36 799 28 1187 29 1194 27 1183 26 1185 23 1150 30 1173 22 1092 25 1165 35 904 38 794 37 932 39 762 34 872 40 924 33 763 32 848 31 704 21 1247 18 795 14 718 13 763 17 723 19 715 20 743 15 742 16 720 12 733 5 698 4 719 10 720 8 701 9 693 7 712 6 689 3 674 2 639 11 735
233 3.706538193640494 -1.5469754601654957 44.961587156020983 14 10 11 1.2399712919214625 24 1146 36 936 28 1190 29 1066 27 1185 26 1052 23 1151 30 1042 22 956 25 1167 35 762 38 939 30 1295 37 793 39 914 33 895 18 837 14 722 14 771 13 811 19 719 20 794 15 796 16 763 12 737 5 703 5 749 4 765 10 723 10 770 8 704 9 695 7 716 6 741 3 678 3 720 2 642 2 686 11 775
234 -4.6544044383506638 -1.0834372645798713 45.033500369664381 85 69 81 0.99022791763179041 24 1147 36 1026 28 1191 29 1197 27 1186 26 1186 23 1152 30 1176 22 1095 25 1268 35 983 38 1021 37 934 39 991 34 876 40 989 33 901 32 926 31 821 21 1250 18 835 14 769 13 809 17 767 19 759 20 792 15 794 16 761 12 782 5 699 4 720 10 718 8 699 9 691 7 713 6 690 3 675 2 640 11 773
235 -4.6544044383506638 -1.0834372645798713 45.033500369664381 85 69 81 0.99022791763179041 24 1148 36 1027 28 1192 29 1198 27 1187 26 1187 23 1153 30 1177 22 1096 25 1269 35 984 38 1022 37 935 39 992 34 877 40 990 33 902 32 927 31 822 21 1249 18 836 14 770 13 810 17 768 19 760 20 793 15 795 16 762 12 783 5 700 4 721 10 719 8 700 9 692 7 714 6 691 3 676 2 641 11 774
236 2.8759138476848616 -1.3600829257646589 45.055968364956158 14 8 10 0.9866496925253021 24 1150 36 940 28 1193 29 1201 27 1189 26 1190 23 1156 30 1179 22 1098 25 1168 35 906 38 941 37 933 39 917 34 874 40 925 33 899 32 850 31 819 18 838 14 773 13 812 17 769 19 762 20 795 15 798 16 765 12 784 5 704 4 723 10 726 8 706 9 698 7 718 6 695 3 680 2 643 11 776
237 2.0479911828623028 -1.2061993895357193 44.85041756683605 13 9 10 0.89684704119112513 24 1152 36 800 28 1195 29 1203 27 1191 26 1192 23 1157 30 1182 22 1100 25 1171 35 766 38 796 39 764 34 719 40 762 33 765 21 1253 14 727 13 769 18 731 17 668 19 722 20 749 15 749 16 724 12 740 5 638 4 683 10 667 9 639 7 721 6 696 3 681 11 738
238 -3.8564073778258225 -0.41122100876273188 43.971687341880774 101 78 94 0.96745031718315633 24 1155 36 947 28 1198 29 1206 27 1195 26 1195 23 1164 30 1184 22 1103 25 1173 35 913 38 946 37 940 39 922 34 882 40 929 33 909 32 855 31 710 21 1255 18 802 14 730 13 771 17 729 19 724 20 751 15 752 16 726 12 743 5 643 4 688 10 729 8 710 9 702 7 725 6 699 3 629 11 740
239 -1.0488149973389649 -0.3737442589924721 43.759229991447739 14 8 14 0.6077207235583032 24 1255 36 949 28 1199 29 1207 27 1315 26 1313 23 1165 30 1185 22 1210 25 1273 35 915 38 948 37 942 40 931 33 912 32 857 31 824 14 733 13 774 17 774 19 727 20 753 15 756 12 748 11 743
240 -1.0521536656693939 -0.37348932034394111 43.748365999394181 14 8 14 0.66127425471319012 24 1256 36 948 28 1200 29 1208 27 1314 26 1314 23 1166 30 1186 22 1209 25 1274 35 914 38 947 37 941 39 996 34 948 40 930 33 911 32 856 31 823 21 1398 18 843 14 732 13 773 17 773 19 726 20 752 15 755 16 727 12 747 11 742
241 5.9224016785738485 -0.73786244547549329 44.01442260121317 34 32 37 1.6792398117145981 24 1157 36 946 28 1202 29 1210 27 1197 26 1197 23 1168 30 1188 22 1104 25 1175 35 912 38 945 37 939 39 921 34 879 40 928 33 908 32 854 31 709 14 735 13 776 19 667 15 698 16 729 12 750
243 3.0934258436410582 1.7279308364036867 41.999626946166458 51 38 37 0.84067957905134882 24 1165 36 951 28 1208 29 1217 27 1202 26 1204 23 1172 30 1194 22 1110 25 1183 35 916 38 950 37 945 34 885 33 914 32 861 31 827 21 1270
244 3.3245921669852039 2.0894568147159145 41.134962311443559 13 8 15 0.69221014163933681 24 1168 36 952 28 1209 29 1218 27 1203 26 1205 23 1175 30 1197 22 1111 25 1184 35 917 38 951 37 949 39 924 34 887 40 932 33 916 32 862 31 828 21 1400
245 2.7734678444705785 3.3161542384111802 40.169595515699129 8 8 10 0.49656586758561938 36 820 28 1212 35 784 38 815 37 808 39 784 34 739 40 783 33 778 32 746 31 722
246 -0.31016445042354263 3.5661282690289751 39.325365092243523 16 11 17 0.47181081582009415 36 956 28 1214 29 1221 27 1206 26 1318 23 1182 30 1202 22 1112 25 1186 35 922 38 956 37 952 39 926 34 890 40 935 33 920 32 865 31 833 21 1401
247 3.6394370419604347 3.5378084437997175 39.308656411546757 10 5 9 0.63775936348477691 24 1173 36 822 28 1215 29 1223 27 1207 26 1210 23 1185 22 1113 35 923 38 818 37 953 39 927 34 891 40 786 33 921 32 750 31 834 21 1282
248 2.5111537288281158 3.8138576355057281 39.545848494643181 10 8 11 0.52878039428124624 24 1174 36 825 28 1216 29 1224 27 1208 26 1212 23 1186 30 1204 22 1115 25 1193 21 1283
249 5.8514583223735972 3.7726028349089571 39.572647526362132 47 46 54 1.4632631135830898 24 1176 36 959 28 1218 29 1226 27 1212 26 1216 23 1190 30 1208 22 1119 25 1195 35 789 38 821 37 954 39 791 34 742 40 789 33 785 32 753 31 726 21 1287
250 4.355778584134721 3.951870649768614 38.593544897782166 13 7 7 0.61876026369227655 36 962 28 1219 27 1216 26 1222 23 1191 30 1211 22 1121 25 1197 35 797 38 958 37 958 39 929 34 893 40 937 33 924 32 866 31 732 21 1402
251 3.5018857697120209 5.2031572010297831 38.175872713225814 11 10 18 1.0946314244291497 24 1191 36 975 28 1236 27 1232 23 1208 35 937 38 969 39 943 31 845 21 1409
252 -2.8197115881726806 -10.843579653178294 29.151381096294603 139 134 157 0.76130250623927698 36 1067 28 1262 29 1274 27 1269 22 1170 38 1070 5 770 4 786 10 790 8 767 9 760 7 780 6 762
253 -1.7890380451118659 -1.0740255619394732 43.991939414433098 19 13 16 0.75249543516900752 24 1250 36 1025 28 1296 29 1309 27 1310 26 1309 23 1267 30 1296 22 1206 25 1270 35 982 38 1020 37 1014 39 990 34 944 40 988 33 988 18 839 14 772 13 813 17 770 19 761 20 796 15 797 16 764 12 785 5 750 4 766 10 771 8 747 9 742 7 762 6 742 3 721 2 687
254 -2.2631826136382509 -0.75321759130709209 44.107071864448478 78 63 70 0.92584427855016094 24 1252 36 1028 28 1298 29 1311 27 1312 26 1311 23 1268 30 1297 22 1207 25 1271 35 985 38 1025 37 1015 39 993 34 945 40 991 33 989 32 928 31 895 21 1394 18 841 14 774 13 814 17 771 19 764 20 797 15 799 16 766 12 786 5 751 4 767 10 772 8 748 9 743 7 763 6 743 3 722 2 646 11 739
255 -4.5519521637725893 -0.33640045028415339 44.098207015148304 94 74 83 1.0679270014664488 24 1254 36 1029 28 1299 29 1312 27 1313 26 1312 23 1269 30 1298 22 1208 25 1272 35 986 38 1026 37 1016 39 994 34 946 40 992 33 990 32 930 31 896 18 842 14 775 13 815 17 772 19 765 20 798 15 800 16 767 12 787 5 707 4 725 10 728 8 709 9 701 7 724 6 744 3 682 2 600 11 779
256 3.2757231164983458 2.5318356542625882 40.337013049207243 66 55 63 0.83898022915738668 24 1258 36 814 28 1301 27 1321 22 1214 25 1277 35 781 38 953 37 537 28 895 39 781 34 736 40 780 33 918 32 863 31 830
257 4.5562421314399675 2.8550508974260769 40.3727319434918 54 44 45 0.69482544423624348 24 1259 36 954 28 1302 35 920 38 954 37 1022 39 1001 34 888 40 934 33 995 32 934 31 831
258 3.3124754648504555 4.8795571139654923 38.335077722468192 70 58 71 0.31725336018638867 24 1268 36 1038 28 1308 29 1321 27 1330 26 1365 28 1355 23 1278 30 1311 22 1221 22 1267 25 1284 35 996 38 1038 37 1029 39 1006 34 958 40 1010 33 1002 32 941 21 1460
263 -3.8916876192501175 -0.99625385036600789 44.566408078824672 29 18 22 1.0742842638097738 36 1084 28 1346 29 1357 27 1311 26 1310 23 1314 30 1346 22 1258 35 1047 37 1078 34 1006 40 1064 33 1050 31 942 21 1439 18 876 14 810 13 852 17 807 19 803 20 831 15 832 16 801 12 819 5 809 4 823 10 831 8 807 9 808 7 830 6 803 3 775 2 733 11 812
266 1.1297790535356953 1.2136799383995738 42.570474185809537 32 31 40 0.67373179336775446 24 1336 36 1121 28 1378 29 1389 27 1396 26 1392 23 1356 30 1384 22 1289 25 1355 35 1076 38 1123 37 1113 39 1086 34 1042 40 1094 33 1077 31 965
267 1.132000695523983 1.2111037374800027 42.551975193657285 32 31 40 0.75536536279553335 24 1337 36 1122 28 1379 23 1357 35 1075 38 1122 37 1114 39 1087 40 1093 33 1078 32 1003
268 3.1806303465508448 4.3210934169259305 39.028179809521959 12 11 13 0.31164460319329451 24 1341 36 1128 28 1386 29 1395 27 1400 26 1396 23 1361 30 1391 22 1293 25 1359 35 1079 38 1128 37 1118 39 1091 34 1047 40 1098 33 1082 32 1008 31 947 21 1483
269 2.39895189007779 4.5167293882926369 38.788827549579075 69 58 68 0.36927222726292003 24 1342 36 1091 28 1387 29 1396 27 1401 26 1399 23 1362 30 1392 22 1294 25 1362 35 1055 38 1098 37 1085 39 1066 34 1015 40 1074 33 1057 32 982 31 948 21 1482
271 -3.8408487985847661 -7.714741428806235 55.720088554941654 41 15 18 0.83858351126740382 24 1363 36 1149 28 1407 29 1416 27 1422 26 1418 23 1379 30 1410 22 1316 25 1381 35 1104 38 1157 37 1144 39 1120 34 1068 40 1125 33 1108 32 1032
272 0.84529220011902606 -5.1193111426599112 51.195253304943485 101 34 34 1.4658125548025009 36 1113 28 1408 29 1419 27 1424 26 1420 23 1380 30 1413 22 1319 25 1382 35 1069 38 1147 37 1135 34 1035 40 1116 33 1074 32 998 31 940 18 901 14 836 13 877 17 832 19 828 20 856 15 859 16 827 12 847 5 831 4 841 10 855 8 827 8 835 9 827 9 837 7 848 6 824 3 790 2 754
274 4.6835241670127896 -2.9264716839286344 49.058021400055999 14 8 8 1.7879700354648334 24 1396 36 1161 28 1438 29 1446 27 1458 26 1449 23 1407 30 1441 22 1347 25 1410 35 1117 38 1167 37 1156 39 1135 34 1081 40 1139 33 1122 32 1046 31 1006 14 857 13 901 19 856 18 925 15 877 16 854 20 878 12 869 5 850 4 861 9 844 7 867 6 839 3 808 2 771
275 -3.3076989837985966 -10.738314614211344 28.677091014210891 175 165 189 1.657018043522628 36 1167 28 1444 29 1451 27 1464 26 1455 23 1412 30 1445 22 1352 25 1415 38 1175 37 1165 39 1142 34 1089 40 1147 32 1057 31 1011 18 929 17 864 19 860 20 882 15 881 16 858 12 873
277 2.5316580444452961 -4.6841861186657177 57.996642811007057 5 1 2 1.5848188042698481 24 1406 36 1166 28 1448 29 1456 27 1467 26 1456 30 1448 22 1355 25 1418 36 1174 35 1129 38 1174 38 1180 37 1163 37 1170 39 1141 39 1147 34 1088 40 1154 33 1131
278 1.476051422812821 -8.7626762614729703 56.104168654869461 19 1 1 1.3282880892237299 24 1411 36 1171 28 1452 29 1460 27 1471 26 1459 23 1420 30 1453 22 1360 25 1422 35 1126 38 1179 37 1169 39 1146 34 1091 40 1151 33 1130 32 1058
279 2.7278948443075759 1.7835413238256075 3.5438125605718094 136 124 148 0.80807226958632705 24 1281 28 1323 27 1344
280 2.7278948443075759 1.7835413238256075 3.5438125605718094 136 124 148 0.80807226958632705 24 1280 28 1324 27 1343
293 -3.1540519595554719 -10.258356650001872 29.013274145468099 180 173 198 0.73606864285914275 36 9 29 59 23 54 30 58 26 45 25 35
294 -3.1885005100081978 -9.7424252199520502 28.887089879167085 105 101 127 0.96384052607808435 36 438 29 71 27 74 26 452 23 72 22 404 35 413 38 421 37 430 40 444 32 402 31 414 13 90 17 87 10 75
296 2.803784740525717 1.4336144180232337 4.5027301085101961 138 134 159 0.38011206261081132 24 496 29 135
297 2.7626106733023534 1.6981592138130031 3.8937071089269439 68 76 101 0.65246487990991897 24 162 29 156 27 141 26 530
299 2.5763689045607014 1.9171913244832162 4.3788086707049851 28 11 14 0.75240370515757127 24 569 29 197 27 187
300 2.0016121758003038 2.1830886584665747 41.326200359514004 58 56 59 0.95926291994725887 24 216 28 174 36 71 29 215 27 202 26 209 22 209 38 61 37 64 39 65 31 269 33 513 21 222
301 -0.47720220989702561 6.5712356255350475 36.969740720523944 27 16 19 0.74813992052152811 28 675 36 117 29 314 27 299 23 295 25 317 35 102 39 107 40 113
302 -6.0549236802066044 -11.75577266877626 29.553197925395914 97 81 93 1.6282752160983236 36 161 29 357 27 338 26 359 22 4 25 343 33 161 14 605 18 679 13 642 17 445 13 461 15 449 18 479 16 226 16 612 12 462 10 15 8 435 6 241 6 582 4 9 9 4 8 8 2 219 2 230
310 -4.2056191186095688 -7.6635051041945514 28.209216054525903 3 3 16 1.7405732514883125 28 807 36 220 29 526 27 805 26 812 22 457 25 124 35 212 38 490 37 213 34 192 34 699 32 464 17 152 4 164 4 392 8 343 11 167 18 169
311 -2.9790107535454986 -7.6681184815039352 28.233253082977921 84 87 121 1.4100949638533546 24 146 36 505 29 528 27 132 26 138 23 135 22 461 35 37 38 225 37 211 34 195 40 517 33 479 31 476 14 372 13 156 17 383 20 152 16 369 4 162 11 165
313 4.6328648293536157 3.2102611710483946 39.32674455931231 9 4 8 0.21902622123820914 28 585 36 77 29 608 27 585 26 916 30 584
314 -3.2096052570779618 4.713042092913855 40.537803876024128 52 49 61 0.69437499397083302 36 561 29 640 30 617 25 627 35 278 38 570 37 287 34 506 33 532 32 520 31 288
315 -5.1006221903042235 -11.667395806999744 28.618021200947631 92 73 92 0.80606842953145375 36 622 29 718 38 616 37 627 39 333 34 553 31 564
318 -2.6839800075529201 -9.2118935096598964 28.703324714725824 178 172 195 0.83410521516063507 36 456 29 783 27 781 26 1010 30 779 25 996 30 1007 35 437 38 442 37 455 39 699 34 417 40 466 33 440 32 423 31 431 18 582 14 510 13 539 17 527 19 504 20 533 15 534 16 516 12 546 5 600 4 640 10 626 8 614 9 488 9 601 7 621 6 613 3 590 2 560 11 517 1 475
320 -4.5869687739547338 -7.5482590661223607 57.555052527299942 80 46 52 1.2509040677547487 24 546 28 519 36 234 29 840 27 524 26 545 23 543 30 518 22 502 25 541 35 232 38 235 37 234 39 481 34 222 40 527 33 493 32 487 31 52 34 30
321 2.4238487992863194 -0.61060038387103266 43.771045965892704 47 46 52 0.88574742168655463 24 829 28 864 36 525 29 870 27 863 26 870 23 843 30 858 22 789 25 856 37 523 35 510 38 523 34 473 40 534 18 666 21 936 14 591 13 630 17 607 19 407 20 421 15 628 16 596 12 623 10 436 8 415 5 225 9 416 7 588 6 408 11 605
322 -4.1159034818855584 -0.10197515527373954 43.820751540355275 31 18 27 1.008421796725367 24 837 36 248 29 876 27 541 26 567 23 557 30 533 22 792 25 176 35 511 38 524 37 248 34 230 40 535 33 257 32 242 31 262 21 609 18 670 14 594 13 635 17 429 19 589 20 623 15 630 16 409 12 443 7 218 6 409 11 433
323 1.0261938824186756 2.56739415436564 41.228996960710326 36 38 46 0.64569645192498537 24 853 36 539 29 890 27 888 26 596 28 572 23 862 22 816 25 879 38 541 37 535 34 50 35 253 40 268 33 268 31 500 21 971
324 4.3104741996063254 3.6610214264987313 39.23960476224331 65 56 58 0.58601264131646036 24 880 28 922 36 550 29 914 27 917 26 923 23 878 30 917 22 834 25 1066 35 528 38 556 39 511 40 283 33 522 32 508 31 508
327 -3.7857736228154981 -8.6158514401068214 28.599705442012471 120 70 90 1.0713214690899444 24 1110 36 754 29 1028 27 1020 26 1154 30 1147 22 726 25 1003 35 719 38 759 39 718 34 676 40 727 33 725 32 689 31 668
328 -0.5009276112915545 -9.6112302436093344 50.129042842305225 100 31 36 1.6021764893011763 24 992 36 785 29 1051 27 1164 26 1037 23 1000 33 751 1 528
329 -5.854526259878738 -3.131235853440109 32.946262423288033 124 88 98 1.6528826238928529 36 790 29 1055 27 839 26 846 25 830 38 514 39 478 34 216 33 755
330 -4.1449988773037791 -0.74367382272832661 44.257334424564263 31 20 25 0.86639648021159577 24 1018 36 944 29 1074 26 1057 23 1158 30 1049 22 963 35 910 38 799 37 796 39 767 34 721 40 767 33 906 32 732 31 706 21 1254
331 3.8410322602175144 -0.97717070018217611 44.23885394688935 38 33 39 0.65685445204863346 36 801 29 1076 27 1071 23 1028 30 1052 37 797 14 659 13 702 17 671 19 660 20 689 15 694 16 663 8 653 9 640 7 669 11 681
332 -1.2582322714335585 2.1146127185124373 41.392805650899227 9 10 16 0.77662408611524636 36 536 29 1093 27 1085 26 889 23 856 23 1044 30 1067 22 809 22 982 25 873 34 483 40 542 21 1137
333 -0.99882258740746754 4.5524111602017312 39.091240848952104 87 82 89 0.53303389114781907 36 836 29 1115 27 1113 26 1103 23 1069 25 1085 35 538 38 569 37 558 39 522 34 504 40 292 32 522 31 521 21 1166
334 -1.0037176515562436 4.5559503993644386 39.134737438020842 87 82 89 0.49497256984019172 36 837 29 1116 27 1114 26 1104 23 1068 25 1086 35 539 37 559 39 523 34 505 40 293 32 521 31 522 21 1167
335 3.8103738392209374 4.2534783322955327 38.737073669413007 13 9 10 0.64530441272219041 24 1061 36 560 29 1120 27 930 24 894 28 616 29 932 26 932 23 892 30 615 22 583 25 909 38 568 37 285 34 503 40 289 33 529 31 286 21 1011
337 -5.3736873191699637 -10.467478949654621 28.382951606820175 91 24 31 0.8776417465911015 24 953 28 1001 36 876 29 1151 27 997 26 995 23 953 30 995 22 904 25 983 35 845 38 1003 37 876 39 856 34 812 40 859 33 837 32 799 31 786 14 683 18 759 13 729 17 694 19 682 20 642 15 712 16 685 12 704 5 661 4 699 10 686 8 675 9 658 7 685 6 668 3 640 2 544 25 733 11 697 1 546
340 -4.7035661440610639 -7.8552711843473446 28.183868337578687 54 23 29 1.2025667643080893 36 1013 29 1167 27 1156 26 1158 35 889 37 1004 34 853 32 835 31 810 20 725
341 0.22002619434132742 -3.9921554266442003 49.653182372173575 17 6 10 0.82468211099522393 24 1243 28 1172 36 1021 29 1183 27 1301 26 1173 23 1259 30 1160 22 1199 25 1148 35 980 38 1016 37 925 39 986 34 868 33 1046 36 1082 39 1058 40 1063 35 1070 38 1090 18 788 13 805 20 739 15 789 16 755 12 814 5 741 4 713 10 711 8 692 9 683 7 753 6 681 3 664 2 631
342 -2.8128924628003822 -1.0758237109557529 44.319179945187379 25 14 17 0.92450189155338935 24 1149 28 1048 36 942 29 1199 27 1188 26 1188 23 1022 30 1178 22 1097 25 1039 35 908 38 942 37 936 39 919 34 878 40 926 33 903 32 852 31 820 21 1251 18 800 14 725 13 765 17 726 19 720 20 745 15 747 16 722 12 739 5 702 4 722 10 725 8 705 9 697 7 717 6 693 3 679 2 595 11 736
343 3.0270642177186264 2.4026748174560937 41.043739393768483 74 62 72 0.58522799725287988 36 953 29 1219 26 1206 23 1176 30 1198 35 919 38 952 37 804 39 780 34 735 40 777 33 917 31 829 21 1273
344 -0.72960801394274544 3.2885816377995138 40.456138877300269 63 48 45 0.62930053504297456 24 1035 36 955 29 1220 27 899 26 1208 23 1181 30 1201 22 986 25 888 35 921 38 955 37 265 37 951 39 925 34 889 40 782 33 919 32 864 31 832
345 -4.1362312652432491 4.0581605258326077 40.809938392457198 55 48 48 1.4651377091584212 36 957 29 1222 26 1319 38 1032 39 789 23 875 25 898 28 919 30 910 22 835 27 914 34 497 40 998 33 782 32 509 21 678
346 5.8362594566686514 3.7275076637899831 39.624549280560409 47 45 50 1.0800597731778758 36 960 29 1227 22 1120 35 790 38 822 37 955 39 792 34 743 40 790 33 786 32 754 31 727
347 0.80060830975916042 4.5658980307919252 39.138088053732787 50 41 43 1.0086303945451727 36 967 29 1232 26 1323 30 1308 22 1219 25 1281 40 940 33 929 32 872 31 837 21 1168
348 4.1320311055815298 6.7462887839193533 35.623759817947665 65 58 65 1.0214034597575183 36 986 29 1260 27 1252 30 1247 38 854 37 979 39 956 34 911 40 955 33 815 32 894 31 858
349 -4.8650186509248714 -8.5304114838544454 27.901461892071907 56 16 23 1.2981618742840395 36 1072 29 1285 27 1283 26 1280 23 1241 30 1269 22 1184 35 1034 38 1077 37 1067 34 994 40 1051 33 1039 20 771 5 731 4 743 10 753 8 730 9 723 6 723 3 699 2 667
350 -4.7744702702553479 -8.8542755986776527 56.552746378048106 97 70 79 1.3020921247629929 24 1237 28 1288 36 1079 29 1299 27 1297 26 1297 23 1255 30 1283 25 1263 35 1041 38 1088 22 1194 37 1075 39 1056 34 1003 40 1061 32 921
351 -9.6587354697409804 -2.2961800130109942 33.488220144634703 174 104 115 2.0661196535524158 24 1129 36 1018 27 1168 26 1171 30 1159 25 1025 38 789 40 916 34 863
352 3.3135267478404367 4.8817017893222712 38.340933925076584 70 57 66 0.3432281665277791 24 1269 28 1309 36 1037 29 1322 27 1331 26 1364 28 1354 23 1279 30 1312 22 1222 22 1266 25 1285 35 995 38 1037 37 1028 39 1005 34 957 40 1009 33 1001 32 940 31 909 21 1459
353 -5.1797669438385991 -3.3654615308475009 50.096400113685121 162 126 135 1.796124651525336 28 1343 36 1115 29 1352 27 1358 23 1381 26 1421 30 1342 30 1414 25 1383 35 1045 33 1049 32 925 33 987 31 984
354 -0.42818814340375061 -0.54054244695369635 43.691030218534536 47 42 49 0.75800530838347435 24 1333 36 1086 29 1387 27 1392 26 1390 23 1353 30 1383 22 1286 25 1349 35 1049 38 1094 37 1080 39 1059 34 1008 40 1066 33 1053 32 978 21 1474 18 878 14 812 13 853 17 809 19 805 20 834 15 834 16 803 12 821 11 815
372 2.4538830319801601 1.2288759081898202 4.6492872504079319 80 75 98 0.10923102694814946 28 30 27 25 30 33
374 2.6963704923480654 1.6131915732782196 3.9251286759341748 44 41 70 0.10870504547130329 28 45 27 49 29 56 26 42 23 410 24 413
375 2.6139240943814208 1.2812711257569982 4.6311741527171186 155 151 176 0.14388255324038948 28 46 27 57 23 57
376 2.4712517993207053 1.2910457219355884 4.6358576460716403 84 76 100 0.0070331029192446581 29 61 27 61
377 2.7086049900305054 1.6296744048879668 3.9180556256274985 66 58 77 0.017431273614635343 28 65 27 71
378 2.6927866776569203 1.7457561053837354 3.6884355993592961 70 68 98 0.13841878021471954 29 485 27 86
379 2.7158488261946334 1.7511675854636168 3.677083822192929 128 120 148 0.27541497977294965 28 77 27 90 23 85 24 87
380 2.5343018701103928 1.3586949678063545 4.5953832519714339 56 56 84 0.22539827246023303 28 84 27 98
381 2.5393915251188091 1.3841779223646167 4.5715250956195259 149 143 169 0.43131681630812113 24 108 29 106 27 110
382 2.6923602687059818 1.5933660204169871 3.9224919111474637 110 106 133 0.38806904277368914 28 332 27 367 26 393 25 379
388 2.7656648920492981 1.410667147467487 4.5235984758869057 171 167 196 0.28794354694277535 24 489 29 513 27 475 28 460 23 488
389 2.7732562475008464 1.4143520738189805 4.5299470153865533 114 109 141 0.45212506481586262 28 466 27 482 25 495
390 2.7732562475008464 1.4143520738189805 4.5299470153865533 114 109 141 0.45212506481586262 28 467 27 483 25 496
394 -2.5536189454516971 -12.051572682192239 47.609233533873223 46 22 25 2.2015140537204148 24 537 28 140 29 169 36 511 27 515 26 538 23 532 30 160 22 164 25 153 35 225 38 509 37 229 39 39 33 486 32 226
395 3.5486747436991206 1.6515089758441317 41.571642096246897 44 40 39 0.7517495682922839 36 252 27 555 30 548 23 201 22 523 25 194 34 234 21 637
396 -0.10035635130083755 5.4894223966627962 37.343154611790162 84 68 71 0.98204947407102272 36 98 27 642 23 652 35 91 39 90 34 70 40 98 32 281 22 870 30 639 24 663 28 1117 23 1083 31 100 21 738
397 3.1733642208110489 5.2981662643499581 37.519269544836739 16 10 12 1.3085206341767099 36 295 27 644 24 911 26 655 29 1128 27 1124 23 658 23 1080 30 640 30 1105 22 869 25 658 25 1100 35 554 38 580 37 299 39 528 34 519 40 567 33 540 32 280 31 296 21 732
398 -0.73609120969068076 7.2490106715580414 36.642712728746801 33 31 48 1.2849896405109018 28 699 29 712 36 327 27 709 26 717 30 982 35 317 38 329 37 331 39 123 32 123 31 321
400 -4.48864348177064 -9.5573649349358707 28.403526706489409 75 17 23 1.1212119155056406 24 967 28 769 29 1019 36 706 27 771 26 1007 23 759 30 772 30 1003 22 916 25 771 35 868 34 831 40 692 33 679 31 636
405 2.7978542760674738 1.4433550705486335 4.5175158731801748 169 166 189 0.29978618047732636 28 813 29 809 27 812 26 815 30 811
406 -0.28284268847204497 -11.38977305572139 49.967855793226754 56 2 1 2.2211786930242368 24 800 28 829 36 513 27 827 26 835 23 811 30 824 22 750 25 818 38 779 39 746 34 702 33 748 1 302 35 746
407 3.8971980430467674 2.8598768109721759 39.567635987120255 9 1 2 0.50768925794077924 36 257 27 895 26 905 30 887 21 979
408 -1.8796921513826408 4.0883022027838178 39.641707821613657 11 11 11 0.76791842576155767 24 883 28 925 29 915 36 552 27 920 26 617 24 622 23 623 30 919 22 841 38 272 37 546 39 262 34 248 40 284 32 72 31 281 21 999
409 4.5416996835341212 4.3572930333821427 38.055035093416997 54 52 54 0.70515021223269181 36 563 27 937 25 1089 35 541 21 1171
410 -0.44668515264671826 5.588586183530059 37.962518051350038 38 26 26 0.71012868421797959 24 664 28 960 29 957 36 846 27 954 26 952 23 656 30 949 22 609 25 932 35 811 38 844 37 579 34 766 40 568 33 804 32 775 31 532 21 736
412 3.3964557951102483 2.9146577830966289 39.762189618188202 16 7 8 0.89259913494180476 36 817 27 1092 26 1079 23 1178 35 518 35 783 22 821 24 861 23 865 26 601 27 896 29 894 30 889 25 593 28 578 38 814 37 807 39 783 34 738 40 271 33 517 32 745 21 1277
413 0.17035660526395352 5.81609263018502 37.343500357585633 15 10 11 0.79314970332032597 36 849 27 1130 26 1133 35 812 38 848 39 817 34 769 40 818 33 807 32 880 31 751
414 -3.4487139607919883 4.4088637456478121 40.710916386819306 8 6 7 1.62508609441367 24 1053 36 964 27 1213 26 1217 25 1076 25 1196 35 924 38 960 37 960 39 931 34 895 31 835 21 1157
415 4.3647413469053138 3.942378702697634 38.669127561576332 9 7 10 0.55743883718648835 36 963 27 1217 26 1223 22 1122 38 959 37 959 39 930 34 894 40 938 33 925 32 867 31 733
416 2.870739103291275 4.6804799470275027 38.135993505995621 13 9 6 0.50005937156150437 24 1180 36 968 27 1224 23 1196 30 1215 22 1133 35 929 37 962 39 936 31 839 21 1295
417 -3.4681018592620334 -11.72959357363168 29.40568683938443 154 144 164 0.72984917196717636 24 1204 28 1252 29 1262 36 1058 27 1257 26 1254 23 1221 30 1249 22 1158 25 1229 35 1020 38 1060 37 1055 39 1035 34 982 40 1040 33 1028 32 961 31 865 18 853 14 782 13 821 17 782 19 779 20 810 15 805 12 792 5 754 4 770 10 775 8 751 9 746 6 747 11 784
418 -10.13153333662998 -1.7805279406595753 33.983948676530325 173 107 121 2.1459720835403608 36 1019 26 1301 38 932 32 922
419 3.8247157347321634 1.6609719303667505 41.442540721464887 25 19 19 0.85547996916038427 36 1034 27 1319 26 1315 23 1322 30 1301 30 1352 22 1212 25 1320 35 991 38 1030 37 1020 39 1000 34 951 40 997 33 994 32 933 31 901 21 1444
420 3.8247157347321634 1.6609719303667505 41.442540721464887 25 19 19 0.85547996916038427 36 1035 27 1320 26 1316 23 1321 30 1302 30 1351 22 1213 25 1319 35 990 38 1031 37 1019 39 999 34 950 40 996 33 993 32 932 31 900 21 1443
421 -4.2027724884117559 6.1033830040595261 40.485439313049859 8 8 13 1.1257349634149838 36 977 27 1333 30 1314 25 1287 35 939 38 971 39 945 34 904 33 938 32 878
422 -4.2616799087799588 -11.682777949356382 29.366552708860468 153 139 159 0.76980926056658994 36 1064 27 1342 26 1339 23 1293 30 1324 22 1157 23 1220 35 1018 38 1067 37 1053 39 1033 34 981 40 1038 33 1026 32 959 31 926 18 851 14 780 13 819 17 780 19 777 20 808 15 813 16 776 12 790 5 753 4 769 10 774 8 750 9 745 7 765 6 746 3 724 2 689 11 782
424 2.052320524701289 -0.68992617057069749 43.782466893457226 36 33 40 0.95473837917704385 24 1300 29 1388 36 1119 27 1394 23 1355 25 1317 25 1351 35 1074 38 1120 37 1112 39 1084 34 1040 40 1091 33 1076 32 1002 31 963 18 893 14 827 13 868 17 823 19 821 20 850 15 851 16 820 12 839 11 827
425 2.0780022366561308 -0.70593490901494949 43.833906588500277 36 33 40 0.88051013742440576 36 1120 27 1395 38 1121 39 1085 40 1092 18 894 14 828 13 869 17 824 19 822 20 849 15 850 16 821 12 840 11 828
426 -1.2528693842005834 6.0641489580013213 37.580796493275216 19 13 13 0.77924960896359685 36 1100 27 1406 22 1300 25 1368 35 1082 38 1106 34 1050 33 1063 32 1010 21 1489
429 2.8067040966249737 1.2944000313843729 4.5555807196316209 159 148 173 0.22951204683724061 28 372 27 400 26 424 23 401 30 375 25 418
430 -1.2713192231704489 -7.9650118915112058 29.471403862832382 0 0 0 1.2612060539385241 28 491 29 534 36 232
434 2.7748907235614779 1.4015295165076307 4.5600764081747593 111 112 140 0.51323601074765968 24 783 28 802 26 809 23 781 30 800
435 2.7815776162215635 1.4364802380161308 4.5270230484466767 164 155 181 0.37824438655107084 29 807 27 807
436 -0.031701421500846774 -10.948674771062606 49.309363887768342 88 31 32 2.4712540012228779 24 801 28 830 29 828 36 514 27 828 26 836 23 535 30 825 22 751 25 819 35 747 27 1037 30 1026 38 510 39 475 33 488 33 749 32 479 32 714
439 -1.2628413451782854 -12.648263644347058 50.127804454775038 25 5 5 2.6287503030150243 24 1292 28 1336 29 1344 36 1108 27 1355 26 1349 23 1303 30 1337 22 1249 25 1307 35 1039 38 1086 37 1105 39 1080 34 1001 40 1058 33 1073 32 997 1 600
440 0.59261542922532806 -11.298691763156853 49.139788960058247 17 0 0 2.5514693379396181 24 1293 28 1337 29 1345 36 1109 27 1356 26 1350 23 1304 30 1339 22 1250 25 1308 35 1040 38 1087 37 1073 39 1055 34 1002 40 1059 33 1043
441 -0.24602580784481207 -12.175164881747184 49.415841299094204 96 32 36 2.0770581396513985 24 1323 28 1372 29 1377 36 1141 27 1382 26 1381 23 1344 30 1374 22 1279 22 1314 25 1341 35 1092 38 1143 37 1131 39 1106 34 1059 40 1113 33 1096
442 3.8274373689002736 -10.182935803123623 60.593685813347911 71 47 47 2.8794114454206414 24 1295 28 1338 29 1378 36 1017 27 1384 26 1351 23 1345 30 1375 22 1252 25 1343 35 978 38 927 37 1009 39 908 34 859 40 911 33 885
444 2.6456111674734406 1.6981678190481697 3.695593187683583 76 64 86 0.37783970286627677 24 0 26 0
445 2.7398645545928635 1.6267281222137175 3.8354267778591207 160 151 173 0.41696652168862514 27 5 28 8 23 6
446 2.7650755323007408 1.7850979251644796 3.5377244087969015 14 11 20 0.87674507810249447 27 10 29 12 28 18 30 21
449 2.5294885427360696 1.3896538065852879 4.5936665810369357 127 123 146 0.2851357820552009 27 115 26 113 30 117
452 -3.7538511066485034 -10.578273272328769 54.10520082526552 135 62 65 1.3789214746112157 24 540 27 832 28 836 36 44 26 165 29 832 23 814 30 828 22 755 25 535 37 47 39 215 34 215 32 32
453 2.6760689896393286 1.7742953168140752 3.5558469372220518 66 58 73 0.97870499379330311 27 1 29 4 30 3
454 2.7584674797090476 1.7836662547770272 3.5352892396211915 53 45 63 0.80048328043351225 24 336 26 358
455 2.6013968148684801 1.3073091244097201 4.5971262850495958 75 70 91 0.46573078605086565 27 417 28 401 29 446 26 443 23 422 30 398 22 393
458 2.8138525506346039 1.3453153454259366 4.5447345781241548 109 99 124 0.22598136558224491 24 444 29 482 26 466 23 447 30 430 28 424
461 2.6358121208738017 1.6445726214491023 3.9352088281181365 125 123 156 0.69869684605412807 24 457 26 481 22 96
467 2.753665197167714 1.4619742464909351 4.526508555549408 10 10 21 0.36846637888507461 24 527 29 159 30 149 25 142
468 -3.7342781989409537 0.12898782351979685 43.284749357159036 32 16 16 0.72641307980901171 28 159 36 527 26 570 27 183 22 515 25 179 38 247 37 249 39 229 34 231 40 262 32 56 18 461 14 423 13 450 17 431 19 411 20 430 15 440 16 418 12 449 11 611
469 -0.083110108981653691 5.2076095422084574 37.99459924376449 83 70 83 0.54194344120682281 24 276 27 268 29 293 36 92 26 649 23 268 25 268
470 -0.73990923669176123 6.2564107418875468 37.337083195221204 77 75 83 0.5792648454656345 27 669 36 582 26 680 23 680 24 305 35 299 38 104 37 590 39 538 34 286 40 319 33 316 32 287 31 754
473 2.7096015800316993 1.6439634395238345 3.9108636541400479 176 168 193 0.1306234738594533 24 764 29 779 28 776 23 765
476 2.8736252139544409 1.5365558057757849 41.901845704787597 53 43 41 1.2180508783630233 24 844 27 879 36 529 26 886 23 852 30 876 22 974 25 870 35 513 38 528 23 855 33 261 21 958
477 2.6453864568630556 1.6411310588131516 3.9234547418311805 0 0 0 0.18706070995864013 27 1013 28 1010
480 6.5829520055723956 3.6262941933986177 40.104997551279212 41 40 45 1.3287682683102835 24 1045 28 600 29 916 36 823 26 1089 23 883 30 597 30 1078 22 994 25 1067 35 788 38 819 37 810 39 788 40 787 33 784 31 509 21 1153
481 1.7409275627538363 4.0102795328312855 39.368503093648499 67 50 40 0.6207505177167526 24 1047 36 827 26 1092 25 902 22 576 23 628 28 928 29 921 27 611 30 602 26 251 35 531 38 560 39 794 34 747 40 795 33 789 32 760 31 513 21 686
482 -1.7309642600959563 5.5573426167241866 38.623515339665431 16 15 15 0.71642316833603825 36 570 26 1120 33 541
483 3.4406729380301813 5.8436017061736276 36.862744782296254 45 40 43 0.79543837392976091 36 579 26 1141 38 588 21 1200
488 0.014162582086159876 -11.918358478248283 49.984140196806671 118 38 44 1.5411787863899569 36 1016 26 1167 25 1142 35 976 37 1008 34 940 40 985 33 985 32 918 1 526
489 -3.2747988449391814 -1.3424743561768639 45.153413912476267 98 81 87 0.93552859458297355 24 1141 27 1181 28 1185 29 1192 36 937 26 1182 23 1146 30 1171 22 1090 25 1162 35 902 38 1018 37 930 39 915 34 942 40 987 33 897 32 846 31 893 21 1245 5 695 13 761 14 716 15 740 18 793 12 780 16 759 17 765 19 757 20 790 4 716 10 716 8 697 9 689 7 709 6 686 3 671 2 636 11 732
490 5.9195805672877908 -0.79226376270754639 44.218677173051226 31 30 35 1.5465830446362583 28 1203 36 945 26 1198 23 1169 22 1105 35 911 38 944 37 938 39 920 34 880 40 927 33 907 32 853 31 708 13 777 16 730
491 -5.1421169695699049 -11.575518816674002 29.071041445669003 153 141 165 0.83221126723661465 27 1340 28 1321 29 1329 36 1056 26 1337 23 1292 30 1323 22 1237 25 1297 35 1017 38 1058 37 1051 39 1031 34 979 40 1037 33 1024 32 957 31 923 13 818 19 776 20 807 15 804 16 775 12 789
493 6.5565386436517619 4.1041776516731678 39.654517082217048 40 35 39 1.814710827922027 24 1305 36 1036 26 1359 23 1326 22 1264 35 992 38 1034 37 1023 39 1002 34 952 40 1000 33 996 32 935 31 902 21 1481
494 2.7496240475866389 6.6428860691692364 36.471929473137202 83 73 81 1.0608483727221591 36 1047 26 1372 25 1331 35 1009 28 1318 29 1327 22 1232 23 1288 24 1278 25 1294 26 1333 27 1338 30 1319 38 1048 37 1040 39 1016 34 968 40 1020 33 1012 32 948 31 916 21 1415
495 -1.435662532341732 4.0759666236696583 39.558172547212351 10 11 15 1.0305608465410496 24 1339 27 1399 28 1384 29 1394 36 1125 26 1395 23 1360 30 1389 22 1292 25 1358 35 1078 38 1127 37 1117 39 1090 34 1045 40 1097 33 1081 32 1007 31 968
498 2.5425643753488019 1.3993629762376729 4.5694911713792408 127 124 151 0.23718978459586193 27 116 26 114
502 2.6291156887744282 1.347674713707961 4.612641511633889 0 0 0 0.18968382883976723 24 461 29 499
503 2.7636983333949257 1.6722148736812201 3.8935390667737799 163 156 181 0.6980988118420024 27 466 28 452 29 506 24 480 23 480 30 461 22 433 25 479
505 2.5102224036667957 1.3176499822272432 4.661434047562989 172 167 189 0.50057894413342496 27 782 29 784 23 769 24 768 30 781 22 719
508 2.751934689811125 1.9216069824558102 3.27925594734609 93 81 95 0.78664936509798433 29 387 23 0
509 2.7639801581752894 1.7811415139119258 3.5420497940646336 55 49 62 0.75899619155575859 29 9 23 3 30 14
510 2.6956570637143318 1.7825543345773696 3.5454082857545122 147 137 156 0.65743002637368064 28 13 23 5
517 -3.5099087387040337 -10.088241274712452 28.932254605689099 100 86 109 0.95373296632882876 24 50 26 53 27 58 28 49 36 180 23 58 22 63 25 41 35 166 38 178 37 13 39 10 34 143 40 18 32 7 18 85 17 79 19 58 15 76
519 2.6742460698807049 1.7397247443820578 3.6887889520987409 75 69 97 0.22509349343609836 28 411 23 74
521 2.6830045551514341 1.3196075032987273 4.6008315863053264 52 51 80 0.17195863351909937 29 75 23 78 26 71
522 2.7996359583388384 1.3946549555660832 4.5054390239572761 108 109 141 0.3126759708500379 29 101 23 99 24 469 28 90
525 -2.4076241998080552 -8.1814207655355471 28.81330001626014 104 93 111 1.5089011493847235 36 215 23 128 25 117 30 128 35 206 38 218 34 180 40 225 31 34
527 -2.6314918183144211 -7.8954939607375261 28.825839994623799 84 87 120 1.6997237337721816 29 144 36 221 23 137 30 133 22 460 35 215 38 223 39 200 40 230 33 223 32 211 31 231 2 333
528 -2.551751001130139 -7.7603704518100027 28.953611669223545 83 88 124 1.9261548776144315 24 157 26 144 28 122 36 228 23 147 22 471 25 134 30 138 35 492 37 227 39 472 34 211 32 477 5 352
532 -3.2313063608911343 5.8960766438359391 39.716654263055013 27 16 15 1.0116103511452865 26 657 29 660 36 296 23 279 25 284 35 292 38 294 37 301 34 271 31 299 21 727
533 -0.72335834895039408 6.6447600646845748 37.17976043934231 54 52 57 0.71548796687715932 27 301 28 265 29 318 36 119 23 301 30 295 22 300 37 112 21 367
534 2.6947748078076055 1.7214523558189063 3.6513700649670198 76 64 84 0.52093805584400521 26 355 23 332
537 2.7838362278758098 1.2852923491595896 4.5653620327650462 164 157 175 0.079511366049257959 28 365 23 399
538 2.5578609928663743 1.2987902216881535 4.6156143935440399 0 0 0 0.37547367468854137 24 426 29 445 27 416
540 0.16429485342008521 -11.804503834635565 33.49300691140499 123 121 148 1.3241861657128888 29 476 36 436 23 442 35 410 34 395 39 401 40 440 33 423
549 2.7109378534155031 1.9429349442973258 3.3396398841965196 149 115 132 1.1150173482388301 28 143 23 544
550 -4.9911760959737528 -0.61082888357909959 45.052762149504758 28 17 22 1.7015930541570425 36 803 39 490 26 557 29 183 23 548 25 842 30 847 22 509 34 881 28 845 14 408 16 185 15 200 4 256 8 218 7 211 11 417
551 -0.42420468853865312 3.2934225262697927 40.292523428512233 47 39 37 0.83024218706837116 36 260 23 599 25 219 38 67 37 267 39 254 34 242 40 71 32 255
554 2.7600569658521468 1.7856991319948112 3.5354098096701323 152 145 162 0.70834377494425138 24 722 29 727 26 735 28 720 30 715
557 -5.9412139649664928 -10.240986909541165 28.141733079983872 124 31 43 0.89127232938232459 24 386 26 754 27 741 28 350 29 751 36 881 23 725 30 742 22 675 25 739 38 886 37 882 39 863 34 817 40 867 33 841 32 800 31 598
562 -2.2080775653652669 -7.8656765442437004 28.449028796258169 179 168 192 1.8656705857061568 24 504 36 778 23 788 30 804 22 738 35 741 38 492 39 743 34 452 34 700 33 225 14 374
564 4.2406947828107384 -0.70149267753343381 43.821062570556023 37 35 37 0.96478469975543246 24 831 26 872 36 245 23 841 21 943 13 632 17 609 8 578 4 455 10 596 9 570 6 576
565 3.0350398942899579 5.6253101946556434 37.526212896251394 58 53 52 0.82146208363363216 26 957 36 573 23 915 30 955 22 876 35 557 38 582 37 582 39 531 34 521 40 572 33 545 32 537 31 534 21 1043
569 -2.6282711476761631 6.2086187190107678 39.020478927746254 26 14 20 1.6297598830075826 29 1136 36 576 23 1094 30 959 23 920 27 655 29 967 23 669 22 879 25 1110 37 588 40 105 24 679 28 653 29 666 26 309 21 1042
577 -3.4851220625313419 1.3318553016993122 42.84692340425552 9 11 10 0.60746137135176226 36 1032 23 1318 35 989 38 1028 37 1018 39 997 34 949 40 994 33 992 32 931
578 -3.2854290811001166 -10.964670975485401 29.243475646515691 149 137 161 0.92185997667284636 36 1168 23 1413 38 1176 37 1166 39 1143 34 1090 40 1148 32 1056 31 1012 18 928 17 863 19 859 20 881 15 880 16 857 12 872 3 810
582 2.5890737742731518 1.5775953298515095 3.9489352089812435 77 67 91 0.085982437449343613 28 21 23 13
583 2.7979944162475046 1.3271200933885918 4.5500588417786645 66 53 73 0.2396481293320567 26 60 27 67 28 403 29 456 30 405 25 433
585 2.7894554244040517 1.4229271665947241 4.5484129541738509 49 44 66 0.24958336491081262 24 505 26 130 29 138 27 491 25 120
586 2.8041721086198663 1.4424176924592684 4.5331551185220089 66 69 101 0.33543238010912702 24 153 26 140 25 131
587 2.8831584729930699 1.4896202515069394 4.4531930037326726 59 60 82 0.22472450274005276 24 167 29 162 30 150
590 2.5834483197897176 1.2625368866058431 4.6185868563452859 173 166 190 0.062531774557974679 26 411 23 385
591 2.508670090526572 1.3279216423541627 4.5882798055180123 0 0 0 0.29456427443980371 24 433 26 454
593 2.7884002953319147 1.3852526785416719 4.5270781653886605 103 99 129 0.23896062219027919 24 467 26 486 27 452 30 450 25 465
599 -1.800664816919634 -14.417493180842655 34.815262777406545 124 112 130 1.726723117084586 23 9 36 1 33 2
601 2.5839138567754136 1.2643981487990288 4.5635388988351604 106 104 137 0.48600382274177034 23 21 28 27 30 32 25 12
604 2.5002350185022686 1.3211924758396327 4.5841321731708327 172 168 193 0.84687479690781553 24 62 26 62 28 60 30 70 22 72 25 53
605 2.5102537280659414 1.3378230375313398 4.6065517334078683 139 131 148 0.47700172509277672 24 86 30 83
608 2.5054969516247523 1.3557509880087708 4.6033805066448394 127 122 144 0.29223589079842377 27 440 29 91 30 95
610 2.6638950736352274 1.6600372781803814 3.9179106004716653 0 0 0 0.24580814036022783 23 104 26 97 27 111
611 2.7755172658380309 1.6786460798143683 3.9060474364917854 154 147 170 1.3431605949485674 24 137 26 126 30 129 22 133
614 2.7916227910965268 1.2396763057601159 4.5681455221664926 168 155 172 0.26767180064388774 24 351 29 368 23 351 27 346 25 361
616 2.7746100895711536 1.590022676762294 3.9090675886116655 170 156 169 0.49744929453855025 23 356 27 349 28 321 30 337 24 355 25 367
619 2.5881691245000717 1.5891699521859051 3.950724050823982 168 159 184 0.24451385809504747 26 397 27 735 28 339 30 350
622 2.7031120435380762 1.7369727244523514 3.6822648471762056 61 55 83 0.074854276773440087 24 427 29 449 30 401
627 2.590734854761179 1.3629878692364314 4.5818082192802265 0 0 0 0.19238145666878978 26 482 27 445
628 2.7058173486300836 1.7683944908768654 3.668373198375857 185 179 201 0.45483337188283124 24 121 28 450 30 459 25 476
630 2.7514652439428287 1.9225796771590606 3.2981992738599479 49 5 8 1.1910398274704517 27 109 28 798 30 467
631 2.6741182416461378 1.6740532111444366 3.9014693080220173 116 117 138 0.3658729685031159 24 485 30 469
632 2.6572904184219084 1.4070834637247476 4.5449465705928134 127 126 153 0.41310758488050486 24 488 27 478 30 471
633 2.8038790701411718 1.459730240773611 4.4904719370024502 74 74 107 0.42646176434905236 23 515 29 531 30 488 28 485
635 4.2304994948735448 4.9942836945118856 37.25881650285509 43 38 35 0.48894079246429334 24 657 27 634 29 652 36 290 30 632 22 601 35 548 37 570 34 515 21 1028
636 -0.04545276433022722 6.4744130430374112 36.654216506819807 49 39 40 1.1518758670307758 27 687 36 312 30 678 22 296 34 297 21 366
637 -3.4707527953086692 7.3109164026770612 39.375403042283608 76 65 71 1.0841749776818628 23 309 36 125 30 681 25 692 26 703 29 700 27 697 28 680 22 641 24 936 35 107 38 122 34 88 40 122 32 111 31 121
638 2.7154438592497643 1.7778562630659438 3.5463138194700705 59 55 71 0.92679621546341384 24 712 27 714 30 700
653 -1.5055325823606249 -11.452953056258368 29.549759286448424 19 18 28 1.2254782030189812 23 950 24 949 26 992 27 1142 28 997 29 1002 36 869 30 1131 22 1043 25 978 35 839 38 878 37 870 39 850 34 805 40 852 33 831 32 795 31 779 18 753 14 676 13 722 17 690 19 679 20 710 16 680 12 698 4 615 5 571 10 602 8 668 9 653 7 594 6 586 3 556 2 535
657 2.7587037831725159 1.7865373619347733 3.5369317513473155 114 104 124 1.1542402865329258 24 1210 30 1257 25 1237
658 2.7563797389047715 1.29660931696413 4.5410055280591868 132 119 145 0.26009514841929143 23 1233 24 1218 28 1264 29 1275 26 1270 25 1245
667 2.3623306481751101 1.0958230403383584 4.8469449085340148 26 17 34 1.3845091747575626 24 339 28 296 26 361 22 324 29 354 25 346
668 2.6077894784992086 1.230177400251824 4.6313585972625368 101 97 130 0.12242604541448471 23 368 26 392 30 343
670 2.6692617582728113 1.6252938816521671 3.9280647464185039 0 0 0 0.074036520064106368 23 428 29 460
672 2.5782766406755431 1.3254978842493419 4.5902601197828634 125 122 149 0.51063084969889838 23 434 28 414 30 421 24 434
678 2.5601499853611682 1.3169807417039061 4.60378184188958 0 0 0 0.29442262914777395 27 772 29 777
679 2.7567248715213446 1.2997639735566386 4.5341515315779972 132 119 145 0.25781826381193074 23 1232 24 1217 27 1272 28 1265 25 1246
684 2.6361131591296192 1.2823959727118259 4.4626465471511763 62 54 70 2.1500093566853602 27 2 22 2
686 2.3159751990634598 1.0734548407075659 4.9172876853073229 0 0 0 2.0232477948639755 27 15 30 19 22 13
688 2.6418870287527478 1.6484558470064923 3.9176519693136003 0 0 0 0.17250817016163775 23 90 26 79 28 81
689 2.5993944563151477 1.3919426614257349 4.511853667526303 125 119 145 0.44081317515314961 24 98 22 98
690 2.7261519029317105 1.8902772976833679 3.3702986466853466 62 59 88 1.7376054242489005 26 90 22 102 30 100
693 -1.9347625404893138 5.8741049723988716 38.853397343711158 54 50 47 0.73486048924620473 24 290 36 101 22 273
699 2.6315954648172601 1.6095202912292415 3.9331972042755474 0 0 0 0.17159280311920611 24 407 26 766
703 2.7356986926347644 1.9621318958330076 3.2032909441055106 124 121 148 1.0197352172889471 30 423 22 410 25 442
705 2.5050686055239093 1.3264527314387329 4.7449415605897762 129 126 153 0.61647112536614213 23 486 24 780 22 435
706 2.6871823744320555 1.4249462867415328 4.5060311929168018 0 0 0 1.6553763999067386 27 479 28 105 22 441
709 3.1637074164728496 -1.4244491350560227 11.77657160700026 167 163 187 2.3270138178657649 22 464 21 571 23 794
713 2.6287853872478277 4.2069334887482936 38.788007401581382 20 14 19 0.44581494163073226 23 251 29 273 30 241 36 85 22 581 25 250 35 77 38 86 37 83 39 268 40 85 33 85 32 77 31 88 21 291
728 -4.6979311722461707 -11.671452712468859 29.339446985270317 16 14 19 0.53590626903789806 36 862 22 1041 35 832 38 872 37 861 39 842 34 794 40 842 33 826 32 790 31 775
733 2.7403866668051093 1.8434055202828348 3.4417286174239412 140 127 147 1.0038612216645399 23 1231 26 1271 29 1276
742 2.8209351105810794 1.2955676763534063 4.5413877204157425 0 0 0 0.18067627133261055 27 396 28 368 29 416
751 2.7210540284067259 1.7349266140728548 3.6717069616103961 107 105 134 0.27535132717440824 23 48 25 33
752 2.632339151316101 1.6210673668926117 3.9396712524259532 0 0 0 0.36708307259026335 27 70 28 61 24 63
754 2.7357720664619301 1.9626020709754461 3.203056704680554 181 176 206 0.010913147337393968 30 438 25 82
757 2.7407769695581243 1.9592810949502824 3.2135005167026027 48 15 31 0.6355207182862288 29 532 25 130 28 120
759 2.7681706049885531 1.6980674929190502 3.8926851484154095 87 89 112 0.43337903100009795 27 142 25 141
763 2.7778774203205159 1.2888058286878166 4.5136763308196066 96 88 116 0.042522352964466895 27 27 25 380
764 2.7712865106434172 1.6030213127823367 3.9070552246016526 41 40 71 0.28700137887139349 23 28 24 30 25 383
769 2.73374683011949 1.9614347956379088 3.2043848759852502 89 79 107 0.20770488050287844 29 443 30 62 25 429 28 397
770 2.4971764442230602 1.3283240585058784 4.584691916852953 119 117 145 0.42623181117256492 23 432 27 76 25 436
771 2.6153724597581056 1.3104614749551218 4.6217025747700617 0 0 0 0.1190439605384265 23 438 28 415
774 2.7314610343613741 1.9556400869991841 3.2210185807466036 132 128 153 0.46541844536868016 29 509 25 478
775 2.7360993966427141 1.9654780623603423 3.1971533261244476 134 131 162 0.21045369627360105 28 462 25 486
778 2.7596698175519481 1.4321638771594547 4.5513168631252912 153 158 179 0.63166913105645628 24 509 26 516 25 508
781 -3.2811196096019661 -1.6866339855187777 45.211829588388376 32 22 27 0.78131277167405433 23 823 24 551 26 548 27 531 28 842 29 847 30 523 36 241 25 545 35 238 38 240 37 243 39 223 34 226 40 257 33 254 32 491 31 66 21 177 14 574 13 201 17 185 19 390 20 410 15 420 16 396 12 431 5 206 9 394 7 378 11 213
783 -4.3364444106214597 7.3552788208753439 40.217875342926071 17 9 11 1.9939384735246382 24 932 26 333 36 315 25 690 35 106 38 311
785 2.7133234835888351 1.8186631316966471 3.4695639439856047 64 55 73 1.5001894470232653 24 710 25 708
794 2.7876681385939825 1.3930023285765261 4.5531268148563262 0 0 0 0.23058585130768772 26 804 27 796
795 2.7528687267264149 1.7286630820651401 3.7724796154791647 0 0 0 1.1845612860056058 22 735 26 808 28 801 30 799
801 -0.34859994156628304 7.0314225196607509 36.615448789836279 73 68 90 0.46313328654457275 36 594 25 964 34 781
804 2.5210406221570678 1.2795652992503621 4.648450343555905 0 0 0 0.44709843387200571 23 963 26 1002 27 1006 22 912
807 4.7152849813468398 3.4508676941616381 38.984480827103042 41 28 27 1.1323671705954936 24 1171 36 821 25 1190 35 787 37 809 21 1284
810 1.6294161925220056 4.4939123752196481 38.328222872600058 13 11 14 0.6472392826910317 26 1397 36 1089 25 1360 34 955 40 1005 40 1072 32 938 31 906
811 1.5394538491966385 4.5319108018350827 40.080249923704329 13 11 14 0.68114579965561595 26 1398 25 1361 35 1054 36 1126 38 1097 37 1119 39 1065 40 1071 33 1083 32 981
816 2.1582507836964195 1.6063448319510618 5.7909690096814561 0 0 0 2.505801391109209 22 1372 24 1424
817 -3.6288362626628587 1.6321795655212625 41.840272509159192 10 10 14 1.4117220366862884 24 1160 36 806 28 1064 29 1088 27 1079 27 1199 26 1069 23 1038 23 1170 30 1190 22 973 25 1177 36 950 28 1204 35 768 38 949 37 944 34 725 32 860 31 899
818 2.7836260144876412 1.2863084990442204 4.5598185626887018 171 163 184 0.25531401527965741 26 27 27 36 25 20
819 2.4824182492603213 1.3303237080574739 4.586453167953672 68 65 93 0.47754451919108021 27 80 25 63
822 2.7924182644324089 1.312183827523302 4.5425760202304213 97 92 121 0.1401207639808239 23 416 27 412 25 428 24 422
824 2.7819613107707704 1.4320850649681613 4.5375963658529486 163 159 178 0.35390336197920835 24 507 25 506
825 2.7008974024458117 1.7730771493651689 3.7006911334985557 0 0 0 1.1847001681215243 23 148 24 516 28 494
826 2.7509355764042205 1.927829673746124 3.2967965576004565 0 0 0 1.1921723946388882 23 797 26 823 28 505 30 504 24 515
827 2.7928019000730804 1.2437031356410577 4.5811533511389744 0 0 0 0.20267838032686575 23 713 26 738
829 2.7813474750251497 1.4371949789062937 4.5259412780273083 0 0 0 0.46240759791410052 23 790 26 813 27 808 28 810 29 806 30 809
830 2.6210974725019716 1.2460183915610896 4.5342598742394413 64 55 74 0.44468281759378853 27 983 25 967
833 -2.3111696526934997 -10.146566770330507 51.314097944093298 143 57 60 2.0734751669977207 22 1353 24 1404 27 1466 28 1446 29 1455 30 1447 36 1170 25 1417 38 1178 37 1167 39 1145 40 1150 33 1129 32 1052 31 1015
837 -2.1011890986345776 -9.3876272317203053 28.842658413959452 119 104 111 0.70343278082943972 22 86 26 74 35 22 37 26 14 325 13 358 20 328 15 346 36 199 34 162 12 112 8 315
838 -3.8640349698680545 -8.7552639973453168 28.537649715406118 35 9 18 0.89936268549273846 25 89 35 26 22 429 27 108 26 95 29 500 39 21 34 169 37 465 40 474 32 197
840 -4.8482174048704918 -1.2848587594067558 45.373683461684863 65 56 57 1.04616275611415 24 552 26 175 28 528 29 562 35 55 38 50 14 405 13 205 17 191 18 204 19 393 5 404 4 245 4 440 10 417 8 214 9 198 7 381 6 208 2 373
842 -4.1061486851032685 0.29315617129368932 43.642304346764568 13 5 6 1.2021717380837225 24 568 25 181 35 59 14 192 13 220 19 181 16 198
843 2.2465539973451802 1.2096106906794901 42.572361225997867 35 27 25 0.84184430206699334 26 575 35 60 21 616
844 -1.0071621168994069 1.6726619851393913 41.182838720924835 2 2 4 1.2108166037557218 22 800 24 843 25 869 27 551 28 551 35 61 23 853 30 1064 23 1040 28 1205 29 1211 38 804 39 232 34 474 33 66
845 -0.54576387578002028 3.1656324793793855 40.024488921544886 6 4 1 0.62181281819739043 22 545 23 219 24 601 25 592 26 226 27 223 29 599 35 66 38 65 37 68 40 276 21 657
846 -2.791277529996393 3.6915042558918798 40.648808636310115 21 22 26 0.7043312470854125 22 229 23 226 25 226 28 193 29 235 30 215 35 67 38 72 37 69 31 278 21 255
847 2.0613199031604794 3.5592780404594682 39.78931108750146 39 39 39 0.47803936550599929 28 200 29 243 35 68 31 275 36 263 37 275
848 2.0741048964490338 3.5951351616903433 40.126923386678001 39 39 39 0.61522526622321361 22 561 23 234 25 605 26 239 28 199 29 244 30 225 35 69 21 668
849 3.8476621578186387 3.6770334746272408 38.790416891817642 34 32 33 0.63925134994292809 23 620 24 621 25 613 26 616 29 627 30 596 35 71 38 73 39 70 21 684
850 -0.29314290167142926 4.4103062901907588 38.621567959733447 61 48 47 0.087620242233483414 29 274 35 79 21 697
851 -0.80694974643914608 4.6510997228884827 39.101357089878448 18 14 19 0.56760215377108936 22 587 23 256 25 252 26 633 27 622 29 641 30 244 35 82 28 617 39 82 40 89 21 700
852 -1.7791362207868227 4.8765488360614784 39.376089560722875 23 16 17 1.3366699925140382 22 258 25 634 27 624 35 83 23 639 26 261 37 87 21 300 28 219 30 250
853 0.50804399834243608 5.3788046447829911 37.424809806378583 19 12 9 0.685142608850275 22 604 25 654 26 652 35 86 27 277 29 298
854 0.51079401575325967 5.3807346577709598 37.452724021177204 19 12 9 0.7402577431800621 22 605 25 655 35 87 29 297 27 278
855 -4.0775378550514727 6.5432142833192986 40.100463743478898 28 28 26 1.4599450448379128 23 673 24 681 35 96 26 672 27 291 28 655 29 672 30 662 37 103 39 96 38 101 34 283 40 107 31 113 21 746
856 -0.87930145304598994 6.8684272994860054 37.066948934905071 71 62 70 0.81755359491636015 25 691 27 695 35 108 22 638 23 691 24 697 26 701 28 681 29 325 30 298 38 120 36 124 37 114 39 113 34 299 40 330 33 116 32 110 31 315 21 779
857 -2.6260782498721125 -17.282466726007858 40.494302425975349 133 116 129 3.406619489747138 23 8 35 138
861 0.6299289089154364 -18.357856981428046 48.182813918239511 102 92 109 3.2779592804638513 28 418 35 175
862 -4.1030877359788906 -7.5896028592390987 28.330634550026595 114 112 128 1.2826540161878459 26 139 35 217 37 43 19 128
865 -2.9036150039233499 -12.582106660017326 49.906150790844592 102 65 66 1.8361584371620923 22 496 25 533 23 534 24 178 26 162 38 232 40 248 1 1
866 -1.2446889187206647 -0.84452373436255679 44.180078171450837 45 38 38 0.77328782581926159 23 1027 24 1017 25 1046 28 848 35 240 22 962 27 1070 29 854 30 1051 39 486 34 467 40 768 33 499 32 494 21 1122 18 732 14 658 13 618 19 576 20 688 16 662 12 685 5 640 4 684 7 578 7 665 6 651 3 547 2 598 11 589 11 680
868 -3.9091739201221545 0.29623346413246254 43.214061486565789 34 23 27 1.606860332577507 22 190 24 570 26 197 28 158 35 245 29 196 30 185 23 189 25 560 27 185 28 161 30 187 37 250 17 210 19 414 11 232
869 1.9729657817793604 1.2322861394402433 42.323579201605632 24 22 21 0.83486665703987228 22 518 24 573 25 564 26 574 27 547 28 548 29 572 35 246 23 196 39 61 34 233 21 955 16 206 17 437 18 236
870 3.8472629898616963 1.8425223613155788 41.46397959504467 30 26 25 0.75064965278891549 22 526 23 574 28 561 30 557 35 249 24 210 25 571 26 205 27 196 29 209 38 531 37 253 39 237 34 478 33 264 32 249 31 265 21 643
871 1.6217727067517564 2.1599154319454148 41.761033028200465 25 26 31 0.83573370189581642 22 532 23 579 24 587 25 576 27 563 28 890 29 581 30 562 35 252 39 240 31 268 21 640
872 -0.94477852011142016 3.1024699956132844 40.42689524003903 31 27 29 0.71266084521366091 22 543 23 595 25 589 28 575 29 594 30 576 35 257 38 257 37 262 39 251 34 240 40 274 33 73 32 59 31 272 21 650
873 4.6127327036469428 3.2070563003942607 39.453303367095387 7 2 4 0.84071451931181562 23 866 24 869 25 891 26 915 27 584 28 584 29 609 30 583 35 259 22 825 38 259 39 68 40 278 21 989
874 2.921848551722547 3.319305057139351 39.826412689240719 5 4 9 0.62073285911189069 22 556 23 609 25 601 26 914 27 583 28 908 30 581 35 261 29 231 24 1038 39 258 21 662
875 -2.0619375033788021 3.956843186257057 39.857203820547028 24 25 27 0.6423641098590217 22 236 26 610 35 267 23 238 24 247 25 236 27 238 28 202 29 250 30 228
876 -1.8567475355413841 4.3204364337357912 39.49546516301595 48 39 38 0.59295084407965803 22 578 24 636 25 624 27 615 28 608 29 924 30 607 35 273 26 623 38 83 37 284 39 266 34 55 40 83 33 287 32 268 31 87 21 693
877 2.7556342876508149 4.3811792949097033 39.014222809080714 39 33 36 0.4567205479228324 22 585 23 633 25 630 26 632 27 620 35 279 24 256 30 242 38 279 39 521 34 257 40 295 31 287 21 292
880 -2.2586949345936911 4.9482173284878481 39.14645432290321 52 51 56 0.57537155864196055 22 857 23 896 24 898 25 918 26 937 27 942 28 945 29 943 30 937 35 285 38 289 37 294 39 280 34 265 40 560 32 275 31 290 21 1019
881 -0.61878339814373884 7.0861966474701275 36.947510037472725 88 83 87 1.1688832102303315 24 705 35 314 22 646 37 121 34 97
882 -1.75990340411266 7.359484950680157 37.239650241582673 66 57 58 0.89314824773554702 28 697 30 979 35 315 25 702 26 713 27 707 29 339 24 331 38 128 37 125 39 310 34 99 40 131 33 333 32 124 31 128
883 -1.9715881809564995 7.4310298202492779 37.310729310724348 55 50 51 0.68849206865187729 27 710 36 326 35 316 25 706 28 703 38 129 37 330 39 124 34 100 40 133 32 125 31 322
884 -0.89439741083675151 -11.925665093212578 29.521992675298652 144 126 138 0.22706663248546663 28 712 36 362 37 356
885 -2.5189089196964014 1.6263919232854651 2.2000530376588028 134 123 132 0.50372481284558668 36 361 35 339 37 357
886 -5.6315688660138568 -11.107168135729763 28.810242395308475 122 51 51 0.94637179246129399 28 322 35 354 22 659 23 15 24 726 26 385 29 729 30 719
893 -5.4142383195408055 -8.3972780931191799 27.837419793310701 78 19 20 0.50317647850142122 25 788 35 445 33 721 15 658
894 -2.4993071503286988 2.0287521117671949 2.1568991926760428 141 130 146 0.74057360742325584 36 470 35 449 38 459 37 470 34 427 40 479 33 451 32 437
898 -4.3986752646063705 -7.6524016215869697 28.167007707661508 77 79 101 1.1602717340825481 23 510 28 811 30 810 35 481 38 496 37 208 39 464 34 454 40 511 32 467 36 501 18 409 14 365 13 395 17 379 19 364 20 150 15 152 16 366 5 137 4 393 10 351 9 121 7 326 6 328 3 134 2 121 11 400
900 -2.2377675555251848 -7.6167116808762527 28.459670514353046 95 101 127 1.3207626536506667 23 518 27 815 28 489 29 533 35 490 22 472 24 513 25 511 26 522 30 139 38 505 39 471 9 128 3 141
901 -3.5189352417112683 -7.772939556559046 28.983654094429891 71 81 100 1.3785866247206418 22 745 23 796 24 795 26 818 27 816 28 487 30 491 35 491 24 511 26 143 29 150 38 506 37 226 34 209 40 519 33 483 32 476
902 4.0364286014874269 -9.5210857384260841 62.070690649143003 25 10 8 0.90412086094746591 23 1001 36 788 35 495 24 806 25 828 26 841 27 837 29 836 30 834 28 839 38 513 37 784 39 477 34 462 40 522 33 489
903 3.8189168498597752 -0.76252357233181201 43.669600374081142 30 25 29 0.90507830789470589 23 839 26 866 27 859 28 859 29 865 35 503 22 782 24 826 25 851 21 938 18 662 14 588 17 425 16 592 12 620 5 564 4 454 8 573 7 407 6 402 11 432
904 -0.1137042140831476 -0.71266836907970388 44.192118841340161 32 25 32 0.76608915934250166 27 856 28 855 29 863 35 509 26 865 21 926 10 584 4 603 9 561 6 565
905 3.2436042613366847 3.1581232829890427 40.091759846745212 50 44 45 0.4009489893831889 22 823 24 864 26 910 27 902 28 903 29 898 30 894 35 520 25 600 23 603 38 544 34 491 40 548 21 983
906 3.5116257448952735 3.2423373093486458 39.714942889518781 41 36 39 0.60280832086210312 26 912 27 906 36 818 35 521 24 867 28 907 29 900 38 548 37 269 39 256 34 493 40 550 31 505 21 986 23 607
907 -0.9289458739758335 4.2959775379532745 39.442610475412735 3 3 4 0.53515319885967361 22 845 23 888 24 888 25 907 26 927 27 925 28 930 29 926 30 926 35 532 38 565 37 551 36 555 39 516 34 500 40 557 33 527 32 516 31 517 21 1159
908 4.6865960188362124 4.0308742357921847 38.625165792185371 30 30 30 0.49883644397314947 22 1002 23 1065 35 536 38 564 37 550
909 4.7077282736822967 4.0438165818577527 38.671014043481073 30 30 30 0.5286256717730059 22 1001 23 1064 25 1080 26 1100 27 1109 28 1099 29 1114 30 1090 35 537 38 563 37 549 39 515 21 1008
910 -2.605790114464428 4.8549179506954641 39.627381779297913 10 7 14 1.0590388080179356 26 933 30 934 36 279 35 543 22 853 24 896 25 914 27 938 28 941 29 939 38 572 37 561 34 510 40 299 33 534 21 1015
911 1.8145777022218665 5.1642316404804056 38.159458656300075 44 38 41 0.37579839026595802 22 1016 26 1116 27 1123 30 1100 35 549 37 574 32 526
912 2.4634806401744753 5.7278721185421775 37.46487424556755 8 6 7 0.62857336803897301 22 1032 23 1092 24 1085 25 1108 26 1137 27 1133 28 1127 29 1135 30 1114 35 558 38 583 37 584 39 534 34 522 40 574 33 547 32 776 31 536 21 1197
913 2.4577559155806021 5.7211506064792461 37.482556225679062 8 6 7 0.49260268674351931 23 1093 25 1109 26 1138 27 1134 28 1128 30 1115 35 559 24 1086 38 584 37 585 39 535 21 1198
914 3.4332467892217045 5.8322136710396002 36.799235120468076 27 25 26 0.70495820557619848 22 1033 23 1096 24 1088 25 1112 26 1140 27 1136 28 1132 29 1139 30 1119 35 561 39 818 36 578 34 525 40 577 33 549 32 540 21 1201
915 -3.8121195651637896 7.171603679619837 39.720971659212161 46 42 43 0.96298790335123252 22 890 24 929 25 952 26 968 27 972 28 980 29 983 30 971 35 567 38 597 34 528 33 322 31 544
916 3.0707617643372043 6.532184151560676 36.509147025170343 5 1 1 1.2858886969325329 23 934 24 931 35 569 37 597 33 564 32 550 21 1207
917 -3.5344682373343015 7.473117673665878 39.031384431455919 23 14 17 1.1649519320857791 25 962 35 573 24 940 26 976 27 974 39 549 36 321 35 111 34 94 40 126 33 566 32 119 31 319
922 -4.2586741036428393 -11.281272300711896 29.187179558871666 104 87 103 0.89253702465934848 29 730 35 621 22 660 23 715 24 727 25 722 26 739 27 728 28 722 30 721 37 373 39 350 34 345 40 627 33 364 32 586 31 350 18 685 14 451 17 460 19 444 20 460 15 466 12 485 7 441
923 -3.023260355904521 -10.737322571234618 29.075124207481114 165 147 162 0.4338607445264161 25 743 27 746 35 634 38 659 39 619 34 589 40 640 33 626 32 601
929 -2.5818405808832079 1.9924801849999743 2.1387322275589336 95 89 108 0.53357390949268324 36 734 35 705 38 744 32 677
930 -2.5836554250179296 1.9991783501513287 2.1198345191770014 95 89 108 0.67146984422368272 36 733 35 706 37 751 34 666 38 743 40 715
933 -3.7476450173503268 -8.0101371458140509 28.380856685125302 37 12 21 0.46977980962199734 29 1033 36 775 35 737 26 1021 27 1024 38 921 39 739 40 905
935 0.02266833671715842 -10.724513232301552 49.089620344587402 71 22 21 2.0947180120998832 27 1038 35 748 32 713
936 -7.3492832181328192 -3.2654347969124435 50.353147071212547 131 98 99 1.4927807691058643 22 1082 23 1137 24 1132 25 1151 26 1175 27 1171 28 1176 30 1289 35 759 29 1306 38 935 36 933 37 789 34 870 33 893 32 726 4 434 5 396 8 639 10 565 5 622 10 651 9 548 9 627 7 369 7 703 6 550 6 682 3 529 2 515 2 632 2 725 7 820
937 6.0002848677870944 -1.6411678903772446 46.088178848146825 19 19 21 1.1337319252629112 23 1155 24 1151 25 1169 27 1190 28 1194 29 1200 30 1180 36 939 35 763 22 1099 26 1191 38 940 34 716 40 923 33 898 18 799 14 724 17 725 15 746 12 738 5 701 10 724 8 703 9 696 7 715 6 692 3 677 2 594 11 675
938 -1.9615531168376839 -1.0245104718436775 43.811484897032742 11 6 6 0.77140950133858943 24 816 25 1040 28 1047 29 1067 35 765 37 794 39 763 34 717 33 764 32 492 39 483 18 725 13 694 17 727 15 688 16 578 13 616 12 682 5 555 4 597 10 576 8 562 9 556 7 573 6 388 8 404 3 540 2 527 11 676
939 2.006569510561024 -1.212162827087643 44.77776348894794 3 3 4 0.75443093799776528 22 1101 25 1172 35 767 38 797 34 720 40 763 33 766 14 728 13 770 19 723 20 750 15 750 12 741
940 0.72602692156126158 1.6861326796622138 42.255676500675214 3 1 4 0.77883756011843197 22 975 23 1041 24 1029 25 1055 26 1202 27 1080 28 1067 29 1089 30 1192 35 769 39 775 21 1264
941 2.5158319664999755 5.4284157271865858 37.654031200352854 33 31 34 0.93320242320443914 22 1024 26 1128 35 810 24 913 25 934 27 956 28 1120 29 958 30 1108 23 657 30 951 37 833 34 767 40 817 33 805 32 531 31 747 21 734 21 735
942 4.9200759273436896 6.3241309442629365 36.442435313824454 20 20 22 0.77378497166740867 22 1151 23 1215 24 1200 25 1227 26 1247 27 1247 28 1249 29 1256 30 1243 35 817 38 850 37 837 39 822 34 775 40 823 32 546 31 760 21 1310
943 4.9205421887690175 6.324953186092098 36.442158238111389 20 20 22 0.75741015732800909 22 1152 23 1216 24 1201 25 1228 26 1246 27 1246 28 1250 29 1255 30 1242 35 818 38 851 37 838 39 823 34 776 40 824 33 812 32 547 31 761 21 1309
950 -2.0184408315240669 -12.954141854780833 49.893688911227258 54 20 21 2.3999976840201178 22 1068 23 1126 24 1124 25 1140 26 1165 27 1162 28 1164 29 1173 30 1154 38 924 37 917 40 907 33 881
951 -3.3273661731207875 -4.653067531323531 54.993722722617612 24 13 12 1.1496151063222457 24 1242 25 1028 26 1043 27 1054 30 1288 36 1020 35 898 22 1198 23 1258 28 1342 22 1080 23 1005 24 998 28 1038 29 1057 29 1350 23 1310 38 1015 37 924 39 759 34 866 40 919 33 891 32 923 31 818 18 870 14 763 18 830 13 804 17 717 19 752 19 801 20 784 20 826 15 787 15 831 12 777 12 834 5 685 4 753 10 707 8 690 9 678 7 752 7 819 6 733 6 798 3 713 3 769 2 677 2 724
952 5.5931744044339693 -4.5206464756678351 54.512107244290192 46 34 36 1.5911172293004567 23 1006 25 1150 28 1173 35 900 24 1000 26 1174 27 1057 29 1059 30 1035 37 927 40 757 18 720 14 571 13 686 19 708 20 740 15 736 12 778 8 548 5 538 10 400 9 384 3 523
953 -0.68669464449213335 -1.410040156833642 45.338495732942022 46 37 40 0.6473615219298956 22 1093 23 1149 24 1145 25 1166 26 1184 27 1184 28 1188 29 1195 30 1174 35 905 38 795 34 873 32 849 21 1248 18 796 14 719 13 764 17 724 19 716 20 744 15 743 16 721 12 734 5 697 4 718 10 721 8 702 9 694 7 711 6 688 3 673 2 638 11 734
954 -1.4180081914474221 4.7094713972754851 39.337234964381224 60 44 45 0.57143148561620849 24 1263 27 1327 30 1306 35 928 25 1279 38 1036 37 1026 39 1004 34 956 40 1003 33 998 32 939 31 838 21 1450
955 1.5017376628674615 4.9001225330448701 38.517557979747416 40 34 39 0.53888547603155623 22 1135 23 1198 24 1185 25 1204 26 1229 27 1225 28 1228 29 1237 30 1220 35 934 38 965 37 822 34 757 32 766 21 1296
956 0.97008344417254289 6.247893638215734 36.88818442491219 3 3 1 1.085595908580028 23 1335 24 1274 25 1329 28 1313 35 945 22 1272 26 1329 26 1370 38 977 37 972 39 951 31 849 21 1464
957 -1.4152866799857753 6.7925672013081577 37.448904462497353 9 4 9 0.80679379071633739 23 1217 25 1226 26 1245 27 1245 28 1247 29 1253 30 1240 35 949 22 1154 38 982 39 825 34 777 40 953 33 950 32 780
958 -4.1013382772577112 -10.010932437867989 28.516325643026832 52 18 19 0.82155385331512365 23 1107 25 1123 26 999 27 1146 28 1144 29 1155 30 1136 35 970 22 1047 24 961 37 1061 39 977 34 931 32 910 31 869
960 -2.1375357628627842 -8.1843824278019053 28.959216427510775 172 153 164 1.5427699459279562 22 1187 23 1248 24 1231 25 1257 26 1288 27 1289 28 1279 29 1292 30 1274 36 1014 35 973 38 1082 36 1074 37 1005 39 981 39 1049 34 938 34 996 40 982 40 1053 33 982 32 914 31 811
962 -1.8011065929653005 6.5728932968208778 37.738940859584744 66 60 64 0.49532963529660318 24 1314 25 1330 27 1373 28 1360 29 1369 30 1365 35 1007 38 978 37 974 32 888 21 1463
963 -3.2494279804092816 -9.0041031502194819 28.729341777225098 62 21 30 1.1580241442155721 25 1252 26 1278 28 1272 29 1284 35 1033 22 1050 23 1112 24 1105 27 1152 30 1140 14 801 13 843 19 795 16 791 12 807 5 727 4 738 10 748 8 725 9 719 7 740 6 716 3 695 2 663 11 798
967 -1.2607189117574868 6.0661254347695781 37.624800726587985 10 11 14 0.75168984201453992 22 1299 25 1367 27 1405 35 1083 38 1107 33 1064 32 1011 21 1490
968 -2.6075288431079553 -8.3008823163027596 53.888864266340313 120 52 51 1.4399062950308226 22 1315 23 1378 24 1360 25 1380 26 1417 27 1421 28 1406 29 1415 30 1409 35 1095 38 1146 37 1134 39 1119 37 1143 38 1156 40 1124 33 1099 33 1107 32 1022 32 1031 5 818 12 846 13 876 14 835 4 830 8 817 9 817 7 838 6 811 3 783 2 742
969 -6.5512230548878412 -6.9280743980506765 29.175322050458185 149 89 90 1.6216899613300899 22 1308 23 1372 24 1354 26 1377 27 1415 28 1367 29 1409 30 1403 35 1101 25 1376 37 1130 33 1095 32 1018 31 979 39 1105
971 0.65005101540080956 -3.0609882870331746 50.85875557698202 4 4 4 1.5445515522544404 24 1429 35 1138 39 1153 34 1102 33 1139 32 1070
972 -3.1524052982839024 -8.4031379887719488 28.641381058519194 99 102 138 1.8874118986006592 36 33 27 470 25 477 35 33 26 805 36 212 23 483 24 782 30 468 29 122 38 475 37 202 37 487 39 449 34 177 40 494 32 452 31 461 16 136 4 380 10 338 6 504 2 473
973 -4.7117260283023219 6.0085390870877724 40.540167074879946 40 39 53 1.7619317379421404 24 1310 36 1096 28 1356 29 1365 27 1368 26 1367 23 1331 30 1361 22 1269 35 999 36 1040 23 1282 22 1224 38 1040 38 1104 37 1031 39 1007 39 1070 34 959 40 1079 32 942 31 910 21 1408
988 -1.6936862851124892 -11.314275833804098 29.508457156512005 84 73 88 0.98747854534045143 29 27 38 8 5 245 34 5 35 142 39 5 4 289 10 253 8 249 7 241 2 244
989 -1.7513790307909742 -8.6666186734655213 25.850187137294448 120 100 112 0.70067328160902231 26 57 38 17 25 45 27 62 28 52 30 61 24 53 29 60 37 14
992 -2.8317921333781024 -9.3261123072575689 28.708319768531325 128 115 135 0.5881638265312058 23 84 24 84 26 75 27 89 38 20 25 70 28 73 34 17 40 29 18 105 14 94 13 108 17 104 19 78 20 114 16 109 12 107 4 103 10 88 8 96 9 75 6 83 3 95 1 128
993 0.73541599057534324 -9.2644686327081782 29.032830137472775 104 93 104 1.1886683529284703 24 101 38 21 13 113
995 -0.10570064893096427 -12.737183145847144 39.162581176202075 98 91 108 3.2097525277187851 24 130 38 32
998 -1.3316381631549463 2.4158376978727536 41.084970491964398 18 19 24 1.2797060992709142 22 535 23 582 26 591 27 565 28 566 29 584 30 566 38 62 25 583 39 241 39 243
999 -0.62808075089404547 3.2933035594540017 39.953044518543209 40 35 32 0.7997638077198691 26 603 38 68 27 900 37 266
1000 -0.65468982643132001 3.8792945188423738 39.265523458154064 26 17 18 0.23456154739974147 25 238 27 239 28 203 29 252 30 230 38 77 21 272
1001 -2.0567315459551909 4.6188953959747794 39.196193121309356 50 45 43 0.61181994861470279 23 254 24 640 25 628 26 631 27 619 29 638 30 616 38 88 39 80 34 57 40 86 33 290 31 91 21 698
1002 3.3299043936844384 4.6170009651362927 38.361873839729562 7 5 6 0.96212770073936804 24 645 28 223 29 643 30 622 38 90 23 260 25 916 27 259 33 295
1003 -3.7210240697933954 5.4556045431475217 40.454442072292139 6 5 11 1.112719561929417 22 598 23 267 27 267 28 630 30 630 38 92 37 92 31 98 21 314
1004 -0.42465626902989079 5.3148671841761939 38.018914619639524 38 26 28 0.57028225510619268 28 632 29 295 30 634 38 93 23 270 25 273
1005 -2.6181088658805809 5.7242370138830285 38.958675578751517 12 12 14 1.3455986907124049 24 662 38 94 22 871 28 959 29 955 30 948 25 931 26 951 39 91 39 811 37 831 38 838 40 99 40 813 33 802 32 530 37 578 31 102 31 749 21 1183
1006 -0.28876427571858898 5.9538102779847435 37.391108493000125 64 55 60 0.32259158499018631 25 300 38 99 21 342
1007 -0.15096553375508265 6.1282318737297432 37.248373757217884 51 42 43 0.62466489417380133 24 301 26 311 38 102 21 349
1008 1.3229558242206183 6.2055174265537723 36.930876520052827 41 33 32 0.76577296116353721 23 290 25 678 27 680 28 671 29 686 38 110 26 691 21 762
1009 1.3191518295937046 6.1851609574428537 36.605542062712992 41 33 32 0.57143349773272378 25 679 27 681 29 687 38 111
1010 -2.5489718553502563 6.5394471242442167 38.170064405152146 34 27 30 0.47679412465729404 24 689 26 689 28 252 30 671 38 113 33 108 32 98 21 757
1011 -3.4427941614363684 7.3483235918009369 39.358938029282314 54 46 44 0.94319570354951665 26 704 38 123 22 640 24 935 27 696 21 372
1012 -3.5218068797307724 7.691412516188616 39.091369591456072 47 40 42 0.97953584257542781 27 706 28 698 38 127 24 709 26 982 30 983 23 329 39 121 35 117 40 130 33 127 31 133
1014 0.80992749713963352 -10.656601262389138 29.318616888789606 90 79 93 0.72181077225289669 27 51 38 161 23 50 29 49 34 138 25 424 26 435 14 287 17 299 18 321 19 273 12 316 3 57 5 53
1018 -2.8136098988599469 -8.115535929906974 28.409445805659587 139 133 151 1.3378665595877861 23 124 24 135 29 519 30 127 38 217 39 197 34 178 40 224 32 205 18 396 14 548 13 387 20 372 15 384 16 548 5 509 10 542 8 519 11 390 1 378
1019 -2.8091447063902448 -7.7834809615323435 28.248688956930764 151 143 162 1.1074399428874835 24 141 38 221 34 183 40 226 18 403 12 393 9 345 6 327
1020 -0.37311836738734772 -0.94272789163729442 44.23619983654239 6 0 0 0.84109359676132933 25 547 38 241 28 846 21 920 14 409 17 595 16 580 12 611 5 410 4 600 10 577 8 566 9 403 7 394 7 575 6 391 3 385 2 380 11 586
1021 -0.23616313824126775 -0.31923436979355141 43.685345891345484 35 32 35 0.85853026050594916 22 791 24 564 25 556 26 877 27 871 28 872 30 532 38 246 23 185 29 192 28 155 21 608 18 458 14 595 17 612 15 632 12 627 11 685
1022 -1.2889713885569951 1.8057996917248484 41.404277033269388 24 27 34 0.72140450737392547 23 567 24 206 26 578 27 553 28 555 30 545 38 250 25 190 33 262 21 626
1023 0.30424616041537111 1.8437415666732291 41.65371036390426 20 22 22 0.61771119192131307 23 569 38 251 24 209 30 193 21 632
1024 -1.4808230093203238 2.1295361006933176 41.106181452099108 19 22 29 1.2789517880792116 23 575 24 583 26 893 27 559 28 560 29 577 30 553 35 250 38 253 22 203 37 63 39 242 34 235 31 266 21 962
1025 3.016418202365621 3.4867260743616857 39.982754786077201 42 40 43 0.3792164695730913 28 588 38 263 21 991
1026 3.1572513180245481 3.6222030128447633 39.668819655047642 8 7 12 0.78562612792817055 22 563 23 874 24 616 25 896 27 910 28 916 29 908 38 264 30 592 40 281 31 279 21 995
1027 -0.52318546307874481 3.7790869513181495 39.5701094955418 36 29 31 0.44124156897398753 24 617 25 606 26 608 27 598 29 621 30 590 38 265 37 72 32 70 21 676
1028 -0.52734727587071728 3.7834810094892086 39.597125645549283 36 29 31 0.46414703715482925 27 599 30 591 38 266 24 618 29 620 37 73
1029 -3.1778731388689949 4.1254608017899166 40.835260326587552 26 26 28 0.72735210905281733 22 838 23 880 25 900 26 921 27 916 28 920 29 911 30 913 38 270 33 525 21 997
1030 -2.180737589183722 4.7594418209887133 39.281957736521207 13 6 8 0.67734228158688115 22 851 23 893 24 895 25 911 27 935 28 937 29 935 30 933 38 282 37 289 39 275 34 259 40 300 33 293 32 271 31 93 21 1012
1031 -2.1800598271077036 4.7678460678142933 39.348366627071613 13 6 8 0.73452564434454759 22 852 23 894 25 912 28 938 29 934 38 283 37 290 39 276 34 260 40 301 33 294 31 92 21 1013
1032 -2.9982231596456841 6.3352398384152933 38.946992877395282 23 14 15 1.0525077402757879 22 279 36 580 38 297 25 301 26 308 29 303 23 284 37 99 34 524 33 550 31 307 21 341
1033 -2.2186274601844076 6.6419410276564284 37.125043989331481 65 59 61 1.336217510872558 27 685 30 676 38 306 26 696 22 636 23 298 25 313 28 260 39 305 40 326 32 544 31 115 31 311
1034 -1.515738713523322 6.9674416774631354 37.491327020969472 44 40 40 0.79169834721514709 24 324 25 693 26 702 29 698 38 315 22 305 27 306 28 270 30 299 32 112 21 777
1035 -2.2742963888086578 7.2366003102204388 37.289490199875075 27 25 26 0.73967407395316054 29 703 38 321 32 303
1036 -2.7951382183286313 2.8258817832210101 -0.21273018251639036 149 134 142 1.1134758826311353 35 338 37 358 39 335
1042 0.5841100352418841 -9.653743126058302 29.114950295723229 161 148 162 0.8477989019358888 27 430 38 429 22 87 24 82 37 439 32 415
1049 1.9617724560220968 -8.6012306291719121 28.75745988022835 95 88 100 0.76587509543078225 23 495 26 499 29 514 35 456 36 473 38 465 22 445 28 464 37 475 34 433 40 483 33 454 32 204 31 450 13 571 17 549 19 535 15 565 16 356 5 501 9 511 6 509 3 313 11 536
1050 0.49489447487085125 -8.5113453955631559 28.70501665184932 107 96 112 0.76758256996127017 25 796 38 471 39 443 34 440 40 488 12 575 28 458 10 535 5 503 9 509 7 518 6 506 3 489
1051 -1.6033506472356518 -10.032083194314815 32.629403960012446 115 104 119 1.3661114768676557 23 489 38 474 27 472 34 441 36 482 39 445 35 463 40 490 32 448
1052 -1.4234155714820522 -8.436219256086563 29.01149340931703 145 136 152 1.3577006357280255 25 494 30 476 38 478 22 447 37 490 34 446 40 220 32 454 5 340
1055 -2.228385486303631 -7.9866877806753456 28.656159601571165 153 145 160 1.5107209296044717 22 739 23 789 24 503 30 805 38 493 22 458 26 511 27 492 28 478 29 525 34 453 33 224
1057 -4.1051239799885231 -7.5519962919872068 28.392884632255132 92 97 115 1.2585577440505433 23 795 24 794 25 509 26 520 30 490 38 504 28 119 39 470 34 202 32 214 17 389 5 143
1058 -3.870176682020944 -7.4823044703875929 28.351175696807839 59 69 89 1.5633585848922509 28 486 38 507 26 141 39 214 32 219 32 220 35 38 20 390
1059 -3.079731509637464 -13.02044325806914 48.86567533455235 4 1 2 1.2441169253002196 22 748 23 530 24 534 25 149 26 158 28 510 30 821 38 508
1061 -3.4015785967781671 0.87040744493585886 42.180480973418973 32 22 28 0.842952138502991 22 795 24 571 25 866 26 882 27 874 29 879 30 536 38 527 40 538 33 507 18 674 14 599 13 453 17 618 20 625 16 605 12 221
1062 -3.3323569735496807 6.8953708936353912 39.484883913091238 34 30 31 1.106950720670304 22 887 38 592 23 929 30 1123 25 1223 26 1240 28 1244 29 1249 27 1243 39 542 34 773 39 820 40 583 33 558 32 543 32 779
1068 -3.0318338174059436 -9.247863048661765 28.690242316466662 142 126 138 0.63811628664566344 23 972 24 968 26 1009 29 781 30 778 38 729 27 780 28 778 27 1015 28 1011 39 421 34 645 18 696 14 624 13 655 17 641 19 624 20 648 15 653 16 625 12 647 5 486 4 532 4 639 10 625 8 489 9 600 6 612 3 589 2 453
1072 -3.1729204568863754 -7.6091017608321216 28.544371230398752 88 93 113 1.132644889889906 22 468 24 512 26 521 28 488 30 492 38 776 23 517 27 136 29 151 37 512 39 37 34 205 40 240 33 238 32 475 13 407 2 135 11 403
1073 -9.9314961850502321 -3.1538579576117907 33.801245304430353 100 72 68 1.9629995370018294 22 761 38 784 34 706 37 922 33 242 35 230 38 515
1074 -6.7398269231950021 -3.3840470692954008 51.282269000452715 132 98 94 1.329093130417305 22 946 23 1138 28 1174 29 1185 30 1036 38 791 25 1266 26 1304 27 1303 37 928 39 760 33 758 5 621 10 650 8 550 4 433 5 196 10 402 9 387 7 367 6 371 3 528 3 665 2 195
1075 -0.29017278344732877 -1.096228129082611 44.744847394117812 4 1 0 0.78836038181772194 22 960 23 1026 24 1014 26 1056 27 1068 28 1053 29 1073 30 1048 35 909 36 943 38 798 37 795 39 765 34 718 40 765 33 904 32 730 31 705 21 1119 18 801 14 726 13 768 17 728 19 721 20 746 15 748 16 723 12 683 18 730 11 737
1076 -0.20085923285948717 5.557760857243224 37.842894745077047 54 48 51 0.73991107757889585 23 1084 27 955 38 841 39 297 35 90 40 313 31 297 21 737
1077 2.5455379246931895 5.4665607343714724 37.576454771853079 35 30 33 0.98750013972797379 26 1129 38 847 32 532
1078 4.1023585785108487 6.7019756669684885 35.546753528178726 35 35 37 0.74480294795292434 26 1250 27 1253 28 1138 29 1259 30 1248 38 855 25 1116 24 1093 33 816 32 895
1085 -0.97419347694725167 7.0575976345391149 37.173003935370716 80 65 68 0.67840497241367004 26 1373 27 1375 29 1371 30 1367 35 1010 36 1049 38 1051 25 1332 28 1361 37 1042 39 1020 34 969 40 1023 33 1013 32 950 31 917
1087 -5.4619423791769304 -7.959438922822315 27.798173728747408 116 45 40 1.3193189363196938 22 1240 24 1284 26 1342 27 1347 28 1328 29 1333 30 1327 38 1078 37 1068 33 1040 18 866 14 804 13 844 19 797 16 792 12 809 5 795 4 811 8 792 7 814 6 791 3 759 2 715 11 800
1091 3.7184130761439347 -14.662395755922116 58.877061383283589 2 1 0 1.4808863818807585 22 1280 25 1342 26 1382 27 1420 38 1114 24 1324 28 1373 29 1414 30 1408 37 1072
1092 4.1033208249389279 6.1472191752499139 36.794982003402836 2 0 0 0.36398790931201686 23 1387 25 1390 26 1428 27 1431 28 1418 29 1425 30 1420 38 1130 22 1327 24 1372 40 1100
1093 4.7633886849941289 -15.007035210536722 55.116787011433665 37 27 28 2.1421462565434388 26 1415 35 1102 36 1146 37 1141 39 1116 40 1122 33 1105 32 1029 25 1396 31 992
1095 5.5002999545655245 -8.5597227563260354 65.079630477129072 89 51 48 0.95020312105358762 22 1363 35 1124 36 1165 38 1172 37 1162 39 1140 34 1087 40 1145 33 1127
1096 -2.7657550629898386 3.6950182294232636 -1.9788291457607763 118 98 110 0.31433079897723204 38 190 40 199
1101 2.8192529696225019 -8.1198490849679157 28.62913474851711 133 121 133 0.96946620424137109 35 469 38 479 22 741 37 493 39 453 34 182 40 496 25 804 30 807 28 809 33 469 32 455 31 465 14 362 20 374 15 386 16 363 7 530
1104 2.6133274881150377 -8.1835678308773616 28.771237803200137 130 117 132 1.0930396456135134 22 1242 23 1297 24 1286 25 1301 26 1344 28 1330 29 1336 30 1329 35 1068 38 1079 27 1349 37 1102 36 1073 39 1047 34 995 40 1052 33 1041 18 883 14 817 13 858 17 815 19 812 20 840 15 841 16 812 12 828 5 796 4 813 10 816 8 793 9 796 7 833 6 807 3 761 2 717 11 802
1106 -0.77007768103708918 -13.95002407628972 33.786884747014177 133 111 123 2.0253658954317628 24 11 37 2
1109 -3.1362364234783002 -8.6188081731242931 28.43115197575322 86 80 98 0.82338435052678749 24 107 37 33 39 22 14 110 20 136 16 127
1110 -2.6119316763100824 -0.040783591537732353 43.159006185385884 17 6 10 0.5687923515119554 22 185 25 559 37 61 23 559 24 567 26 568 30 534 24 195 18 460 17 207 19 178 20 429 15 439 16 417 12 219 11 436
1111 -4.0657778854707134 3.3376476489826419 41.166573900266876 26 27 31 1.8045927303058786 22 820 33 271 26 225 28 187 22 220 29 895
1112 -0.23793742809692389 4.6489805465495104 38.420735749707355 43 40 45 0.45908759058604592 29 277 36 87 37 85 22 253 24 259 26 260 28 215 30 245 39 85 34 60 40 90 33 91
1113 -0.23919688585812629 4.6636568924573512 38.344498158822695 43 40 45 0.369468072378492 29 278 37 86 40 91 33 92
1114 2.8802534710132295 5.1500786550206792 37.817325789773392 9 7 9 1.6096118935026107 23 275 24 282 26 651 27 638 37 96 40 308 23 906 24 653 25 649 26 948 28 956 30 631
1115 -4.5052473723266644 6.4309040308335765 40.493564696293944 21 22 26 0.86467602112568576 24 677 25 940 27 288 29 665 30 654 37 97
1116 -4.4974503993435526 6.4121324883696831 40.397667257639156 21 22 26 1.0137903445003453 24 676 25 939 28 649 29 664 30 653 37 98 26 305 33 99
1117 -2.2600592076074655 6.5667856498144754 40.289793657505641 5 3 4 1.1806347057476281 23 675 37 106 30 665 34 74 33 102
1118 -1.4047217925373552 7.0714757516387063 37.292027246369472 20 16 17 0.73180562204953059 22 312 24 701 25 696 26 708 27 699 28 687 29 330 37 115 39 116 34 92 32 118 21 780
1119 2.2980220825658506 6.7942788043831079 36.068025483804945 25 25 29 0.80580034569692205 30 685 37 119 23 319 24 706 25 329 26 340 27 316 28 273 29 333
1120 -2.4312784105076242 1.9104650763768087 2.2335424471228351 85 73 82 0.46778279914636639 35 183 37 188 40 198
1122 -0.023639211994153472 -3.0643593409490038 16.174719590354748 40 46 59 2.5301228220226291 22 470 37 217 32 213 35 222 31 235
1124 -6.8637895933130437 -5.7539902384562245 30.675570518552412 148 80 82 1.1090567459181362 27 519 37 230 33 746
1125 -3.7310553517207321 -9.247819482042587 51.116636235341687 113 33 36 1.9168247320690792 23 166 37 231 1 2
1126 3.3061800547823199 1.7445053831760204 41.571658458218337 28 26 27 0.66840847740517217 28 167 37 252 22 201 23 202 24 582 26 582 27 195 29 206 30 194 34 46 32 245 21 214
1127 1.8290463579289791 2.0241334806071443 42.01185190397171 6 6 6 1.0816972522985848 23 576 25 573 27 561 28 562 30 558 37 254 29 579 22 531 24 584 26 587 39 238 33 67 21 961
1128 -2.4341200124116331 3.8328746774451639 39.923235273375575 26 26 28 0.73118521582302254 23 614 24 613 25 603 26 917 27 597 28 592 29 617 30 589 37 276 33 79 40 74 31 280
1129 0.39661811518223633 5.8061125316964235 37.135777717100524 41 37 40 0.55463801849560401 22 878 23 922 24 917 25 666 26 958 27 657 28 650 29 969 30 960 37 308 31 302 21 1046
1130 1.3420411073949212 5.944397679504104 37.469223054919333 53 36 26 0.82034059633583023 23 924 24 680 26 959 30 656 37 310 25 667 28 654 27 659 34 282 21 343 24 298
1131 -1.1402557995197704 6.7429481532601985 37.786576535935652 47 46 48 0.69225993549878351 23 299 24 695 37 320 25 319 28 262 29 317 26 327 30 294
1132 3.5397762560254864 6.6148749792785306 35.988055108976035 59 57 63 1.7587608659847493 22 894 23 938 24 939 25 957 26 972 27 973 28 986 29 986 30 976 37 325 39 827 34 779 38 853 40 120 40 826 35 820 36 853 33 814 32 553 31 762 21 782
1133 -2.4845938004406811 1.5857711286218839 2.2894430967977812 38 25 47 1.2482389410166534 35 341 36 367 31 342 34 331
1136 2.4269461648022972 -10.11778796635269 29.429202957416646 66 53 66 0.75482592307985608 24 442 26 785 35 399 30 422 34 627 37 426 40 680 36 697 38 699 39 666 33 413 32 646 28 419 31 403 18 559 14 496 13 520 17 508 19 486 20 514 16 494 12 530
1140 -1.3303548104967022 -8.6295120974942154 29.051674686542199 75 63 72 0.80123863322193212 22 733 35 460 36 481 38 469 37 480 39 442 34 434 40 489
1145 3.2803737151568986 -0.76739640721226221 44.058250458994351 31 29 31 0.66454072613247028 23 838 35 507 38 242 37 522 40 532 33 504
1146 3.5767285055685898 1.8799561565199863 41.351188765187096 4 2 3 0.82683354227478667 22 808 24 848 25 876 28 888 37 527 23 572 21 964
1148 0.30829884483868425 4.8844378835046571 38.069271560435183 18 7 4 0.3452569756182074 22 860 23 898 24 901 26 939 37 567 33 301 32 524 21 1021
1150 -4.2647691866392181 5.7642161432471584 40.619159160222246 2 2 6 0.67932255573436551 25 929 26 1119 27 950 28 954 29 954 30 944 37 577 23 907 23 1079 21 1025
1151 2.8477171812788029 5.4252907880239771 37.756161864506787 11 9 10 0.64008662829885143 23 1088 26 1126 29 1132 37 580
1159 2.4670369147421267 -1.5648352292963976 45.81196513911209 32 28 27 0.70701335583625957 22 954 23 1021 24 1010 25 1037 26 1051 27 1066 28 1046 29 1065 30 1041 37 792 34 715 40 760 33 762 31 703 21 1116 18 797 14 720 13 692 17 665 19 718 20 681 15 745 16 652 12 735 5 635 4 679 10 661 8 646 9 636 7 661 6 645 3 621 2 593 11 673
1160 1.4171808792233116 1.6598607781324983 42.913679940948427 6 2 2 1.3001828302350147 22 976 24 1030 25 1056 26 1071 28 1069 37 799 27 880 29 883 34 728 21 1133
1161 -2.4553281702871064 4.3696729042455944 39.916507894814401 60 54 55 0.60849677222210186 23 1059 25 1073 28 1092 29 1108 30 1084 37 815 22 1124 24 1050 26 1219 27 1215 39 933 34 751 31 737
1162 2.1719423111105045 5.0532285947934739 38.140122352338054 52 36 27 0.52296338422736732 22 1014 23 1075 24 1069 25 1094 27 1228 28 1111 30 1223 37 826 26 1114 29 1124 39 808 34 759 40 809 21 1177
1163 -4.1779857294818141 7.2671456196227355 40.018622656674516 5 6 8 0.96544912551246043 22 1153 23 1097 24 1202 27 1137 28 1135 29 1254 30 1244 37 839 21 1205
1167 -1.0976861478987061 -10.299389097823136 29.306825668114438 161 146 158 1.0579458614258237 23 965 37 893 27 1007
1170 -3.0462444329399765 -7.8749442924692783 28.339557676768788 148 145 157 1.7814513704429018 24 1116 28 1154 37 916 32 837 14 694 20 663
1171 -0.67637842739889686 -4.107914870737142 50.936368903435941 9 2 1 0.73589706886464645 27 1056 35 899 38 934 37 926 34 869 40 921 32 844 19 709
1173 -3.6227466541502791 -0.77936839759038368 43.925106511486938 9 12 11 1.1489814144481714 22 961 38 943 37 937 24 1016 27 1069 30 846 39 766 40 766 33 905 32 731 31 707 21 1121 18 729 14 657 13 698 17 669 19 657 20 687 15 692 16 660 12 684 5 639 4 601 5 558 10 579 8 567 8 650 9 558 7 576 6 560 3 548 2 384 11 678
1174 -0.16065896954089676 5.8673306051734686 37.800019544455665 65 53 55 0.97253425561648454 22 1031 25 1219 28 1126 37 966 23 1091 24 1082 26 1135 27 1129 29 1134 30 1112 39 946 34 768 33 940 21 1195
1175 1.612417373352149 6.3195466327808703 36.239633370004583 2 1 2 1.1833387060484295 26 1241 28 1245 30 1239 37 975
1177 4.6319245858123992 -4.0645487495110268 52.354237234288199 5 0 0 1.4788337201670958 22 1201 23 1261 25 1267 26 1303 27 1302 28 1292 29 1184 35 1044 36 1024 37 1012 38 1116 24 1244 30 1161 39 988 34 1004 30 1343 33 986 32 924 31 892 13 849 16 797 18 873 20 786 13 757 14 712 15 739 17 721 19 710 16 714 18 790 12 731 12 816 8 801 4 817 5 802 10 825 9 804 7 754 5 742 9 735 10 761 3 770 2 679 11 726
1180 -0.73588500868253071 2.5159729775284876 40.86321078538576 2 0 1 0.6610772792083458 22 1291 23 1359 24 1303 26 1394 27 1363 28 1381 29 1391 30 1387 37 1082 34 1012 21 1477
1182 1.8026005966006375 -8.1943282425464474 28.676531016796762 140 121 130 1.6640409305656807 22 1241 36 1106 37 1101 23 1296 24 1285 25 1300 26 1343 27 1348 28 1329 29 1335 30 1328 34 1028 32 995 13 857 17 814 18 882 19 810 15 839 16 810 5 814 20 853 4 826 10 836 8 813 9 813 2 736 11 819
1185 -7.9958367226113873 5.4574148140470236 44.168637615376078 136 96 96 2.0568162615121253 22 1339 24 1386 25 1399 35 1107 36 1151 38 1160 37 1147 23 1397 28 1415 39 1124 34 1072 40 1130 33 1112 32 1036 31 1010
1186 -6.3312315527524907 -8.794545937738258 28.589672396632135 145 59 54 1.6506709460158231 22 1343 23 1402 24 1391 25 1416 26 1442 27 1465 28 1445 29 1452 30 1446 35 1120 36 1162 38 1168 35 1125 36 1169 38 1177 40 1141 40 1149 37 1158 33 1124 32 1050 18 918 14 851 13 894 17 865 19 847 20 883 16 845 12 863 5 848 4 859 8 841 9 843 6 837 3 806 2 766
1187 5.8412935610136119 -8.7858393470820619 67.525441379791744 88 53 47 2.2794357909486482 23 1422 24 1413 25 1424 26 1462 27 1474 28 1453 29 1461 30 1456 37 1161 22 1362 39 1139 35 1123 36 1164 34 1086 40 1144 38 1171
1193 -1.1929197451478832 -7.2624424787624333 25.6434324530405 118 106 118 0.67793720249680167 26 495 35 466 37 481 23 487 28 455 30 463 33 463 32 450 40 492
1200 -2.5852898019230817 0.65461110145457257 5.1454357499028687 153 140 152 1.2313917841415551 35 691 36 716 39 688 32 658
1204 -2.4259108037884145 1.5633711881657129 2.3633959872951071 0 0 0 0.86541048600343495 35 3 38 1
1205 0.1913371492441763 -11.024165470965473 29.326961478541168 110 87 97 0.44816678990919828 25 16 39 7 28 35
1206 1.1432714871965208 -13.952581441525837 39.217459089101297 114 97 114 2.5496743332220557 22 88 39 13
1207 -2.5602771781627536 1.1760062088074639 4.3816352859878211 113 102 112 1.0133460119917366 37 201 39 27 33 215
1208 -2.0401936993422556 -7.5626500387195419 28.522462961479281 45 52 70 1.5226174551029152 22 150 38 39 28 123 39 38 40 244
1209 -4.2306151087074202 -0.31081757296088169 43.568022930503567 65 49 50 1.0025221526030095 26 190 39 55 18 218 13 438 20 195 9 218
1210 1.9848479977363098 1.8946712892290343 42.127601066683162 24 23 20 1.1970694460264906 22 527 23 573 26 586 28 171 30 555 39 64 21 635
1211 1.9566941244137186 4.54294817524596 38.639412931348005 41 37 38 0.6631893073479489 26 635 39 83 22 254 23 258 24 262 27 253 25 254 28 216 29 279 34 261 40 297 21 296
1212 1.9600468369180704 4.5405485017720784 38.665520751274506 41 37 38 0.64075720244505563 25 255 28 217 39 84 23 257 24 261 27 254 22 255 26 636 40 298 34 262 21 297
1213 0.12987487351123633 5.0097163517491223 37.94137385803355 51 41 39 0.4297264331756509 28 627 39 86 26 645 34 66 40 307 33 94 32 84
1214 -0.52354990725586958 6.3021856748547078 37.421176699494914 41 32 34 0.6871765545670645 24 687 25 675 26 684 28 665 29 681 39 102 34 288 21 759
1215 -0.52844363748443524 6.2834241109841633 37.354396707296743 41 32 34 0.75150999943056584 22 287 25 674 26 685 27 673 28 666 29 680 39 103 34 289
1216 3.4990106564267394 6.2741181902735974 36.241215077464304 49 40 41 0.87199628913379479 22 889 24 693 25 685 28 979 39 108 23 932 26 697 29 981 30 969 34 295 33 318 21 1057
1217 -3.6181899669434374 7.2637316853030622 39.458736664931429 14 7 6 1.0089962949876905 29 323 39 111 33 114 21 370
1218 -3.6356088839395153 7.2416611886474422 39.435446009965304 14 7 6 0.78981132879779381 29 324 39 112 33 115
1220 -2.6663389484629212 2.910292985730246 -0.12811998394595442 81 73 81 0.12179483331585822 37 186 39 176
1222 -2.7244608696768267 2.7020067137646495 0.41893518876631242 99 86 102 0.51801147121964819 38 198 39 185 33 197
1223 -2.7244608696768267 2.7020067137646495 0.41893518876631242 99 86 102 0.51801147121964819 38 199 39 186 33 198
1224 -2.2193493881455555 -9.1527236999783614 28.985281521972833 109 97 111 0.41982306285336662 29 494 39 188 32 192
1225 -2.7227359509717215 2.8172005901850929 0.18857955823536959 86 68 83 0.16747241833812293 38 29 32 201
1227 -2.1380514341710257 1.6796693758341228 3.4458256074784313 40 45 61 0.1003328717471122 37 222 39 208
1229 5.2398784683285182 -0.71980896925271776 43.707776342700825 29 25 25 0.95037941410189686 22 787 23 844 24 832 25 857 26 873 27 867 28 867 30 1060 39 226 29 1081 21 945 18 669 14 592 14 667 13 633 17 610 19 408 20 621 15 631 16 599 12 626 10 597 4 610 5 569 8 579 9 571 7 590 6 580 11 606
1230 -4.2546554570656987 0.53253689921651381 43.062462983700676 37 23 24 1.2345725609552536 26 198 39 230 24 199 27 186 14 425 13 224 17 212 20 204 15 214 16 202 12 452 11 234
1231 -1.0163553271063652 1.8954416220363259 41.422605804458463 29 30 34 0.64170827438209121 23 568 24 580 25 193 26 580 27 554 28 557 29 575 30 546 39 234 40 266 34 476 38 530 33 263 32 247 31 495 21 631
1232 -1.0195326739609938 1.8994377945633636 41.267370399297469 29 30 34 0.55595960980370496 28 558 29 576 30 547 39 235 32 248 31 496 38 529
1233 -1.3028054079244733 2.4318526588734093 40.876396111369772 19 21 20 1.1395192814274069 25 582 39 244 22 534 26 590 28 565 30 565 23 581 29 583 27 564
1234 -0.94319323759672502 3.1160133522844631 40.456876092624228 37 36 34 0.60717546845991555 22 542 23 594 24 596 25 588 27 217 28 574 29 593 30 575 39 252 33 74 21 651
1235 -4.1767099803970105 4.6333142482722636 40.842113465942781 31 31 32 0.96153943663145025 26 929 28 932 30 613 39 269 22 579 33 87
1236 -4.1796971403019754 4.626926522880292 40.868188541271202 31 31 32 1.0540804027906365 22 580 28 933 30 614 39 270 33 86
1237 0.082714980616948722 4.7882193396045585 38.197121492045738 51 40 37 0.53688245049508743 22 592 23 642 24 647 25 640 26 641 27 628 30 621 39 282 40 93 33 93 31 94 21 311
1238 3.2002274792842171 4.7642128229818743 38.280950986169167 47 43 48 0.26038780498249053 22 861 23 899 24 902 26 940 27 946 28 948 29 945 30 939 39 283 33 299 21 1022
1239 3.5695291247545744 4.8263822898597777 38.00426219897183 37 31 35 0.46737537341155322 22 596 23 646 25 922 26 942 28 629 30 628 39 286 24 272 32 278 31 96
1240 3.5619101999545411 4.8116312531182759 37.810082518382245 37 31 35 0.42361994949979576 22 597 23 647 25 923 26 943 30 629 39 287 24 273
1241 -3.705119876037501 5.6715296586815764 40.51849868511858 36 35 38 1.1077223910956746 23 909 24 654 25 928 39 291 33 303 21 718
1242 -2.0907497890924276 5.6849224621597534 38.672373457162713 5 4 5 0.9591311349478604 23 911 39 295 25 657 27 281
1243 -3.5621855450691173 -13.08754475470046 32.933165361888612 94 84 94 1.3378876604233032 30 728 39 354 22 348 26 388 32 346 31 162
1245 -3.5861624150810325 -10.430217570989274 29.003275238264514 101 88 110 0.78849602693806342 27 751 35 381 39 385 28 745 32 377 33 644 36 680 37 688 38 673 34 610 35 658 39 645 40 664 31 380 12 643 29 1010 27 1003 11 632
1248 -2.4177009689047693 1.8625296065802741 2.221054983703922 0 0 0 0.26060510191793762 35 405 38 417
1249 -2.7258074110824917 2.1582647051665593 1.5578826368762462 101 90 106 0.72209676641505427 38 420 39 402 33 424 36 439 37 431 34 396
1251 -2.4483265369254927 2.2563591045756546 1.5883093465415339 138 126 141 1.2709761303818774 37 467 39 434 36 468 38 456 40 477 33 452 34 426 31 442
1255 -2.5383032736744844 2.3328558439717764 1.5099404806802061 139 128 142 0.25340586966035855 38 477 39 451
1256 -2.1506734255053459 2.2295270442695343 1.8617787752090031 62 60 71 0.79635086321974802 37 778 34 701 32 459
1258 -5.9239146418872819 -7.3914194175816048 27.913829287497389 79 23 24 1.1650618625587223 22 466 27 813 39 469 18 418 14 375 19 558 15 593 4 561 10 551 8 529 9 528 7 539 6 525 3 505 2 489
1259 -2.8677883252154683 -12.288124385410713 48.003246070592745 116 96 97 1.9459072243265687 27 826 29 825 39 474
1260 -4.9632882799912625 -1.0405598916832115 45.131086198659226 14 13 11 0.74086802173861366 23 547 24 554 25 840 28 530 29 851 30 843 39 485 27 533 34 466 40 764 32 240 18 447 14 576 13 434 17 413 20 600 15 613 15 687 12 434
1261 3.7709260124437636 2.6375691535621142 40.266003227739944 44 38 40 0.54005906083217614 23 1050 24 856 25 1061 26 902 28 898 29 893 30 883 39 502 27 890 27 1090 34 488 40 546 33 515 31 502 21 1145
1262 -0.80110555705316189 2.9314573559526584 40.333892176394933 3 1 2 0.90930533626016707 22 818 24 858 27 1088 28 1074 29 592 30 884 39 503 23 215 26 901 27 212 23 1051 26 1076 28 180 34 239 33 516 21 649
1263 4.6902439372028573 5.3786737301770193 37.084395451421955 17 17 17 0.53640745095359266 22 1028 25 1107 26 1132 28 1124 30 1111 39 529 24 1081 21 1194
1264 3.0270645627867205 5.611392947698997 37.530365761272364 44 34 32 0.79020450893808969 22 875 26 956 30 956 39 532 23 916 40 573 33 546 32 536 31 535 21 1044
1265 -0.70383705910558703 6.4790647340956786 37.27332929383563 13 11 13 0.75088024694559352 22 1034 24 1089 25 1113 28 1134 29 1141 39 541 40 582 33 557 32 542
1266 -2.721544168808415 2.7937662930119385 -0.17983470062122844 41 29 38 1.5696592433536873 37 622 39 575 36 625 40 611 33 593 34 556 38 620
1273 -2.4462595153247371 1.8363416111782067 2.1967768608332801 167 143 159 0.31924669645838927 35 862 36 895 33 859
1275 -2.2675388806510073 0.68388469824953069 5.2968344249179209 96 84 101 0.58476889558228584 38 746 34 668 40 714 33 715 32 678
1278 -5.506753844377946 -3.2874769802043886 34.104588635043328 138 102 102 3.6039694217041514 22 1076 39 756
1279 -3.2052797523338286 -0.4496920818789627 43.373060978524762 76 58 60 0.88351254533593049 23 1162 27 1194 28 1196 29 1204 30 1056 39 769 18 734 13 772 17 730 20 692 15 753 12 745 5 644 4 689 10 670 8 655 9 641 7 672 6 654 3 630 11 683
1280 -3.176975536416812 -0.41465261778305379 43.290930707649537 76 58 60 0.75916820878361269 28 1197 39 770 18 735 12 746
1281 -4.1331047967583396 4.0633650258511675 40.723182890834437 35 35 35 1.4537738781937011 23 876 25 899 28 918 30 911 36 958 39 790 22 836 27 913 34 498 40 999 38 1033 33 783 32 510 21 677
1282 1.7720264030526196 4.0396873040124772 39.577021744676188 38 26 20 0.36996663946049796 24 1048 39 795 34 748 40 796 33 790 32 759 31 512 31 729
1291 3.183605024624232 6.6027506569917787 36.174087661380597 12 6 8 1.4422608772872787 23 1289 24 1279 25 1295 28 1319 39 1018 26 1334 27 1339 30 1320 22 1235 40 1021 33 952 32 891 31 854
1292 3.2029729718704703 6.6345784227701809 36.224548647745912 12 6 8 1.678708630459512 25 1296 30 1321 39 1019 23 1290 40 1022 33 951 32 890 31 855
1294 -0.42732943336439949 -0.56531501688265806 43.729034259624029 27 25 30 0.50172982482346629 22 1287 23 1354 24 1334 25 1350 26 1391 39 1060 27 1393
1295 0.49058419178065088 -8.1866394353532392 28.705986810587916 147 133 149 1.7015119016774405 28 1397 29 1406 30 1400 38 1140 39 1103 22 1305 25 1373 26 1408 40 1111 33 1093 19 825 15 855 12 844 5 826 6 819
1298 -3.5564101024821304 -10.749910091715403 28.900787393416103 128 108 120 0.58476502894433691 26 21 36 405 39 154 32 158
1300 -2.5576577978149633 1.7652066757293543 3.2375628295492085 0 0 0 0.97780211885321455 35 224 36 229
1305 -2.7655474060002252 3.6795416726334107 -1.9424529623129796 0 0 0 0.72615088473381717 36 715 38 723
1315 -2.5480533033255575 2.3437016468661209 0.93587480521511501 142 125 141 0.46313495299260754 35 159 34 9
1319 -1.5787831721552821 5.5327885693284884 38.634282311164519 10 8 9 0.62993266240696077 25 275 34 68 27 272 28 235 23 273
1320 1.1720533355744081 6.1492935561697522 37.270959158287788 20 9 6 0.81524836446474114 26 682 27 671 29 679 34 75 21 355
1321 1.1723185638938376 6.1394053853150643 37.255255687603331 20 9 6 0.58351094182736452 22 884 23 681 29 678 34 76 26 681 27 672 28 667 30 284 21 354
1322 -1.3531833328100946 6.402754136217605 37.674220698602738 48 44 43 0.79306585917792072 22 289 30 669 34 78 28 254 21 761
1323 2.8986940758741286 6.6731400743717648 35.868593555998494 47 41 43 1.0408279319233344 28 689 34 90 25 960 26 973
1326 0.8324044090142787 -10.668924509460778 29.36282190477425 88 76 90 0.63966292319723939 24 416 34 139 26 434
1329 -1.6910141446583529 -8.7318628505869569 26.017827105932909 128 107 124 1.224788274747628 22 66 34 152 5 101 8 314 7 286 6 301 2 301
1330 -2.6795776423142925 2.4777628658706536 0.88182756897405079 0 0 0 0.20970075064989943 35 181 38 19
1331 -2.7302755044862748 1.9553596817897496 2.1456227705442776 74 60 69 0.36511211858725423 35 184 34 165
1332 0.36138374017006186 -7.8735810769961789 25.755073769532149 100 90 103 0.2197841290707605 23 94 27 447 34 166
1333 -2.9459081463895829 -9.027077425849459 28.66893244938754 73 71 85 0.74148678682802149 23 465 36 24 34 167
1334 -2.6357121851897531 2.5234950273958381 0.90096397713017473 83 68 93 0.89073205965051816 35 189 38 25 32 200
1336 -2.4476720211868099 0.81992268790386702 5.1017621773343436 96 82 94 0.64815487274684092 35 193 34 175 40 212 31 27
1337 -2.1801877957101174 2.3284819952805416 1.5559483940669623 0 0 0 0.51207036881714663 36 214 39 32
1339 -2.4465600955090467 1.97603517912655 2.5767780670579903 54 58 88 1.475601709102089 35 484 37 507 33 222
1343 -2.6766178516074173 2.9829523795758521 -0.044526138979636573 0 0 0 0.75079949294423809 38 230 39 207
1345 -1.4403761021786534 -8.4233783187378268 30.613547933638344 53 58 76 1.3500839309316424 25 515 34 212
1346 0.1970732260884335 -4.6055743582382362 20.359633779836084 0 0 0 0.097709721586508674 22 476 38 227
1347 3.6078820660916304 2.1912004736670472 41.02083800595296 25 23 26 0.62524668102071712 23 584 25 207 26 212 27 203 28 567 29 217 30 201 34 237 33 69
1348 3.5986794744936121 2.1801963595386802 40.749233302891582 25 23 26 0.9035233358169682 25 206 26 213 28 568 37 255 34 238 23 583 27 204 29 218 30 202 33 70
1349 -1.7867816960319127 5.7660052164677191 37.762242573430903 40 33 31 0.69041931412423829 24 291 35 556 36 572 34 274 22 274 40 571 33 308
1350 -3.6864676403385026 7.6196835897567006 39.774433106896382 20 12 15 0.81219921002137208 28 987 38 324 34 303 37 122 23 696 26 975 27 975 29 990 40 338 33 125 33 567 32 120
1352 -2.7865395262587165 3.2085451934925806 -0.99076899599813517 0 0 0 0.089258055061019331 35 334 39 332
1358 -1.97304644917302 -8.5616775002164474 25.926897028358368 175 160 169 0.66241270392409535 26 447 34 388 29 455
1359 -2.7179734608097634 1.9826032322901175 2.0487511008817627 0 0 0 0.61225090996176412 35 425 38 725
1363 -2.5704889343014488 2.3345925804918806 1.4545358681610494 117 105 123 0.71625689635799483 37 482 39 444 33 462
1364 -1.5955843953682036 -10.129364988354636 32.687051637717239 114 104 120 1.9425385890410487 22 436 36 483 39 446 25 484 29 510 23 490 27 473 34 442
1368 -1.2708155134838137 -0.59402927414841533 43.894004528798227 5 3 6 0.75134121667028508 25 850 26 558 27 858 28 858 34 472 30 527 29 565 23 177 21 928 18 214 14 186 19 398 20 194 16 401 5 215 10 587 8 410 9 409 7 402 6 397 11 420
1371 -2.911490567428598 1.6327800167569875 2.3125450843794821 71 60 77 0.77659507485111601 34 576 40 628 33 607 32 589
1372 -2.7628479020717376 3.5920703803822764 -1.757711806953089 71 60 77 1.0320551983746016 37 651 34 577 33 610
1373 -2.4813785250961669 -10.668638497802474 29.432492642560234 72 60 70 0.34747427111373869 30 753 35 651 36 674 37 683 38 668 39 637 34 609 28 747 23 404 25 420 29 427 26 427 27 409 40 651 33 638 32 614 31 614
1374 -2.9961048004882618 -10.250596982230787 29.014427692429724 164 147 163 0.53903101611296256 23 738 24 751 25 755 26 769 28 753 29 1014 30 759 34 617 22 691 27 756 14 471 18 533 13 501 19 465 19 615 15 491 16 475 8 595 9 583 7 602 6 591 3 571 2 434 4 509 10 500 11 488 31 386 39 650 40 672 32 631 33 659 36 686 37 692 38 683
1378 -4.1175528769094507 -0.70657090608113049 44.193479511977337 7 2 1 0.60808172681161565 23 1159 29 1075 30 1050 34 722 26 1058 32 733
1386 -0.40604176226736882 1.4666202989524382 42.724211307457985 25 20 18 0.85136120123123926 29 1212 34 884 22 971 23 1036 25 1054 27 1078 24 842 28 878 30 539 33 769 21 621
1387 1.9615278418049347 6.4167906582659224 37.290508618901342 8 4 4 0.71523443580247614 22 1150 23 1214 24 1198 25 1224 26 1242 27 1241 28 1246 29 1250 30 1237 34 908 33 946 31 853
1388 -4.2391217616328456 -10.833341732471554 28.954556026907937 141 128 145 0.8660612599823907 30 1261 35 967 36 1005 37 996 38 1002 39 974 34 927 22 1169 23 1230 24 1215 25 1240 26 1265 27 1268 28 1261 29 1273 40 974 33 972 32 906 31 785 18 757 13 727 17 739 19 611 20 714 15 711 16 735 12 755 5 716 4 731 10 738 8 716 9 712 7 733 6 707 3 688 2 652 11 748
1391 -4.7304554265729877 -7.2390328428691326 59.838603660081176 127 85 85 1.1010832770424073 22 1078 25 1145 29 1180 34 941 40 915 39 910 33 889 18 715 13 607 17 171 20 594 16 175 12 603 4 425
1392 -3.5860319702068413 4.3630692259578252 40.809736751902435 2 2 0 0.67493407683143813 22 1263 23 1325 24 1304 25 1322 26 1358 27 1365 28 1349 29 1360 30 1355 34 1014 33 1056 32 980 21 1448
1394 -3.9501937241175575 -9.1869321182495742 55.226928887885677 1 0 1 1.5250626511244578 22 1251 30 1341 34 1032 25 1310
1395 -0.2066766319098369 4.1766193300750487 38.469240175124867 64 44 36 0.60744040594926574 22 1324 23 1384 24 1370 25 1388 26 1426 27 1429 28 1414 29 1423 30 1418 34 1046 31 969 21 1509
1397 -5.1942540080903097 -2.0919043575801872 33.475585834089749 136 98 97 0.95249064880754031 23 1427 35 1132 34 1096 22 1368 33 1135 32 1066 31 1024
1398 -3.3092230250399948 -10.060169742417697 29.134005105507836 167 156 175 1.6514262787955758 27 1278 28 1327 38 1071 37 1062 34 830 27 1011 36 898 23 967 35 676 22 700 28 762 23 750 25 763 26 779 27 764 29 770 30 767 24 428 38 697 37 701 39 878 37 1000 40 880 33 860 32 816 31 634 14 622 13 654 13 833 19 621 20 647 15 818 16 623 5 778 4 794 10 794 8 773 9 769 7 788 6 769 3 744 2 704 11 497 11 639
1400 -2.7627909055248803 3.5914840580194349 -1.7591883114493021 37 17 27 0.74148834272348796 37 149 34 121
1401 -2.7627909055248803 3.5914840580194349 -1.7591883114493021 37 17 27 0.74148834272348796 37 150 34 122
1413 5.6490099049270439 -5.3771935090004517 58.415735058849755 58 38 37 2.2589920450893155 22 1200 29 1351 40 918 36 794
1416 4.0846127542297923 -8.2849146853381885 28.941374901519477 137 118 130 0.94350321085316191 22 1244 23 1300 24 1288 25 1303 26 1346 27 1351 28 1333 29 1338 30 1331 35 1067 36 1107 37 1100 38 1113 39 1079 34 1029 40 1087 33 1072 32 996 18 885 14 819 13 860 17 817 19 811 20 842 15 843 16 811 12 830 5 797 4 812 10 817 8 794 31 960 9 797 7 815 6 792 3 762 2 718 11 801
1419 -2.7691152921884679 3.680677320682225 -1.953157277861008 90 82 103 0.26700096677275309 38 7 40 4
1427 -4.865255764218789 -7.7592321093358656 28.201363107648429 19 6 15 1.2580351761106077 22 135 40 42 2 118
1428 -4.1266510496446696 3.3522341209315307 0.2915385111292263 170 161 168 2.3789832186960309 35 49 40 53
1429 3.9035653065514628 3.4690305868473801 39.095293353010284 2 1 1 0.49076254931483088 25 895 26 918 27 909 29 906 30 907 40 73 22 828 28 915 21 996
1430 -2.098900003133787 4.1557107567100458 39.581760322058777 37 36 36 0.68092426220553082 23 243 24 625 25 240 26 247 28 205 29 255 30 232 40 80 21 280
1431 -0.36944488733920106 5.8242437290525197 37.619995798837778 36 27 29 0.27455878249595794 25 290 26 663 40 102 21 743
1432 2.6689524532060078 5.6478117717297529 37.429839608125022 35 30 28 0.48110960049718426 22 618 23 667 26 665 27 653 28 644 30 647 40 103 24 293 25 293 29 302 21 741
1433 -2.5332904507765215 6.8320825103300065 37.829747593909246 43 38 42 0.86108125856829409 27 691 28 677 34 84 36 314 38 310 40 117 33 320 32 295 31 119 21 770
1434 -4.357506619987574 7.4740940831335614 39.948165060430455 5 3 6 2.2885890952843742 23 316 40 123 32 113
1439 -2.7597069484363876 3.6786479162680004 -1.9390575660691229 98 91 102 0.69009677323181684 36 23 40 202
1440 -2.172476824207628 2.2358594323551868 1.5725041538087479 105 84 99 0.47663026120360885 39 189 40 204
1442 -0.25501179346139885 -8.5249183729291271 28.668352378064231 106 93 110 0.83753595331407349 27 474 40 217 25 488 29 511 28 456 18 387 14 354 13 386 20 367 16 355
1444 -2.7531911990717393 3.6791314332832559 -1.9314812106584112 36 42 58 0.0052741429446090367 38 224 40 235
1445 -3.1274379689171177 0.66137616764827845 42.546033172442193 15 3 6 0.62280515773523404 22 516 23 562 25 865 28 544 29 569 40 263 17 617
1446 4.6021982291341583 2.8333973731204001 40.384878369613901 34 29 26 1.6136948281009929 30 888 38 63 40 270 24 223 25 591 26 602 27 577 29 598 31 73 26 224 21 250
1447 3.371255979432962 2.9284458003867564 40.029336956335023 17 7 6 0.44928462344741305 24 862 25 594 27 897 28 579 30 890 40 272
1453 -2.7144681043318712 3.5508492148844137 -1.6415933189665344 121 101 112 0.27765007728902746 37 440 40 455
1456 -1.9377750496365453 0.68364057278965185 5.3762801182201745 151 138 150 0.49358610495191579 35 443 37 462 38 450 40 473 33 445
1461 -1.1570024690973764 6.5024345193674149 37.496947692847897 4 4 7 0.76540863526716008 27 970 30 1122 40 580 33 555 31 541
1462 -1.1650333189246531 6.5223012100979183 37.675579801932599 4 4 7 0.73321399794711462 22 886 27 969 30 1121 40 581 33 556
1463 3.3418810610166183 6.5698831299664491 35.990022457432325 12 10 11 1.055135323401809 24 938 28 985 34 532 40 585 30 975 32 552 31 546
1471 -2.7617744818759382 3.6701270327288977 -1.9247825734838964 161 148 157 0.15156184902196868 38 691 40 676
1472 -2.6139357319097729 2.6598718743868917 0.48052540556517281 164 152 161 0.26467875021903559 36 721 39 692 40 702
1473 -2.4773675071495682 2.0462827082486452 2.1542497742365754 62 52 81 0.75275746984224501 34 685 35 726 36 761 32 693
1477 -6.8716896658788418 -6.8057496401826061 29.820273688926161 76 55 57 1.9862568564984979 23 528 28 819 40 748 22 162 27 150 33 745 35 743
1478 2.1371404367729019 4.5171840403984307 39.137618099834192 47 42 46 0.3260738591480592 24 1178 40 804 33 795
1479 2.1371404367729019 4.5171840403984307 39.137618099834192 47 42 46 0.3260738591480592 24 1179 40 805 33 796
1481 -2.6967914032457592 2.8159087269810756 -0.18063898850360313 0 0 0 0.71885755754860281 34 795 39 836 37 858
1482 -2.6967914032457592 2.8159087269810756 -0.18063898850360313 0 0 0 0.71885755754860281 34 796 39 837 37 859
1488 -5.422652897088847 -8.3832532142983816 27.84627357101893 80 22 25 1.3543313097674079 22 919 23 979 24 970 29 1024 30 1009 40 898 25 998 33 720 15 657 25 789
1489 -0.30204222470508307 -4.4795529417412467 50.577542066377212 82 28 27 0.3360956252229419 25 1026 38 933 40 917
1492 -0.56553031222192762 4.760441069410394 38.643082185938987 8 8 11 0.56254732026455379 23 1327 26 1360 28 1351 29 1361 30 1356 40 1007 33 1000 31 908
1493 -3.7364366596269747 6.7509413737406501 39.421961386450604 8 8 6 1.3563193834371785 22 1229 24 1273 27 1372 29 1368 30 1317 40 1016 33 1011 21 1462
1494 -6.526530419674982 -6.2485187813074861 30.243008707788611 148 93 98 1.4522968534271368 26 1166 30 1155 34 1000 40 1057 22 1069 23 1127 24 1125 25 1141 27 1163 28 1165 29 1175 32 977
1496 -2.9566765767917036 -3.0113141119482214 50.670478528050651 15 9 11 2.5126629898363282 22 1345 24 1407 26 1447 27 1456 28 1435 29 1444 30 1439 35 1116 39 1134 40 1138 23 1416 36 1160 31 1005 33 1121 34 1080
1497 -0.016898356358703747 -6.1977321780009955 22.918808100746087 0 0 0 0.11705635008899765 25 487 39 195
1500 2.7368892057184913 -10.040809676852398 29.334374489404549 93 77 92 0.69736443609971854 23 79 26 72 27 83 29 77 34 392 39 396 40 438 24 77 37 17 32 176 18 563 25 775 28 773 14 498 13 525 17 514 20 309 16 499 5 89 10 309 8 84 9 303 7 491 6 74 3 87 2 299 11 334
1504 -2.9495164201495818 3.48070986685841 -1.5293087374459342 0 0 0 0.21172462420953303 35 601 39 591
1505 -2.7460747807222092 3.6053434026697508 -1.7820399464594172 141 123 142 0.14074505713298785 34 614 40 665
1513 -2.7090509377276581 2.9606985094821523 -0.17420441190722205 138 127 145 0.94543753141496611 35 27 33 33
1514 0.038494797431956169 -4.7558587763960185 19.355415198855287 96 89 106 1.9902394930681389 23 117 29 124 35 30 33 35
1515 -3.498238999417473 -1.5329919397312251 45.263338449186328 48 41 43 0.91956783651524165 23 175 33 57 21 596 18 200 14 175 13 431 17 186 19 160 20 188 12 205 4 240 7 204 3 199 2 204
1516 2.97134294534726 6.3066097092693543 36.674380994108773 35 35 40 0.62642703266219479 24 316 25 314 29 313 33 110 22 298 23 294 27 300 28 261 30 290 26 324
1517 -0.29934550718319825 6.8104016321795964 36.630152673017641 37 37 45 1.1256161577145398 22 639 25 694 26 705 28 683 33 118 23 307
1518 2.4737938420104957 6.7512062990806019 36.343764542736402 15 13 14 1.1387409097937857 25 697 28 686 34 301 36 320 38 125 40 124 33 119 39 308 22 644 24 702 26 710 27 312 32 114 21 382
1522 -2.7551605825230197 3.6406522053033141 -1.8507652225959985 112 93 112 0.054757748960468686 40 197 33 190
1526 1.6647508875003858 -7.9107166156179396 25.844980573308376 0 0 0 0.23315991542595943 30 447 35 23 25 462 27 101
1527 -0.69139537647372995 -9.1685523066634698 28.843015521102494 0 0 0 1.0349993217232174 30 445 40 471 22 97 25 460 23 466
1530 1.223521357279465 -8.5388752614062504 28.631582078369316 101 92 112 0.80980772238609044 22 440 23 493 26 498 27 480 28 461 37 477 33 214 36 477 25 490 24 490 30 472 34 437 32 446 37 769 5 337 4 381 10 341 9 337
1533 2.1370802701133753 -7.8188428694894716 28.840604911634234 36 40 59 0.7572885410099679 26 819 34 201 36 223 33 234 39 206 16 375
1535 -3.9971202015678635 1.6257975657953923 42.316110412228056 15 18 25 0.74674709458953537 22 196 25 189 33 259
1536 2.4885565051973262 4.1633348053874011 39.422426582073783 42 42 45 0.57538396743557918 28 613 33 285 24 638 27 616 30 610 22 250 23 248 25 248 21 694
1537 0.28562149162295958 5.5488188975472905 37.140859172012796 44 35 39 0.55849063100959284 23 660 24 667 25 286 26 659 27 645 28 243 29 301 30 276 33 306 31 101 21 336
1538 -0.13235143330792509 6.9372811501800067 36.70694908945147 7 7 13 0.95632491870784131 25 959 33 328 22 642 23 1100 26 1249 28 1137 29 988 24 1092
1539 -0.38594438909334483 7.2395338681179755 36.938022231634726 16 16 29 1.1751455063609648 26 980 27 978 29 992 30 981 36 324 38 328 33 332 25 703
1542 -2.9071513803222624 0.39631721798073655 5.0433292012692021 164 149 171 0.79888780257931691 34 359 35 366 36 391 38 386 39 366 40 406 33 378 32 358
1544 -4.9959957930671299 -10.312704202766582 28.186563804980146 75 16 23 2.1198609602825398 22 357 23 32 25 387 27 379 29 395 33 390 29 405 28 352 30 361
1549 -2.6632525717527527 1.9520003733625615 2.0961148159970473 0 0 0 0.47064052710744497 35 423 38 431 34 404 37 442
1553 1.6024305140899284 -0.2286096389564653 44.162467677094135 26 24 27 0.7120811575563758 22 969 23 848 25 863 26 880 27 873 28 1061 29 878 30 867 33 505 18 739 14 597 17 679 20 700 15 700 12 630
1561 -2.2493554579249784 0.32074534302725011 5.4289595240458963 98 88 113 0.30639942236351081 35 655 37 887 38 679 40 663 33 650 34 822 32 623
1562 -6.5262490344924888 -10.355311818021237 29.089437657882769 145 70 74 1.6174124986289438 30 756 36 888 33 655 22 686 24 747 32 811 40 424 35 382 31 623 36 692 18 526 13 499 39 162 37 164 35 10 17 483 20 490 5 265 9 270 2 271
1565 -2.3294911622108829 1.9514456242409048 2.1033037128410266 155 139 152 0.67914739955297165 35 689 33 692 32 659
1568 -2.7060333527406621 3.5553572123281088 -1.6380044420086264 128 108 125 1.9310347747100352 40 718 33 716
1570 -2.445773613944926 1.9956498263482352 2.2198966350492775 157 140 160 0.78640100750761965 35 714 36 752 37 757 38 755 40 724 32 688 31 666
1581 -2.5027432786424044 2.1521797886491019 1.4876658478864364 167 143 159 0.18703924586840703 39 656 33 858
1582 -2.5461093809703947 1.8459737492507124 2.1743538822620132 0 0 0 0.34344858464625388 35 861 37 892 38 901
1585 -7.0547947319619615 -7.565814104902687 29.215642207274939 69 52 58 1.9585245618860665 24 160 33 879 30 147 22 478 27 506 26 152 28 130 10 150 7 134 6 136
1588 -0.57150538245584892 4.7601888175166192 38.570893083569629 6 7 9 0.48830918596947887 28 1350 40 1006 33 999 26 1361 31 907 21 1453
1589 -2.0928024032678416 -10.951078194071334 29.407836992771294 135 115 137 0.78007209644666098 26 1266 39 1041 40 1043 33 1034 24 1216 27 1271 18 858 14 791 13 832 17 790 19 784 20 815 16 782 8 768 9 761 7 781
1592 -4.8656226853073514 -1.2868770323746042 45.431682445394372 78 62 67 0.9612852525834662 26 176 38 51 24 553 28 529 14 406 17 192 13 206 18 205 19 394 5 405 4 246 4 441 10 416 8 213 9 197 7 382 6 209 2 374
1593 4.8529488160466716 -13.537564134711385 40.777938368782507 0 0 0 0.81484739177145049 30 475 40 214 26 501 28 471 29 518 24 787 25 800 23 785 27 802 28 803
1596 -2.8294712240630937 0.34296005592303586 5.204881337184557 149 132 150 0.28154420150406273 35 373 37 401 32 597
1598 -2.503689497634225 0.73554976219699375 5.0730047242937601 156 141 166 0.92505587650457144 36 458 39 425 32 426 37 456 35 440 34 416 38 445
1608 -0.092045117576338306 -10.002169094139324 29.374246135831019 92 84 108 0.98553126589780116 27 82 32 18
1610 -0.71779244755220639 -6.508594680326282 23.212295038306255 119 95 121 0.77279476047687135 25 94 32 27 29 105
1611 -4.859322167532075 -7.8800567542689093 28.715703397782356 61 63 92 0.83302369868061321 22 138 23 134 29 143 32 31 24 508 25 505
1612 -1.0904089354300575 4.1851253557851837 39.464144450378406 18 18 19 0.69936323862785899 22 245 23 246 24 252 25 241 26 622 27 609 28 605 29 266 30 603 32 74 21 282
1613 -1.0808827434761936 4.1872497405601665 39.488474638934839 18 18 19 0.56112137139713048 24 251 29 267 32 75 25 242
1614 -4.5681018120628307 3.8541928890243802 1.4620726435129423 240 252 255 0.94736803304231731 34 267 32 78
1615 -2.4216246179729173 6.6546911189477296 38.053157306569908 17 11 15 1.2909012880294799 28 257 32 103 22 294 23 292 24 313 26 316 30 288 26 314 29 309 29 310
1619 -0.70727003931485866 -7.6008648786435558 28.452824478415558 46 51 73 1.2680215967913373 29 535 34 213 32 217 33 239 11 180
1621 3.878581728617279 -9.0823446279852362 60.550860093653306 25 9 9 0.89956389287791705 22 760 32 228 18 642 31 257 14 565 13 420 17 404 20 592 15 412 5 390 8 539 7 361 3 518 2 506
1622 -4.6031070565233705 -1.4178257957847757 45.115167305758078 8 7 7 0.92824418663465602 22 505 33 59 34 227 35 239 36 242 37 244 39 224 40 259 32 239 23 824 24 815 25 838 26 856 27 850 28 843 29 561 30 842 31 258 18 443 14 575 13 433 14 403 19 392 20 411 15 421 16 399 12 432 4 242 17 188 10 212 8 208 9 195 7 206 6 206 3 376 11 414
1624 -0.85631676460617989 3.5465078916463737 39.877965272452698 28 26 29 0.49322153814761038 29 610 32 258 22 227 24 235 25 224 26 231 27 230 28 191 30 585 31 78 37 272 38 261 21 666
1627 3.1860824125703289 6.3267062528290658 36.298515459470188 53 47 51 0.71106702850009895 23 689 25 686 27 690 28 679 29 982 30 680 32 292 22 301 24 696 26 328 31 310 21 775
1628 -2.5334668962091871 1.586985592363156 2.2191596172558969 40 29 43 0.5428126320807839 36 355 32 318 38 346
1635 -2.4568364607049222 0.67720980585979562 5.5321582522244892 153 141 163 0.48635015743018678 36 469 40 481 32 439
1641 -2.6655135667190248 2.8510990113400836 -0.27932299417315332 113 97 119 0.33969963704397332 36 630 32 568
1642 -2.7509951879005583 2.3600468309641434 0.72452121330659391 133 116 134 0.36036754054038955 36 632 32 573
1643 -2.8243067395284287 2.6712720285853431 0.10734724872426829 0 0 0 1.3881237422654304 35 604 37 637 40 616
1645 -2.4919949982242033 1.6683453769189767 2.2286991535646914 59 51 73 0.63764283099235985 33 612 32 585 36 644 40 622
1649 -2.2358704987137079 0.59503742686596872 4.9624877450175351 157 140 159 0.99808934855094555 34 622 39 655 40 677 32 635 37 697 31 631
1657 -7.0226497120996205 -7.373180021500608 29.425824863565513 72 52 58 1.5697804176588637 24 531 26 537 28 506 33 880 32 711 16 382 36 781
1659 1.6446604590968423 -11.614717682244841 29.782314463355998 15 7 20 1.1144811953605547 23 1103 33 830 34 803 35 837 36 866 37 868 38 876 39 846 40 850 32 794 22 900 24 950 26 993 27 993 28 998 29 1003 30 991 25 979 31 778 18 752 14 678 13 720 17 689 19 677 20 708 15 707 16 678 12 699 5 656 4 616 18 686 20 639 10 681 8 588 8 669 5 574 9 576 7 681 6 663 3 558 2 538 2 607 11 691
1672 -9.2051902884507264 5.7050993001509056 44.60215553142767 0 0 0 3.017612863719501 22 1012 25 1090 39 284 40 562
1674 -2.9318342122561236 0.25895126663876905 5.1938629179860429 0 0 0 0.61972522432339294 35 356 37 374 40 390 34 346
1675 -2.9090153310099778 0.43061210587242071 5.0594347392943542 148 133 162 0.92178297732211367 33 394 34 369 35 378 36 410 37 406 38 401 40 419 31 373
1676 -2.7940295824838133 0.23490142268386324 5.6020383697081639 98 90 113 0.99338015009962843 34 373 40 423 32 378 31 377
1677 -2.3954217663239463 0.57036289313973387 5.4337706304006756 135 123 154 0.4686494472207729 40 464 32 421 31 429 34 411 36 452 37 452 38 439
1679 -1.3565833619213825 0.67250653532013471 5.9765689085016138 52 47 74 1.3821384896826097 34 450 35 476 32 465 33 477 36 495 37 502 38 485 40 504 31 225
1681 4.4270595783700513 -7.9438257293593306 28.900698096969162 42 44 65 0.81929073340278125 22 483 23 800 24 524 25 809 26 531 27 503 30 500 33 743 34 455 35 485 36 499 37 504 38 494 39 463 32 470 29 540 28 502 18 416 14 378 13 405 17 384 19 556 20 384 15 394 16 374 31 478 12 172 5 355 4 174 10 364 8 353 9 357 7 335 6 140 3 328 2 147 11 170 1 178
1683 -2.2486065567056386 0.31803916238743796 5.4361694300668653 91 82 108 0.37011159035723301 33 649 35 656 36 683 38 678 32 624 34 823 40 662
1684 -1.1910435671675574 0.23310107264134447 5.6325247754910839 0 0 0 1.1853801550038552 33 654 35 664 36 679 37 687 38 680
1685 -2.2159270346492894 0.4387700097213813 5.3000057987007683 157 140 159 0.10426947209468534 34 623 32 636
1686 -2.5944907552843013 0.44553753294947823 5.4694875077863099 68 63 89 0.2486626987611584 33 682 32 650 34 636 40 689 37 717 38 710
1688 -2.4340427485641936 0.59948245051861038 5.5040219291569503 96 86 116 0.46394833308779154 34 665 32 675 33 712 40 716 31 653
1696 -2.7747377201438064 -10.199435518785439 29.117296347748493 73 58 87 0.39397732946830832 26 51 30 60 31 5 28 50 24 425
1698 -2.6585535683994217 2.717349737027146 0.42824804013714429 0 0 0 0.55377214628407678 33 28 39 192
1699 -2.6611460025779512 2.7272920498830024 0.41139715336719007 0 0 0 1.5900433684343103 33 27 39 193 31 28
1702 -0.85803690367594154 3.5430079723028696 39.898030933679294 36 31 34 0.48068739117698095 29 611 37 273 39 69 31 77 32 259 38 260 25 225 28 192 22 228 21 665
1703 -2.2237575421660214 3.8866990845979328 39.731873645395105 5 3 9 0.700452065510621 23 615 27 596 29 619 30 226 31 84 24 874 21 265
1704 -1.4505392331595355 6.2542819411824935 37.632102895395455 4 2 7 0.74719739075818459 24 302 25 670 30 965 31 110
1705 -1.8109485602840252 6.3853718112210274 37.757145397277576 47 42 49 0.58768097164988475 24 307 28 664 31 114 22 288 25 307 26 312 27 293 29 306 30 285 21 351
1706 -2.3337398326321632 6.763133914056878 38.120219196149179 51 44 53 1.8215221487309647 22 635 26 695 27 686 30 677 31 116 25 309 28 259 25 312 23 297 21 362
1712 0.21988326412022308 -15.239908866895068 40.653006227213005 60 44 72 2.4597076290990136 30 71 31 192
1717 2.8879674990025994 -7.8838937874168824 28.938987087875876 50 54 81 0.93368220249562395 28 816 32 474 33 231 35 220 31 233 37 510 24 522 29 538 30 496 26 528 13 408 17 387 19 368 15 398 12 402 3 331
1719 -0.049900138141055414 -5.4659552731551511 22.731398329153738 0 0 0 0.099373036995533071 26 525 37 221
1721 -3.4038778698961156 -11.725424088958011 28.833837746503978 46 35 53 0.35286922109919394 26 722 31 334
1724 -1.174721324393053 -0.093497207298466639 5.9802327775365089 68 54 79 1.6724068259312004 32 349 31 356 36 380 38 374 37 378 34 349
1727 -2.7353444039239858 0.56149550222633937 5.1337372684884874 159 145 171 1.0990849379939287 34 387 35 402 37 427 31 399
1728 -1.3021413966606696 -10.098456638584235 29.493987978130438 66 56 90 0.68069749874464225 22 708 28 770 35 407 31 406 30 773
1733 -2.4373272269262345 2.0870930847826679 2.0629746971925322 0 0 0 0.76123197600394887 32 447 37 483 34 436
1739 -4.5047810989113781 5.6137689527785701 40.501642709875355 28 27 42 0.67143506701881484 24 1068 31 531 26 946 27 1121 28 949 29 946 30 1096 22 864 23 902 28 1110
1740 -3.3159679049347357 -11.652858065250719 29.112738212203968 144 130 155 0.59209787634415478 30 987 33 598 36 631 31 571 39 589 26 986
1741 -1.2862831641423431 -0.10824811015181882 5.8701492105736968 62 53 84 1.6049371385436413 31 579 32 577 37 865 38 874 40 847 36 864 33 829 34 801
1742 -2.2849157863660485 0.13320973598000413 5.420257938342286 58 49 78 0.37167319808419358 32 583 33 611 31 582 37 648
1743 -1.5307310883769425 -10.964846370464429 29.329450583545619 146 131 158 1.3010585747714758 27 999 32 598 35 631 37 661 38 653 39 615 31 594 22 909 23 958 25 734 29 747 30 735
1744 -2.6726115747799795 1.8798789043240964 2.1813084375448457 69 60 90 0.81064296097261623 32 651 33 681 31 637 34 635 38 709 40 688
1745 -2.7267549798418109 3.5871927798515948 -1.7327592184394847 0 0 0 0.86045905438275483 33 671 38 702 36 701
1746 -2.1938792368586242 1.1345516661321913 4.1979919902402241 0 0 0 0.53227996156311452 37 747 39 706 33 707 34 663 36 737 38 748
1748 -2.4417079084074533 -8.484133438615693 28.839428482311767 112 103 139 1.0015988636074653 29 1032 33 736 36 767 37 772 38 767 31 676
1752 -5.2279067539416486 -7.5666779816534042 51.130359844502358 70 48 61 2.1489743467586084 22 1074 31 690
1753 2.5607072694599076 5.4665574448446872 37.558698007423921 29 27 36 0.61734792590089005 22 1025 38 846 31 748 39 815 36 847
1755 1.9114061795232804 -12.078041801222993 30.133005650190139 176 164 176 1.2284596667406713 27 990 29 1149 32 791 34 921 35 962 36 998 37 989 38 992 39 840 33 964 40 967 22 898 24 946 25 977 26 989 30 989 23 712 13 718 15 641 16 609 14 608 17 624 18 678 20 631 19 600 31 776 12 638
1761 0.43495206915655443 -11.930766387532902 29.770483868428972 117 102 129 0.77346861864218996 22 1162 23 1225 25 1233 26 1258 28 1256 29 1266 33 1022 35 1024 40 1036 31 864 32 966 34 977 36 1063 37 1050 38 1066 39 1029 24 1208 27 1261 30 1253 18 845 14 788 13 826 17 787 19 770 20 802 15 808 16 770 12 797 5 759 4 775 10 780 8 755 9 750 7 769 6 755 3 729 2 692
1763 -4.8147213825680906 -8.5763041810087763 27.956068839283382 38 5 12 1.4301399512727604 22 1185 23 1242 26 1281 27 1284 29 1286 30 1270 31 875
1765 -6.7516015510042537 -7.8335551429312273 28.201792749298335 131 81 94 1.1168544994708745 22 1060 24 1115 26 1023 31 880 23 1119
1766 -5.0042381993915379 -11.244733167051031 55.386854031587156 41 8 12 1.2819812184119914 22 937 23 996 24 989 25 1019 26 1033 27 1041 28 1033 29 1050 30 1028 32 919 31 887
1767 -4.2699632933054614 2.4181664271821561 5.1552965507369191 143 111 122 2.2957373167209161 36 1111 31 890
1778 -0.4795704562751813 -9.2214200308258221 28.987617904150127 97 91 124 1.2558495662130984 24 100 31 215 26 87 9 85
1779 5.3146664172070093 -10.951452085103986 29.829214497318738 76 58 80 1.0899474506047706 22 695 23 745 25 760 28 756 31 376 18 517 5 469 4 505 8 471 9 467 7 477 7 600 3 569 2 431 11 478
1780 4.4806417880704794 -9.3819436304613806 29.13278854574715 101 80 113 1.1594046949508672 22 725 23 775 24 775 26 796 27 791 29 791 30 788 32 663 33 698 34 652 35 695 36 451 37 451 38 728 39 696 40 460 34 418 18 698 14 519 13 548 17 642 19 625 31 432 20 649 15 655 12 554 5 494 4 540 10 524 8 500 9 497 7 504 6 494 3 477 2 461 11 523 1 362
1781 4.4102714880943941 -8.7035867107231013 28.923823205852994 89 72 107 1.7707563857604911 30 801 32 443 38 463 17 551 31 449
1782 4.9245093329324989 -8.479885750630304 28.749004637345958 0 0 0 1.7252367967060336 23 504 36 479 40 484 30 803 33 460 35 732 24 140 25 499 26 129 27 125 31 460
1783 -1.4902535522166562 0.90327251088737948 5.1116807396082935 0 0 0 0.45448103131658479 33 465 35 467 32 453
1784 4.2954127307997387 -8.1887124836767171 28.584602699855857 163 148 168 0.96743450827083755 22 743 25 806 27 811 28 1026 33 739 40 741 26 1025 34 851 35 886 38 920 39 901 37 491 32 832 36 923 18 622 13 584 17 565 19 545 31 464 20 570 15 581 16 552 12 585 5 515 10 545 10 637 7 528 7 637 6 519 3 499 3 600 2 483 2 571 11 557
1785 -1.2629585473323217 0.64276258394912877 6.0204917165856049 0 0 0 1.8221184928444112 32 458 33 474 34 449 37 498 40 502 31 468
1786 -1.3793921902815602 0.50940130390047966 6.4040387470214952 46 44 74 0.98344634704135836 35 472 36 493 38 487 31 470
1789 4.517249973490121 -8.182865255766643 28.50156752973345 0 0 0 1.629148221521957 22 928 23 988 24 979 25 1010 26 1027 27 1029 29 1038 30 1019 32 704 33 737 34 690 35 734 36 769 37 774 38 769 39 735 28 1028 40 738 31 679
1790 4.5665894863411376 -8.3855137701931248 28.965707704312507 11 3 9 1.361916031090679 22 927 23 987 24 978 25 1009 26 1026 27 1028 29 1037 30 1020 32 703 33 738 34 689 35 733 36 768 37 773 38 768 39 734 40 737 18 704 13 663 14 632 17 647 19 632 31 680 20 654 15 662 16 629 12 652 5 675 4 707 10 697 8 683 9 669 7 690 6 675 3 651 2 618 11 648
1791 5.2881145176803184 -12.624864457111386 30.351881157814436 32 24 37 0.47894393255981016 27 984 31 770
1792 4.7972443111751346 -11.795673532915536 29.994231626760509 18 10 25 0.96551962192968399 25 1119 26 1148 28 1141 29 1150 31 777 22 903 23 952 24 952 27 996 30 993 18 751 14 675 13 721 17 687 19 675 20 707 15 706 16 677 12 697 5 658 32 793 35 833 4 698 10 683 8 671 34 797 9 654 7 683 6 665 3 639 33 828 2 609 11 690
1793 5.7254626217911202 -10.48564389689971 29.292816722612887 58 6 14 1.1823428942557457 22 915 23 971 24 966 25 995 26 1005 29 1018 30 1002 31 793 18 766 14 689 13 734 17 702 19 687 20 721 15 717 16 692 12 646 5 665 4 704 10 691 8 678 9 663 7 610 6 670 3 645 2 614 11 638 1 586
1795 5.117422202870463 -9.1791477203720291 28.775425887813505 83 21 37 1.3578821692254484 23 1113 24 1108 26 1152 29 1162 30 1146 31 801 18 820 14 692 13 737 17 751 20 769 15 775 16 745 12 713 5 669 10 693 9 667 7 689 6 720 3 648 2 616 11 707 33 862 34 833 35 870 37 897
1797 6.2916524952493402 -11.465014832100275 30.235168038572649 52 16 24 0.40387831495965232 22 1045 23 1106 24 1100 25 1121 27 1145 28 1142 29 1154 30 1134 31 867
1798 4.7731954306307385 -8.0851187964919884 28.643842988170377 123 112 137 0.87702505846936663 24 1119 26 1159 27 1157 28 1155 31 878 22 929 23 989 25 1011 29 1040 34 935
1799 5.0679928365211682 -8.6844247956712408 28.339067797498835 33 1 6 1.3946906855664292 23 1247 24 1228 27 1288 32 994 34 1027 37 1099 38 1112 39 1078 40 1086 33 1071 34 1026 35 1066 37 1098 38 1111 39 1077 40 1085 14 803 15 828 11 799
1800 4.9290007842245007 -8.1770326974107146 28.929599283362087 124 111 137 1.0871103760635861 22 1247 23 1302 24 1290 25 1305 26 1347 27 1353 28 1334 29 1340 30 1333 18 868 32 972 35 1035 34 936 37 1069 38 1081 39 1048 14 805 13 845 17 798 19 798 20 844 15 829 16 814 31 933 12 810 5 799 4 814 10 819 8 795 9 799 7 835 6 794 3 763 31 877 2 719 11 805
1801 5.995237556702766 -12.06984764718918 30.452237661028015 2 2 0 1.2157465088434991 22 1274 23 1338 24 1316 25 1335 26 1374 27 1376 28 1362 29 1372 30 1369 31 958 18 895 14 829 13 871 17 825 19 823 20 851 15 852 16 822 12 824 14 814 16 806 19 807 5 823 4 833 10 842 8 822 9 820 7 841 6 816 2 746 11 816 11 829 1 703
1804 5.2817661544451786 -9.6513261484569828 29.309400203088533 58 12 23 2.1742726625247544 22 1330 24 1376 25 1393 26 1432 28 1422 29 1429 31 1000 14 837 13 887 17 847 19 840 20 863 15 868 16 840 12 858 4 846 7 853 3 795 2 747 4 834 7 842 6 817 9 821 10 843
1805 3.344109181087493 -1.9101680531205603 11.420618774893439 56 49 85 0.91595892086178687 30 68 21 63 26 449 29 459 23 431
1806 3.2481754928589099 -1.7809793022577844 11.539125313083638 171 164 204 1.0720768488970418 22 425 23 454 25 454 26 476 28 429 21 83
1808 3.3551289887210611 -1.6649010506244128 11.701626887404892 141 126 178 0.81008349200885299 25 100 21 101 24 119 29 117
1815 3.5077964042693304 -1.3513974341446817 11.956443354503683 50 55 89 0.45848129217726635 30 503 21 165
1818 4.5313586212639541 3.3695474837057851 38.641209858010832 44 43 49 0.53445788474535516 22 558 23 227 25 230 26 237 27 231 28 197 29 241 30 221 36 78 21 268 24 239
1819 3.0868094898662233 6.2191955685551354 36.725276968680731 25 22 40 0.4209827322840512 22 292 26 320 27 297 28 258 29 311 21 364
1820 -0.00437903837789177 6.3847729675913589 36.173504662498225 60 52 60 0.61268301092421096 22 295 25 311 27 688 21 365
1830 3.0845004864452488 -1.81175504139734 11.413856417014065 93 93 149 2.5148053552666689 24 448 27 428 21 507
1831 3.4427445210657561 -1.8120278821002058 11.366659400800252 95 54 95 0.69782145881225488 22 418 28 425 29 76 30 428 21 510 23 80 27 84
1833 3.3566372866758911 -1.714735234404416 11.515325535659111 150 130 181 0.83675375492825244 22 428 23 773 24 774 25 786 27 790 28 787 29 790 30 787 21 529
1834 3.2629623983587788 -1.7083203962792648 11.529479418791512 170 160 211 1.5730906286786848 25 464 26 484 21 530 27 789
1835 3.3139325778055695 -1.6988676722862488 11.634147745663601 90 81 137 1.3096851635665727 25 790 28 789 21 533
1837 3.3934799554187607 -1.5923052004190619 11.710391319546359 149 131 178 0.88578938766905913 28 465 29 798 21 546 22 446 24 134 30 121 25 110 26 120 29 132 27 121
1838 3.4511687336267056 -1.5794314856018046 11.630170791399133 60 23 54 0.6750960947364989 22 442 29 127 30 466 21 548 24 131 30 119
1839 3.4723893185481169 -1.5302450077643457 11.626977897194793 74 65 109 0.91286082329442741 22 131 21 555 23 126 27 122
1840 3.546795665946898 -1.4946343671666498 11.59310546448808 114 57 88 0.97816167778761232 30 802 21 559 22 132 25 114 28 472 29 520 23 127 24 495
1841 3.2875995261102844 -1.4898361703102592 11.705010290543365 168 166 213 1.1240334999065444 24 498 21 564
1846 3.434483075392738 -1.3772803478942677 11.9511040093993 137 134 168 0.61177327355541444 23 802 24 528 25 522 26 535 27 505 28 504 29 543 21 586 22 159 23 157
1848 3.4627284870107413 -1.3193015466822913 12.002063069371189 4 2 15 0.39889783633525749 28 507 29 815 30 505 21 592 29 163
1851 -2.5713323816958655 6.8568702033973423 38.099843398249895 89 76 93 0.45134352365256486 28 678 34 83 40 118 21 769
1852 4.8429670351552954 6.0766278979707025 36.433100888137233 34 33 39 0.53591076519172276 22 633 23 687 24 311 25 681 26 694 28 674 30 674 21 771 27 684 29 979
1853 4.8429670351552971 6.076627897970706 36.433100888137254 34 33 39 0.53591076519173586 22 632 23 686 24 312 25 682 26 693 27 683 28 673 30 675 21 772 29 980
1854 -3.8001296294899567 7.1238519374915823 39.590926989461892 82 75 93 1.0053551757389581 32 297 34 85 39 110 21 773 33 321 38 596 31 545 34 527
1861 -2.9360642169284099 -9.9352839917189275 28.902728218831431 190 178 200 0.73372952279153869 28 763 31 396 32 392 33 410 34 386 35 395 36 428 37 424 38 413 39 394 40 433 22 697 23 751 25 762 26 776 27 765 30 765 18 550 14 480 13 510 17 500 19 477 20 508 15 499 16 482 12 516 5 472 4 515 10 614 5 587 8 474 8 602 9 593 7 480 6 472 3 455 2 437 11 498
1862 3.5101416754913779 -1.788408601439208 11.250712377513876 80 29 56 0.70377063150825725 28 771 29 477 21 852 22 415 24 441 25 445 30 420 26 69
1863 -3.4990436330438479 -8.6044302633804115 28.38525311871981 42 24 43 1.0704643661249158 24 472 26 488 27 454 28 447 29 502 30 452 34 672 35 713 36 749 38 754 39 715 32 682 33 717 37 754 23 472 25 92 18 595 14 526 13 554 17 363 19 519 20 357 15 371 16 527 12 375 4 542 11 375 1 270
1865 3.0478961734801286 -1.5279717968185538 11.648816195428019 98 100 156 3.3958889688463563 27 798 21 900
1866 3.2797606840717077 -1.4329112879745938 11.740999189563857 165 163 202 0.95241869057164252 23 792 24 793 29 808 30 486 21 910 26 814 28 812
1869 1.0498115879005971 2.4993379363153685 41.457547023809205 53 51 67 0.7065405511176891 39 246 21 972 36 538
1870 4.7133032229862426 4.0916655442358802 36.182008917781054 10 5 9 0.84914299897793633 22 850 24 642 26 630 27 933 28 936 30 931 21 1017 29 639
1871 4.210693035461385 4.9464811230280414 36.71412044435683 43 37 39 0.43666272604442996 22 600 24 656 27 635 29 651 30 633 21 1029 26 650 28 633
1872 -3.7325517486634467 6.0297600379507736 39.950311277147371 59 56 76 0.71093407083586957 31 300 38 96 40 316 21 1035 36 299 37 307 35 93 32 91 39 92
1873 4.9416841334167154 5.6704789625289003 36.455908732605387 23 22 31 0.47412671513131188 22 883 23 926 24 923 25 945 26 961 27 963 28 974 29 974 30 963 21 1051
1874 4.9416841334167154 5.6704789625289003 36.455908732605387 23 22 31 0.47412671513131188 22 882 23 925 24 922 25 944 26 960 27 964 28 973 29 975 30 962 21 1052
1876 3.3446060394386161 -1.9360098802740673 11.259162849509901 89 84 141 0.72069448343532339 28 1145 21 1084 27 1147
1878 3.3653107954649806 -1.4957297071019187 11.903876125544388 11 6 34 0.64884969864841824 28 1027 21 1098
1881 4.6581153613945734 5.2918084894483295 36.330492741034973 27 27 28 0.53780782697905438 22 1027 23 1090 24 1080 25 1106 26 1131 27 959 28 1123 30 1110 21 1193 29 962
1885 3.3456532538102048 -1.614579697556902 11.698080259333652 140 128 176 1.1203568234489605 25 1127 21 1224
1886 3.5196981155102876 -1.5618343012078943 11.606836809722131 34 3 18 0.37329766809038761 25 1130 26 1157 28 1152 29 1166 30 1149 21 1226 22 1186
1892 4.4414506652481931 5.04446551515663 36.399517180536328 5 0 3 0.75350214961991901 22 1145 23 1209 24 1192 25 1217 26 1237 27 1236 28 1238 29 1245 30 1230 21 1304
1897 1.9206021765992165 -0.81171041082061635 45.601766937235077 30 29 43 0.062018378369740834 32 929 21 1395
1898 -5.1659258002167627 -11.628243674097995 29.221496076562079 150 138 156 0.86981878859176165 26 1338 33 1025 36 1057 37 1052 38 1059 39 1032 28 1322 29 1330 18 850 14 779 13 817 17 779 19 775 20 806 15 803 16 774 12 788 5 752 4 768 10 773 8 749 9 744 7 764 6 745 3 723 2 688 11 781
1901 3.5053647156493639 -1.7408428336122812 11.470573654614112 76 24 44 0.6754936141800657 22 1304 26 1407 28 1366 29 1405 21 1471 23 1341
1904 -0.31990128606809559 -0.53039770580587609 43.76069101449044 14 12 30 0.74127798371496434 22 177 23 180 26 184 27 174 28 149 21 184 29 186 30 176 14 416 15 203 12 210 9 220 11 427
1905 -0.33902188982544634 -0.53139401650844587 43.751148473959326 14 12 30 0.77715893325192753 27 173 21 185 22 176 23 179 24 192 25 170 26 185 28 148 29 185 14 415 13 446 17 200 19 405 15 204 12 209 5 219 4 263 10 228 8 228 9 219 7 216 6 224 11 426
1906 1.0029733217039947 -0.39557355963847141 44.365886414002517 9 11 23 0.70836135806671086 24 194 27 181 28 156 29 193 30 183 23 556 26 193 18 457 14 188 13 449 17 202 20 426 15 209 16 191 12 216
1907 2.2139354286152448 -0.63063036439219933 44.250488797634311 18 17 33 0.59650988175236686 26 189 21 189 18 219 19 172 6 231
1908 4.4884901632149816 -0.70892822030068581 43.61416132166417 5 2 10 0.94237017533496048 23 181 25 172 26 186 28 151 30 180 21 193 24 563 14 419 13 447 17 428 20 422 15 433 16 412 9 226 4 265 6 233 11 228
1909 4.4832057918787962 -0.71115758177889765 43.685724905499214 5 2 10 0.79318080004464941 22 179 23 182 28 150 21 194 24 562 26 187 27 540 29 568 30 179 18 456 14 420 13 448 17 427 19 406 20 423 15 434 16 411 5 222 4 264 10 432 9 225 7 409 6 232
1910 -0.31825530344863473 -0.13601984243308102 43.627181818546866 9 8 18 0.56064149978447031 22 187 24 197 25 178 27 182 29 195 21 195 23 560 26 569 28 540 30 535 18 227 14 191 17 208 16 196
1911 0.70366335528380164 0.72633880934413486 48.840978392357677 56 52 66 0.85578497365076589 25 186 26 200 28 163 21 202 23 563
1912 0.8628897046433901 1.5769554053510821 45.866336127715421 67 51 53 0.50050462418342456 24 578 25 567 30 542 21 209 28 880 29 882 27 878 22 801
1913 0.84867702942663059 1.5955611660987692 46.283692808355447 67 51 53 0.49280393512946957 25 568 21 210 24 577 30 543
1914 3.2461611059750148 1.5750522249616294 41.006848910750136 16 8 16 0.99317023774884772 23 198 24 208 25 192 21 211 26 579 27 881 28 881 22 802 30 1065 28 1066
1915 2.9904157098541932 2.0236742669944476 42.507060768340033 48 46 64 0.53833613920787571 24 585 25 574 27 199 29 212 30 198 21 220 22 530
1916 2.3155815036486711 2.2011077592933446 44.29231523191433 25 18 28 0.69096516284835618 22 207 24 215 25 204 21 223 28 564
1917 2.1665114964871801 2.3060809322184617 43.932454577142799 69 67 78 0.74623539180551612 22 210 26 211 21 225
1918 2.1613493624731785 2.3077903406983684 43.960736685924374 69 67 78 0.43504305788896724 26 210 28 176 30 200 21 226 25 205 29 216 22 211 23 207
1919 1.9575871188967251 2.4135203816026713 44.485912999828308 8 8 20 0.66503546586043039 23 209 27 205 30 203 21 227 26 594 22 536
1920 3.2242569590442778 2.3644098258905601 41.448992973783398 71 66 83 0.998938169098054 25 209 26 216 28 571 29 220 21 230 22 212 24 219 30 569 27 569 26 215
1921 0.68825157285496674 3.0889728027047294 42.430916096023374 51 50 59 0.38104711631405935 22 216 25 215 29 595 30 209 21 242 23 593 24 597 28 576
1922 3.4036064305735545 2.7473501174121413 39.979011463424435 69 56 67 0.30459150799335999 22 214 24 221 25 213 27 214 28 182 29 224 30 205 21 245
1923 3.4036064305735545 2.7473501174121413 39.979011463424435 69 56 67 0.30459150799335999 22 215 24 222 25 214 27 213 28 181 29 225 30 206 21 246
1924 4.4822761145586156 2.6477398518595048 38.666468565025198 6 3 10 0.29765211918522666 27 210 21 247 26 222
1925 2.0476040189103362 3.1366434145920161 42.4673114889993 35 32 43 1.5287721069651969 23 222 27 224 21 248 24 227 22 223 29 227 23 221 27 222 28 581
1926 4.4974689348491772 2.6076391467888254 37.047705649136368 7 6 13 1.5788772225287877 23 591 27 215 21 249 25 882 30 885 24 594
1927 3.0682346166031826 3.1038919265629126 40.574106028413894 23 13 24 0.50224612470871921 22 225 24 231 25 220 26 228 28 582 29 229 21 251 27 579 30 211
1928 4.9795586271922598 2.9928369985431456 37.82277420870647 33 34 46 0.68996470766957652 22 226 24 605 26 229 28 189 29 605 21 257 25 598 27 581 30 212
1929 -1.0634845436456781 3.6855709390957534 40.60678011515877 15 13 26 1.3927732347788733 22 230 24 237 25 227 26 232 29 232 21 259 30 586 27 592 29 616 23 612
1930 3.9534785746263776 3.2571467406987784 38.721679372089199 44 36 39 0.28081591176690301 23 224 24 233 29 236 21 260
1931 0.27390493511449915 3.6702266144558058 39.329995951947119 54 49 56 0.36436881113631164 23 232 24 241 26 238 30 224 21 264 27 595
1932 3.3641328930689869 3.5093885731533772 38.802174671064918 45 46 52 0.43188001035246276 24 242 26 241 21 267
1933 2.0169306347531357 4.0304821223893281 41.431000934802739 72 52 54 0.26904513183436929 22 241 23 242 24 626 27 243 28 207 29 256 21 274 25 614
1934 2.4785920377844803 3.9993628628621076 39.889559096436798 17 17 22 0.29343045853767286 26 621 27 245 29 268 21 283 24 628
1935 3.4293187581422329 3.8771532413211305 39.23553077271314 39 36 47 0.30096232393621752 22 243 26 248 21 284
1936 0.36267762887155325 4.0245390558335323 38.781095633313321 31 16 14 0.30118620569031351 22 242 23 244 26 250 27 244 28 209 29 262 30 235 21 285
1937 0.34505361212490709 4.6937521769262576 38.207346901627268 58 43 45 0.36567749120468424 25 257 30 248 21 301
1938 0.34505361212490709 4.6937521769262576 38.207346901627268 58 43 45 0.36567749120468424 25 256 30 247 21 302
1939 3.0807515335024589 4.680334188570046 38.849058999743477 9 9 14 0.39133283703974731 22 262 27 258 30 255 21 306
1940 3.7808745307763374 4.5040717313528154 37.61947394351904 44 38 38 0.41379560381070296 22 590 25 261 26 268 28 220 29 281 30 251 21 309
1941 3.782919176583651 4.5038119398260354 37.617175006809205 44 38 38 0.43277451066132305 25 260 26 269 28 221 29 280 30 252 21 310
1942 -0.28099352861631932 4.9155267763040698 37.745423544025307 87 85 98 0.44459112879426294 22 593 24 270 26 271 27 262 28 230 29 289 30 261 21 315
1943 -0.28898683392701785 4.9323476076377419 37.855513450413717 87 85 98 0.4507019452772934 24 269 26 272 27 261 29 290 21 316 22 594
1944 3.1655447298853634 4.9697048484300064 38.712590529755708 39 33 59 0.57670996371423289 24 274 26 279 30 265 21 319 23 265
1945 0.047105228769810714 5.060034142669787 37.413398437612642 43 30 50 0.48519415519727327 24 275 26 280 27 266 21 321
1946 1.5212423446120773 5.2289267349254356 38.96272367613647 31 26 52 0.33306803127977647 25 269 26 285 21 323 27 269 30 267
1947 1.5166753156167443 5.2354566128506983 39.008161375346639 31 26 52 0.20199276552436829 26 284 27 270 21 324
1948 -3.9806931047965346 5.9371324559602909 40.430404655088537 43 44 64 0.5363468121456213 25 280 21 327 23 651 30 637
1949 2.0673285200949958 5.5558321422957704 39.227987806152647 52 53 75 0.32793461570905047 25 281 27 282 28 639 21 329 22 610 23 653 24 665 26 654
1950 6.3402306874264802 5.1606583783984981 37.500454065166451 63 66 75 0.94108583971250181 24 287 25 282 26 299 27 283 28 241 21 331 22 611 23 655
1951 2.1437539290814427 5.6379734881193118 38.39118522038742 43 44 60 0.18877686497893981 22 275 23 662 29 663 30 280 21 337
1952 2.6297602218282301 5.8088648543619996 36.997315680959616 13 9 21 1.0236950364226189 23 671 28 247 29 667 21 345 22 278
1953 1.6265600170655286 6.0845191512818761 37.794721972215136 28 20 35 0.38140777778925739 22 283 23 285 28 250 30 281 21 347
1954 1.6053257836869492 6.1657670727277019 38.247286122795174 28 20 35 0.5058688125538866 23 286 24 303 25 305 27 292 30 282 21 348
1955 -0.80506114324609512 6.1153678299111647 36.670600195438453 18 19 42 0.45703681979829475 25 671 21 352 24 300
1956 -2.179243895101787 6.5268149189985349 38.453237509611853 74 70 89 1.0027271879321984 23 288 24 306 29 305 21 353 26 313
1957 3.4295895890577444 5.8493998110460286 36.184754588454794 38 32 43 0.43266751357861011 30 283 21 357
1958 -2.0221552090583965 6.661121315390786 37.918335591683338 106 97 132 0.73353408458570946 22 293 23 293 24 314 30 289 21 360
1959 3.0119754308015265 6.354958070149511 36.87830132831705 80 76 98 0.37325425759275577 25 315 26 323 21 368
1960 -0.73041372134334503 6.7413331774433791 36.862375847372341 29 27 51 0.40719609058848172 25 689 29 696 21 374
1961 3.4181597304924622 6.3891529815796737 36.052500493068734 20 17 38 0.35021986075557771 25 323 27 303 28 267 21 377 24 323
1962 3.4178448146455778 6.4108161533008037 36.160487492785521 20 17 38 0.25944388313471395 25 322 27 304 28 266 21 378
1963 3.2504746735858463 -1.8163469840851032 11.410867452117639 100 95 143 0.91167907651428948 27 774 21 509 22 712
1964 -3.0229745861562836 0.948939259633517 41.655950267078886 36 36 49 0.98408433075062585 25 561 28 545 21 612 14 199 17 434 19 419
1965 1.7499176782080541 1.2225426475673962 42.590154710359748 14 12 24 1.165142859097055 22 195 24 203 25 187 26 201 27 189 28 547 29 201 21 614 23 195 16 203
1966 5.8036589011739537 0.90833906833402445 39.128618461731897 22 20 30 0.49343474621898542 29 200 21 617 30 537
1967 2.0221507279021371 1.41343879737828 45.631322812588692 17 13 20 0.45108728887414173 24 205 27 549 21 622
1968 -3.0666937708433428 1.8616023662946692 41.871635282936836 44 19 41 0.66900615526096718 23 566 26 577 27 552 28 554 30 874 21 625
1969 -4.1458219940800847 2.0871940724635847 42.967561847095929 18 17 29 1.1228928109871126 23 205 24 579 21 627
1970 3.9508411059876987 1.5029316831947086 40.170150180829417 49 43 47 0.55819834930435885 22 522 23 565 24 576 25 871 26 576 27 191 28 552 29 574 30 544 21 629
1971 0.38425217982220222 1.8873687993687309 42.864619008615428 59 56 73 0.51744345636016553 27 557 21 634 29 884 26 887 28 882
1972 1.9080596258344145 1.9106561642516295 45.147928407804308 49 43 53 0.61993958175985109 22 528 25 200 26 585 28 170 29 208 21 636 30 556
1973 3.5582925869101758 1.6712625330541853 41.327809796113627 52 47 57 0.49288730861701746 23 200 25 195 26 203 30 549 21 638
1974 5.2660926600369926 1.7081300881432016 39.287687281080181 16 3 10 0.23439520738804992 28 169 29 207 30 551 21 641
1975 1.6613416259335978 2.3873816768536384 44.87924224759869 12 11 25 0.62926046483943698 23 586 24 590 25 580 26 593 27 567 29 219 30 568 21 644 28 893
1976 2.6681832473152478 2.3686876185737304 42.621937190930474 56 48 64 0.53284768333050903 23 210 24 218 25 208 26 214 29 586 30 880 21 645
1977 3.0201108995268604 2.5862764396751214 41.644951566337838 69 56 70 0.4247336018466733 22 540 23 213 24 592 25 211 26 219 27 572 28 573 29 588 30 570 21 646
1978 2.5288278587512947 2.8479958681842894 41.705534755231255 40 39 45 0.5583346469107292 23 214 25 587 27 209 21 648
1979 -0.221640373552834 2.9990974567469939 39.336413813780652 45 42 52 0.35797663252733708 23 217 27 574 30 207 21 652
1980 4.1833983836387807 2.7005098324683732 38.91460617826921 70 63 74 0.546352465612296 24 860 27 893 21 655
1981 1.1197774370276716 3.6939397815648656 41.779170340537995 56 50 54 0.37684406984460084 22 233 23 231 24 240 25 604 26 235 28 591 29 242 30 587 21 667 27 593
1982 1.605521510457371 3.7911588888241594 42.503756841108675 10 9 26 0.41939644177149854 23 235 24 243 27 235 21 670
1983 4.7561169831114283 3.1748556039414084 37.704967602115573 33 33 45 0.39426307036261099 22 553 28 586 21 671 30 900
1984 4.7511769038814977 3.171713387991558 37.673543937544807 33 33 45 0.40065645108249182 22 552 23 608 28 587 30 901 21 672
1985 4.9403807177198349 3.1512583400122991 37.532237526846394 8 10 24 0.58872573989054078 24 236 26 230 27 586 29 234 30 213 21 673
1986 3.5003046886173754 3.4360757307170142 38.934816522870342 14 11 22 0.44090410639284522 28 196 29 239 30 588 21 675 23 230
1987 4.4209074094036769 3.4710050715868204 37.812238561516679 7 4 13 0.34842176371393668 28 595 29 623 21 679
1988 0.44463079653063081 4.0113497521938291 40.149470963143351 41 38 46 0.45884735799116227 23 621 26 615 27 242 29 628 30 599 21 681
1989 1.4609581198092247 4.125824747291083 40.886243161549075 19 13 14 0.3550334982444544 22 573 23 627 24 632 25 620 27 610 28 606 30 604 21 687
1990 1.2533825130174034 4.2231364447743207 40.645830443530535 39 35 40 0.39668245387272855 22 577 23 630 24 637 25 622 28 612 29 632 21 692
1991 2.4680692097870391 4.2724701977571993 41.001387038383847 65 64 74 0.33979796993387595 22 251 23 249 24 639 27 617 28 614 30 611 21 695
1992 6.3493474525508766 3.8476560081094471 38.970802779262684 5 4 14 0.69763247346159174 22 246 23 629 24 634 25 623 26 626 27 612 28 610 29 925 30 606 21 696
1993 -15.491870604408504 6.1566529826007059 43.933697728479629 255 251 255 2.002789249882964 30 625 21 701
1994 4.149292694998965 4.2268142051246471 37.286016557243236 8 10 22 0.44377496081440909 25 251 27 252 21 703
1995 -4.3106267911609599 5.159006030864723 39.837053258940315 37 41 53 0.44217589500826998 30 624 21 708 22 263 25 262
1996 -1.1440196257335109 4.848298553277119 38.659711797213788 34 21 26 0.3495110768537697 25 635 26 264 28 619 21 709
1997 1.5122535529522889 4.8364423162924126 39.601659579855323 61 58 75 0.43497469445621501 22 260 28 622 30 258 21 710 25 639
1998 1.5065590334000443 4.8421575346410517 39.643099382089559 61 58 75 0.42792908643476785 22 261 23 643 28 621 30 257 21 711 25 638
1999 6.7000078444141566 4.6554101634724008 40.403167813332317 12 8 25 1.3140268457101083 22 265 27 256 21 712 23 261 25 643
2000 6.909951219785448 4.853130390959433 41.923750839661423 12 8 25 1.2903186211095852 24 648 21 713 25 642 29 288 27 263 26 275
2001 -3.4924074396090847 5.3990759784025517 40.213485212442158 46 45 54 0.52361413744221819 22 269 28 233 21 714 26 277
2002 3.6869744189601619 4.6369782505364077 37.484652990896855 11 8 20 0.51142331585538625 22 858 23 644 24 899 25 644 26 642 27 943 28 624 29 644 30 626 21 715
2003 -1.0450734240674053 5.1021896918678911 38.371754061415871 14 15 36 0.46260025470977834 23 649 27 629 28 232 29 292 30 627 21 716
2004 1.1486054916972142 5.4892510009814721 38.442892530637344 39 30 47 0.55951255775817166 22 607 23 277 25 279 26 296 28 637 30 274 21 728 24 284
2005 0.20938920460908456 5.3792737987766204 37.297157723209175 45 33 50 0.48456729921567826 26 293 29 656 30 272 21 730
2006 0.21661344248529749 5.350122136200004 37.123783437598398 45 33 50 0.31998677800358893 29 657 30 273 21 731
2007 0.64043601739135669 5.5759614059415901 38.361808759794329 67 52 62 0.40401231325404963 25 933 30 950 21 733 22 872 24 912 26 953 27 957 28 961
2008 2.8327614144077309 5.6786333761525185 38.024486431403105 15 16 42 0.4843655277979409 22 616 23 665 24 673 25 663 26 662 28 246 30 645 21 742
2009 3.9143806466039872 5.6206357106681804 37.910429715427945 1 3 16 0.39660881841361906 23 666 24 674 25 662 27 654 29 966 30 648 21 744
2010 5.8483711617268517 5.460111645149631 37.085192236285899 21 21 26 0.81673365973821954 23 918 24 675 26 666 28 970 30 649 21 745 27 960
2011 2.7440579568225725 5.9957139546966429 37.840396575521765 50 40 46 0.45392013967918626 22 624 24 684 26 675 27 666 28 660 29 673 30 663 21 752
2012 -1.7201014274597326 6.3344517443722221 38.119060482651804 20 13 28 1.1985432117994392 22 284 23 676 21 753 25 304
2013 0.26942575171933014 6.0018747965091483 36.66093480857095 48 41 48 0.52567803194281593 24 683 26 677 27 664 28 975 29 674 30 964 21 754 22 282
2014 -3.5703151024737152 7.1741785557052751 39.517863909321079 26 21 38 0.48959602819566905 23 690 24 321 26 698 27 692 29 695 21 768 28 982
2015 -1.0735502503932268 6.6637532941780089 37.194016852027978 80 79 96 0.63172441893452769 22 302 23 300 24 694 25 318 26 326 27 302 29 316 21 774
2017 3.8464340593769206 -4.3884779703812233 51.192673874765021 28 11 22 0.83143323988317519 22 768 23 545 24 550 27 528 30 522 26 849 29 556 25 163 18 645 13 610 17 587 14 570 19 568 20 597 15 607 16 575 12 677 13 685 16 647 18 719 11 666
2018 -0.30914868347306246 -0.93789186333324714 43.604195177242275 6 7 12 1.394731130373805 25 548 21 921 3 386
2020 4.5027149046747619 -1.1947720707469358 44.588188346247001 32 31 37 0.73855587796361921 23 828 24 817 25 841 26 552 28 847 29 853 21 924 18 649 14 580 13 620 17 596 19 577 20 605 15 618 16 582 12 612 5 557 26 553 10 578 8 568 9 559 7 577 6 561 3 546 11 590
2021 3.5676572945551559 -0.84884976213293051 44.059227670262892 11 10 19 0.85241837477445948 23 550 24 557 21 929 22 510 25 849 26 560 27 536 28 533 29 864 30 525 18 448 14 412 13 436 17 416 19 581 20 612 15 423 15 432 21 604 16 591 12 436 5 416 4 450 10 585 9 408 7 581 6 569 3 392 11 421
2022 4.1282956936611095 -0.9278434987577161 43.869884606516443 8 7 16 0.85794128344210707 23 832 24 819 25 847 26 555 29 860 30 851 21 930 14 585 20 614 12 617 10 582 8 408 7 399 6 566 3 395 11 597
2023 4.1197369891663378 -0.93080771329622458 43.91532904341301 8 7 16 0.75865290604554425 22 779 23 833 24 818 25 846 27 853 29 859 30 850 21 931 28 532 26 556 18 656 14 584 17 418 19 580 20 613 16 588 12 616 5 561 4 604 10 581 8 409 9 562 7 400 6 567 3 394 11 596
2024 2.6712605853498714 -0.68871052823447954 44.048882020238608 14 11 28 0.84687392806961992 24 561 27 539 30 530 21 933 22 514 26 566 29 567 18 661 14 587 27 864 13 441 17 422 20 420 15 625 16 406 12 440 4 453 10 429 8 414 9 221 7 406 6 403 11 601
2025 1.9672757151364864 -0.54453457344466272 44.203446056321425 38 37 53 0.69281461003611 25 858 26 874 28 868 30 861 21 934 29 872 18 738 14 665 13 706 17 678 19 666 20 697 15 697 16 598 12 691
2026 4.7339566847084082 -0.8908192174888897 44.017065101308262 38 36 50 0.82305614701263807 22 965 23 835 24 822 25 1048 27 1072 28 856 29 1078 21 935 30 1055 18 659 14 660 19 582 20 615 12 438 4 605 10 672 9 642 6 570 3 551 11 598
2028 5.016098101897696 -0.84837475130774709 44.283733493040245 9 7 21 1.1925849931512922 23 840 24 560 25 553 26 563 27 862 28 863 29 866 30 857 21 940 16 402 15 202 12 439 4 260 10 225 9 410 6 404 10 434 3 396 11 428
2029 4.7109795168194832 -0.59738917158023208 43.335301641509467 36 34 43 0.71156132025904439 23 845 24 834 25 860 26 876 27 869 28 870 29 874 30 863 21 946 18 673 13 637 17 614 19 591 12 628
2030 4.7178588854398935 -0.60455311813200419 43.327636516171452 36 34 43 0.95578566221393779 23 846 25 859 26 875 27 868 28 871 29 873 30 862 21 947 24 833 18 672 14 596 13 636 17 613 19 590 12 629 10 438 6 411 11 607
2031 6.0822954696225411 -0.35303283722475931 41.124418778592705 5 0 6 0.91321054935235646 23 1031 24 836 25 862 26 878 30 865 21 948 25 1050 26 1065
2032 0.54625918730710765 0.5594433112136723 48.353086385518793 8 8 13 0.75804409311478893 25 562 28 546 21 953 22 796 24 839 26 573 27 875 29 880 30 869 26 883
2033 -3.1997714066450844 1.6493672007337223 42.745372696321404 60 45 54 0.55606425073637911 22 519 24 574 25 565 30 540 21 957
2034 2.2443028312367095 1.7897823521077179 44.240226027596954 9 5 15 0.72892217841585527 22 804 27 882 28 884 29 886 30 550 21 959 26 581
2035 5.6035615502237777 1.9888941767513442 39.147047172785541 5 3 8 0.82020670144149677 23 577 24 1031 25 577 26 896 27 887 28 563 29 888 30 563 21 969
2036 3.4230916695878402 2.2702192701840378 41.709046045290172 12 11 17 0.38747343726159417 23 585 25 581 27 568 28 570 29 585 30 567 21 970
2037 -1.287801535298813 2.7854193966120357 40.13854450808337 11 9 20 0.48353228936895004 29 891 30 881 21 974
2038 3.3705682187119295 2.5475313031995128 40.36479401664085 83 74 99 0.43127097131765196 22 817 23 863 24 854 25 881 26 597 27 889 28 894 29 589 30 571 21 975
2039 -4.2794287493462226 3.4001939147096971 41.259034304183295 16 15 23 0.89645331400168005 24 600 21 977 28 186
2040 2.7527330020979601 3.0381018146724332 41.452717137064909 41 37 47 0.52186206834250759 22 546 23 597 24 602 26 600 29 600 30 578 21 978 25 217 27 220
2041 -0.96932056665578414 3.2736903359606355 39.983508397247455 27 15 25 0.70065100465842711 23 598 24 603 25 887 26 907 27 578 28 901 29 601 30 579 21 980 22 224
2042 3.2474728090531695 3.4405961317970131 40.271408089013882 31 22 39 0.51780201098980472 22 557 24 608 26 605 29 613 30 902 21 988
2043 -0.26573868592547362 3.6574415430469922 38.907680161372276 24 15 26 0.46079640424406576 22 829 24 875 26 607 27 594 28 913 29 904 30 905 21 992
2044 -3.0860344677519191 4.4846283307557746 40.819475059942043 97 85 105 0.65621416447124581 22 847 23 632 24 887 25 906 26 628 27 614 28 611 29 923 30 925 21 1001
2045 4.7798580636613561 3.7408347323171496 37.48393090613731 4 2 11 1.1018377266597612 22 572 23 884 24 885 25 904 27 923 28 927 29 919 30 922 21 1004 28 211 27 246
2046 4.7727544163730515 3.7338061130940723 37.418909357783122 4 2 11 0.76133083575301419 22 571 23 885 25 905 27 924 29 920 30 923 21 1005 28 212
2047 -0.09598307183060413 4.0988550952863667 38.063007346804589 103 71 69 0.50769322701250941 22 844 26 624 28 607 29 922 30 605 21 1007 24 253 23 247
2048 5.6169203826081366 3.9507785209483313 37.469299833066657 1 1 8 0.68594725325660966 24 891 26 930 29 635 21 1009
2049 4.4431298185760548 4.1202557906232142 37.995624094782045 1 0 10 0.79853544536723731 22 582 24 893 25 626 29 637 30 929 21 1010 28 213 26 258
2050 -0.55936700783586624 4.9957921286091436 38.410319740400169 20 19 23 0.59728158849938306 22 862 23 901 28 947 21 1023
2051 4.0164826236396038 4.8494480394832946 36.238081563907826 8 5 11 1.1724506232124776 22 868 27 953 28 952 29 947 21 1027 23 904 24 903 25 924
2052 -3.715737532839781 6.1716111186523124 40.309854874655116 59 56 76 0.45818016857078681 22 874 23 913 24 671 25 661 26 955 27 649 28 966 29 961 30 953 21 1034
2053 2.0232692871593496 5.7923927431750881 38.489204358674016 17 16 24 0.64311167869557584 22 617 24 292 26 664 27 652 30 646 21 1039 25 291
2054 3.7224874563974963 5.5006964506713869 37.382089263104319 35 38 55 0.45413118382410689 23 914 24 914 25 935 28 968 29 963 30 954 21 1040 22 615 27 651 26 303
2055 2.1821240972970664 5.9026451899412802 38.250665228352879 54 55 73 0.41349267039250259 24 920 26 667 21 1048 28 652
2056 -3.243641992772317 6.4273510647891152 39.23710958802684 50 41 44 0.51035171718982797 22 622 25 943 27 660 30 660 21 1049
2057 2.8768422491057679 6.0143451883894361 37.135223096905861 18 14 19 0.48409037767896151 22 627 25 673 26 683 27 670 28 662 29 976 30 667 21 1053 23 677
2058 1.5123257413296309 6.2261171832624544 37.75245492735398 76 63 71 0.31134330565890628 26 686 27 966 29 977 21 1054 24 308
2059 -0.44632323845679622 7.1319161272491822 37.848040938156473 55 61 90 1.1083885580034289 22 895 21 1061 25 963
2061 -4.7489230932280355 -3.5944258165126093 49.780683940007883 151 123 159 0.074623352867052101 21 1110 5 620
2062 5.6375997024412818 -1.375481639998551 45.205498097390496 3 2 8 0.92931691581011744 23 827 25 1044 29 1072 21 1123 18 728 14 579 13 697 19 575 19 656 20 685 16 659 10 666 8 564 8 649 7 664 11 587
2063 5.6183328635821699 -1.3786973215567624 45.149722623374274 3 2 8 0.81349269070349706 25 1043 29 1071 21 1124 22 774 23 826 24 1015 26 859 28 844 30 845 18 727 14 578 13 696 19 574 19 655 20 684 16 658 12 610 4 598 10 665 8 563 8 648 9 638 7 663 6 650 3 543 3 626 2 597 11 588
2064 6.7115704022024572 -0.4357796770113635 44.344321122138396 23 22 27 0.85180748455423394 22 970 23 1032 25 1051 27 1076 21 1128 24 1024 26 1067 29 1084 30 1061 28 1062 18 743 14 668 13 710 17 680 19 669 20 701 15 701 16 668 12 692
2065 6.7214558890067391 -0.3823612306001643 44.252431975107584 23 22 27 1.3730964353457056 25 1052 30 1062 21 1129 15 702
2066 -0.12686073645037066 1.7694155525302304 40.967800778733164 14 13 25 0.41129541832871191 22 803 26 1070 27 1081 21 1136 25 872 28 1068
2067 2.947948986849279 2.8106850224544124 41.270011294984847 16 5 14 0.15044256356920452 26 1078 28 1076 29 1097 30 1071 21 1143
2068 2.1023845058853152 3.3170393162079321 42.028893772077083 15 9 17 0.55772039724075417 24 866 25 889 26 908 27 903 28 904 29 899 30 895 21 1146
2069 4.0014988763383643 3.1353905444962935 38.446997878460884 41 31 35 0.39512243490731908 22 988 24 1037 26 1081 27 1094 28 1080 30 1072 21 1147
2070 0.66611902940427314 3.8598477050046065 40.761093978405583 12 10 18 0.34727135765855693 23 1056 26 1087 27 1098 30 1076 21 1148
2071 5.6750355178734395 3.3631789133045249 37.329528078237281 4 3 8 0.63186625886258208 22 990 23 1054 24 1041 25 1192 26 1211 27 1097 28 1085 29 1102 30 1203 21 1152
2072 -1.9699686481633369 5.1552001887505963 39.063704433043782 9 13 31 0.52111560323020123 24 1067 25 1092 26 1110 27 1120 21 1172
2073 5.9273386250666755 5.1113995735915188 37.021911612371674 24 28 40 0.96902693813887486 22 1022 23 1085 24 1075 25 1103 26 1125 27 1125 28 1119 29 1129 21 1188 30 1231
2074 1.0634327244688559 5.613771882063693 38.059391742509469 75 53 57 0.20865206338779996 25 1105 26 954 27 958 28 965 29 960 21 1189 30 642
2075 -3.4644817530549843 6.2825224088394158 39.291864479326556 26 18 27 0.79647170489549957 22 881 26 1139 28 1129 29 1137 30 1117 21 1190 27 961 25 665
2076 1.6689279940498136 5.8741231762543489 38.583301390669462 7 7 20 0.38302289781116228 23 921 25 938 26 1136 27 1132 28 971 29 968 21 1196
2077 3.1706621565183455 5.6957145762777728 37.035266915157045 29 23 31 0.86635641684360121 28 1130 29 970 30 1116 21 1199
2078 -3.0911773210993596 -0.42616785458202178 42.822321544453892 39 44 72 0.94446636275204765 23 1163 27 1193 29 1205 30 1057 21 1257
2079 0.32033787827523202 -0.4921006987571262 44.286443639920776 3 2 10 0.67022376916431003 23 1167 24 1156 25 1174 26 1196 27 1196 28 1201 29 1209 30 1187 21 1258 18 804 14 734 13 775 17 731 19 728 20 754 15 757 16 728 12 749 11 744
2080 5.6365880071926284 -0.81601505282760878 44.542481471754094 3 0 6 0.78002378369416825 22 967 24 1022 26 1063 30 1058 21 1260 23 1029 27 1074 28 1056 29 1082 18 737 14 662 13 704 17 677 19 663 20 694 16 666 12 687 7 674 8 656 9 645 10 675 6 656
2081 0.53485672612549828 0.92850229531274331 47.862881847648161 57 51 78 0.56002498127956568 24 1159 25 1176 27 1077 30 1189 21 1262
2082 -3.9323223810382668 1.9015968509665844 41.635506643727702 14 16 26 1.2355373328749968 24 1161 29 1213 21 1265 30 875
2083 2.4927840873663936 1.731344257248667 43.690293522950448 10 8 20 0.90051456915098027 22 1109 23 1171 24 1164 25 1182 26 1203 27 1082 28 1207 29 1216 30 1193 21 1268
2084 1.6178311062822992 3.2864864049071136 42.138166327313883 12 13 18 0.3593345527292704 25 1185 26 1209 27 1205 28 1211 21 1278
2085 -2.8095618893785876 3.7829925884819362 41.516157031907213 58 54 71 0.81488227191502949 25 1187 28 1213 21 1279
2086 5.2913424276110703 3.7206140841449251 37.507424911329295 2 1 5 0.56186811687914218 22 1118 23 1189 24 1175 25 1194 26 1215 27 1211 28 1217 29 1225 30 1207 21 1285
2087 1.0870510091564964 4.4015861401125367 40.195115012042962 13 8 12 0.47216615090469033 24 1177 28 1220 29 1229 21 1288
2088 -0.41774305193735739 4.4845155744039973 38.050344171746111 23 19 30 0.50264255162230775 22 1008 23 1070 24 1062 25 1199 26 1105 27 1115 28 1102 29 1117 30 1092 21 1289
2089 -0.41774305193735739 4.4845155744039973 38.050344171746111 23 19 30 0.50264255162230775 22 1007 23 1071 24 1063 25 1198 26 1106 27 1116 28 1103 29 1118 30 1093 21 1290
2090 -4.8771269124032814 7.0771593311616847 40.658612573255141 19 19 31 0.55331052175996109 27 1239 21 1305 28 1242 29 1248 30 1236
2091 0.29189063104610957 6.2567841931251209 37.075241603377897 14 11 20 0.91595819727218142 29 1140 21 1307 22 885 24 925 25 947 26 963 27 967 28 976 30 966
2092 3.2452616499722073 -2.165882917612747 11.079002925495805 108 105 149 1.3711954223297291 27 1264 21 1325 23 1228 25 1236 30 1258
2094 4.0709446288165871 4.405587485695289 37.330914496714612 8 7 16 0.40358595882900372 22 1220 23 1277 24 1265 25 1282 26 1324 27 1329 28 1306 29 1319 30 1309 21 1405
2095 -4.5690173726754377 6.5855154687750623 39.933758987125444 20 17 26 0.39077125686562486 22 1226 23 1284 25 1288 21 1411 26 1326 27 1334 28 1311 29 1323 30 1315
2096 -0.97680870270398146 6.4761510770911839 37.5638350304894 23 21 32 0.36074504456033007 24 1276 25 1291 26 1331 28 1315 21 1412
2097 2.0439628124483158 0.71222097676662321 46.807039756460625 7 7 9 0.84856469447310356 22 1260 23 1317 24 1257 25 1318 26 1354 27 1361 28 1347 29 1358 30 1349 21 1442
2098 -2.9382720558993505 3.2700522653184025 38.014887852989553 14 11 20 1.9341786238859111 27 1398 28 1383 29 1393 30 1388 21 1447 26 1425 25 1387 23 1383 24 1367 22 1323
2099 5.9289659347734887 4.0919402175636606 37.24599588037352 5 4 9 0.54624702938483849 23 1275 26 1321 27 1326 28 1304 29 1317 30 1305 21 1452
2100 -0.54560433609850612 4.7404739159606946 38.509008118936492 17 17 29 0.41665634978804067 23 1328 29 1362 30 1357 21 1454
2101 -1.2797233901472838 3.9447767174672239 38.207618510672077 13 12 18 0.51926949567323011 24 1369 29 1422 21 1480 28 1413
2102 -0.39517846118842115 6.0941734584911407 37.180925130867742 74 62 96 0.53872136832842543 22 1302 23 1367 24 1347 25 1370 26 1404 27 1408 28 1394 29 1402 30 1397 21 1493
2103 -21.169985764952926 2.9702446809018594 53.389040173618277 197 180 225 0.9696980822985749 29 1090 21 1527 27 1201
2104 0.96031647369023088 3.5576221363374074 39.977553828841408 17 15 26 1.196340864181175 22 1357 23 1418 24 1409 25 1420 27 1469 28 1450 29 1458 30 1450 21 1534
2105 3.3797494957591603 -1.7208450937502242 11.418955053506496 97 48 91 0.59736069810890324 23 455 24 455 28 430 21 89
2106 5.1446203164525164 -7.9217390083796326 28.601816414203711 58 51 78 1.4905953788675141 23 153 27 143 30 142 34 186 37 206 35 209 25 139 14 148 13 404 16 371 10 151 11 171
2107 3.6062097742445856 -1.3479021138384331 11.916054261314247 48 55 94 0.92344947053191095 22 486 23 158 24 530 25 145 26 153 27 507 30 502 21 166
2108 3.5389722138907254 -2.1918644142486445 11.041702173936004 152 144 188 1.0559474951902097 22 14 23 11 24 361 25 7 26 376 27 351 28 317 29 371 21 422 30 17
2109 3.5555604709725093 -2.1414014902146281 11.099447073388786 144 146 196 0.99632477233713634 22 27 23 371 24 374 25 374 26 389 27 362 28 330 29 385 30 339 21 428
2111 3.5084923803150532 -1.9835187970573249 11.232949904313285 139 130 180 1.5946678485402752 23 412 24 47 27 406 21 474 22 55 25 32 30 380 24 48
2112 3.5968097099453784 -1.9898603873569818 11.228119195525352 133 131 177 1.0418035095239728 22 385 23 49 24 415 25 30 26 430 27 405 28 383 29 430 30 381 21 475
2113 3.3043444077513024 -1.8677889187978864 11.393745838827439 146 143 188 0.98178432651960001 23 436 24 435 25 440 26 451 29 466 30 413 21 497 22 710 27 77
2114 3.3922406974010006 -1.8373689391915833 11.351091427693204 162 148 197 0.78351221938810844 22 414 23 443 24 439 25 444 26 457 27 773 28 413 29 473 30 415 21 503
2115 3.3959837039232212 -1.6218865812808654 11.646417280287615 110 50 90 0.84088741374694365 23 113 25 475 26 492 27 465 28 451 29 119 30 113 21 538 22 123
2116 3.5492797908059073 -1.4727819812254255 11.75468834409657 102 43 81 1.1298051903685451 24 506 30 482 21 567 22 142
2117 3.6230733653137257 -1.4125311704698253 11.787778348506604 20 5 34 0.86168596504073869 22 477 23 519 24 796 25 512 26 817 28 815 29 530 30 813 21 575
2119 5.7058365566109002 0.505492021774405 42.162701120872136 29 26 35 0.70053795746914915 24 572 27 544 21 613 25 868 26 884 28 875 30 871 29 1086 13 455 17 681 19 593
2120 2.1614002636519949 5.9768956706326666 37.73723695882186 24 23 48 0.29743765677535844 22 281 25 669 26 674 27 663 28 659 29 671 21 751
2121 3.4254857476348812 -2.0444713255252127 11.179715352965678 133 128 180 0.69106999259996815 24 395 25 406 27 386 30 741 21 808
2122 3.3657313458506635 -2.039161329714104 11.185402191465423 136 129 183 0.71721917586296668 23 392 24 744 27 745 28 739 29 412 21 810 25 405 26 23 30 41
2124 5.2042893245093858 -8.0957134667609925 28.569933273313449 163 136 162 1.2537964816895955 22 473 23 516 24 510 26 519 27 496 29 529 30 489 32 707 34 694 37 776 39 738 40 743 35 738 36 774 38 772 33 740 25 510 28 484 18 627 14 554 13 590 17 569 19 551 20 575 20 660 15 586 16 554 31 466 12 591 5 521 4 562 10 547 8 528 9 524 7 535 6 524 3 503 2 492 11 398
2126 6.0705059064835609 3.8523463812158321 37.702520033060885 7 6 13 0.76984498723038042 23 1063 24 1054 26 1096 27 1105 28 1097 29 1113 30 1086 21 1165 22 999 25 1079
2127 3.7062124955065991 -1.7736291510171305 11.1814123346036 92 42 55 1.9174580765348674 26 1151 29 1157 21 1217
2129 5.6407293729999743 -0.81790380498440485 44.490004731285431 3 0 6 0.90537110747767835 22 968 23 1030 24 1023 26 1064 27 1075 28 1057 29 1083 30 1059 21 1259 18 736 14 663 13 705 17 676 19 662 20 693 15 695 16 667 12 686 8 657 10 674 9 644 7 673 6 655 11 684
2131 3.4896162510620559 -2.169007685851013 11.099721919149564 101 96 146 0.95615541577598473 22 1238 23 1294 24 1282 25 1298 26 1340 27 1345 28 1325 29 1331 30 1325 21 1422
2133 3.4724204580982585 -1.9163470094791855 11.081338635003366 87 84 134 0.96551350828880411 22 1329 23 1389 24 1374 25 1392 26 1430 27 1433 28 1420 29 1427 30 1422 21 1512
2135 4.5060284536106403 -10.917733242411336 29.837517003130355 107 91 118 0.462784278196679 26 47 18 63 27 414 23 421 30 396 22 62 14 48
2136 2.8183565585341452 -10.404754906261644 29.455834626658334 79 53 72 0.37989934704858358 28 56 18 77 27 66 29 451 22 397 13 79 14 62 17 71 19 290 15 70 16 296 12 72 4 78 10 65 8 75 7 70 6 62 3 73 1 100
2137 2.097827356306706 -10.356559568811807 29.430103328008197 112 97 120 0.4253995512819187 24 60 18 79 14 65 13 78 20 90 15 73 4 79 9 64 7 71 3 74 10 68 6 63 11 89 12 79
2138 -1.9880127969761929 -9.7425517903034784 28.885801569197017 66 58 87 1.0159794601778935 25 64 18 90 16 91
2139 2.6633049396979973 -9.6717684967828053 29.20779765288702 78 61 77 0.79707400429005204 28 78 18 99 23 89 24 90 27 433 30 87 25 75 19 314 15 345
2140 1.6225386535465216 -9.4421702963202012 29.103645428403539 163 151 173 0.5165305025083804 26 80 18 112 15 104 11 121 3 100
2141 4.4123810690892826 -9.3941822861081103 29.441719365614748 100 81 108 0.35176978897198585 30 104 18 118 13 118 17 108
2142 4.1767835210727879 -9.061907866673991 29.180543039027096 119 97 115 0.33887698157669216 26 111 18 127 23 115 24 122 25 103 27 112 28 98 14 347 13 376 19 337 20 124 15 368 16 118 12 134 5 324 10 120 8 328 2 102
2143 5.8759813844269919 -8.1430124955015604 28.560037120874718 37 10 24 1.583652162456767 30 136 18 163 23 145 19 117 15 149 4 397
2144 6.4203766664788953 -8.1847712426792345 28.810224190893564 29 8 23 1.2761654864669743 23 149 27 497 18 165 14 146 4 165 10 145 15 151 8 142 6 132 2 125
2145 -3.2793064981028541 -7.824771293054833 28.393959933333218 33 30 59 1.4067626627077727 24 142 26 133 27 129 35 210 36 218 38 220 40 227 18 166 31 472 11 158
2146 5.6722424325809095 -7.9604058593553306 28.744516704319139 63 56 82 0.94775665998853098 29 154 30 144 18 168 24 166 14 149 17 151 19 127 5 144 4 171 8 146 9 127 3 142
2147 0.39479820222467715 -6.1251389199157895 24.197032684265533 58 43 43 2.542213184640727 27 500 18 174
2148 -0.98346783993372844 -1.365584410354449 45.26974759810382 13 4 9 0.67465451375770902 25 166 18 208 5 406 4 595 8 400 9 202 7 386 11 415
2149 -1.2814967638653891 -0.59813690667903319 44.040572607417374 18 5 12 0.75366681131829805 23 178 18 215 22 512 29 564 30 528 24 559 26 559 10 588 8 411 7 403 6 398
2150 2.2139354286152448 -0.63063036439219933 44.250488797634311 21 14 22 0.59650988175236686 21 188 26 188 18 220 19 173 6 230
2151 -2.5446856927745443 -0.266996312463818 43.426196961348005 52 40 42 0.89464331330302405 23 184 25 173 27 180 29 191 18 224 22 182 17 201 21 191 19 174 20 197 15 208 10 231 9 227
2152 1.6950597591161416 -0.33823209571271912 44.115820073463432 39 32 39 0.79408935118634794 24 196 28 157 29 194 18 225 13 218 17 204
2154 5.2502710760849736 -11.593735304962934 30.300030675748417 139 119 147 1.7431106519928743 22 41 27 37 18 283 14 246 17 264 19 224 19 225 20 251 15 269 16 237 16 242 27 387 12 266 4 307 10 269 8 263 9 260 2 267
2155 4.5320663161951416 -11.196974031141988 29.7249061091394 124 98 120 0.40148241526164968 27 401 18 308 14 268 13 301 28 41 29 42 23 43 26 30 20 467 15 290 16 263 12 290 5 263 4 312 10 273 8 266 9 43 7 257 3 251 2 269 11 292
2156 -15.816720110135279 -28.845017957331983 100.31098356836429 92 71 78 2.1544583221927409 33 484 18 329
2157 -3.9349972744446253 -10.181474664423931 28.82509357633564 181 162 182 0.78712124119970761 27 413 30 397 18 331 22 388 23 417 25 34 26 442 28 392 29 440 14 53 13 327 17 307 19 283 20 290 15 315 16 287 5 470 4 507 10 498 8 472 9 469 7 478 6 466 3 451 2 432 11 487
2158 -3.063589945367696 -9.8695040560138292 28.761424249406744 178 169 194 0.67003752337617595 22 70 24 61 27 68 28 58 29 65 18 340 25 50 23 65 13 338 15 323 16 304 4 345
2159 3.1781012713388819 -10.150210770267092 29.456596551666454 64 48 79 0.83765495337462825 27 425 28 420 18 342 22 416 23 446 24 443 26 464 30 425 25 774 14 493 34 155 35 397 31 400 33 414 37 703 39 664 40 431 32 644 36 699 38 412 13 521 17 509 19 483 20 306 15 512 16 492 12 531
2160 4.5647125612663579 -9.9494947533588007 29.402916127107964 155 111 134 1.0316972064120931 22 90 23 87 27 87 28 427 30 436 18 344 14 311 17 323 19 303 20 312 15 89 16 310 12 344 5 302 9 70 36 16
2161 -3.3615518957383839 -9.3332737236637922 28.568324610418571 115 98 120 0.84180736381033638 22 81 27 85 29 80 30 431 18 357 24 78 25 450 26 467 14 323 13 357 17 334 19 316 20 327 15 343 16 321 12 355 5 482 4 527 10 516 8 486 9 485 7 497 6 484 3 465 2 449 11 349
2162 0.49211425498647687 -8.5075581258412907 28.635416660004147 118 108 137 0.85606141681353332 28 457 18 389 8 335
2163 3.4976937679560143 -1.4704678864725735 11.773008288675264 0 0 0 0.81676980275844635 21 134 24 148 26 134 27 131 29 141 30 132
2164 3.705498397504277 -8.2646710906130672 28.665198550527261 87 67 91 0.57412583099660564 26 131 18 399 23 131 27 128 29 137 25 119
2165 2.6841750796307311 -8.0973850158916587 28.63253207632421 159 138 166 0.65583880036544329 26 136 28 481 18 400 22 141 25 127 29 142
2166 5.9894965752254228 -8.1131075967882644 28.889789585370355 91 85 103 0.99808977649883357 22 153 24 159 26 145 27 137 18 408 23 151 30 137 28 495 29 536 14 371 13 400 17 149 19 120 20 379 15 590 16 365 12 169 5 350 4 402 10 356 9 350 7 330 6 134 3 323 2 131
2167 -4.3693354303084391 -7.6439181681260298 28.167620259878962 120 124 159 0.80585972748737555 37 207 18 410 33 221 38 495 14 366 13 396 17 380 19 365 20 151 15 153 16 367
2168 2.5619764493011465 -7.9300385584325399 28.523661505653358 78 74 111 0.76057805193142314 22 467 23 514 18 411 24 152 26 517 14 370 19 362 16 149 12 165 8 144 7 332 9 351 6 335 3 322 2 338 11 162
2170 5.3946123001215547 -8.0272480056159488 28.808708450451505 43 36 64 0.84279626289345899 31 228 18 413 19 363 20 381 15 392 16 368 12 399 9 352
2171 6.1635805676289017 -8.0377234577592116 28.965930931103863 31 28 49 1.3168746480925499 28 499 18 414 13 401 23 799 30 815 17 382 20 382 15 159 23 156 30 148 27 146 25 143 16 372 12 171 5 353 4 404 10 359 8 349 9 354 7 333 6 336 3 326
2173 -4.4394198967672986 -8.1017851528708356 59.723591919226379 74 49 53 1.1335151227328615 31 51 36 48 18 433 14 165 13 189 17 170 17 407 19 148 20 173 15 179 16 172 12 190
2174 3.1088750522020274 -1.7780085173283688 46.142821957513497 11 2 7 0.47746650111647887 26 549 18 445 30 172 9 552 6 380
2175 3.5480616397869533 -0.85024461253469763 43.786928706891572 9 3 7 0.72052450576809079 22 511 24 558 26 561 27 537 28 534 30 526 18 449 17 417 15 431 5 417 4 451 10 586 9 407 3 393
2176 0.040047295670963927 -0.2391917301740904 43.843890955186062 33 28 34 0.66612075460747833 22 183 23 187 24 565 25 557 26 195 30 184 18 459 14 189 19 409 15 437 16 415 12 446 11 435
2179 1.5888444768128458 0.97125070368756705 42.717511423891068 38 32 41 0.6165677073272996 24 840 30 872 18 469 27 876 28 876 19 594 20 437
2180 -2.0058394407733564 -11.410824012062472 29.459233637136215 119 112 141 0.68110943898002807 32 343 18 495 31 352 33 363 34 344 35 623 37 371 38 371 39 351 40 387 36 376 34 578 13 476 17 461 19 445 12 487 5 443 4 479 24 730 22 664 25 725 26 741 28 726 29 734 30 726 3 424
2181 5.5686288847969712 -11.53422723977943 30.027304192613769 144 126 143 0.63740541890585289 23 393 25 407 28 363 29 413 18 496 22 42 24 398 26 416 27 38 30 368 14 237 13 271 17 462 19 219 20 47 15 467 16 449 12 259 5 462 4 496 10 254 8 456 9 449 7 245 6 447 3 440 2 263
2182 1.793011931363315 -11.284979629106713 29.569290792383764 175 161 180 0.58783750338030416 32 592 33 368 34 350 35 628 36 652 37 379 39 358 40 396 18 498 38 375 31 355 15 469
2184 5.3350994802416922 -10.959321032662565 29.850827344660996 91 67 90 0.91684695489226253 22 694 18 518 23 746 25 759 28 757 5 468 4 506 8 470 9 468 7 476 2 430 11 479
2185 3.8259811404210016 -10.918294758351534 29.787913935425703 103 87 116 0.39271930463941207 23 740 18 522 28 750 19 458 20 481
2186 2.9588575720221013 -10.560263039936812 29.490204769081096 158 139 162 0.28685804938271892 23 748 18 528 22 696 24 753 25 761 26 773 27 759 28 758 29 767 14 290 17 306 19 279 15 312 13 330 16 286 5 585 4 512 10 607 8 601 9 590 7 604 6 467 6 596 3 577 2 550 11 484
2187 2.5857224737397524 -10.177365076936422 29.373298508207526 186 167 192 0.49756960366042297 28 406 29 463 18 543 14 485 17 499 19 480 20 507 15 504 16 481 12 522 5 293 8 299 9 296 7 274 3 271 2 292 11 499 1 246
2188 4.6350257060243578 -10.24737774260204 29.516792264591988 69 41 73 0.55513651026970412 29 72 18 553 17 506 20 510 15 510 16 488 12 332
2189 -2.726245950595946 -9.509175756077914 28.921607092618405 182 174 197 0.66388839132833977 32 413 33 429 36 446 39 413 40 698 18 570 39 686 14 504 13 528 17 522 19 494 20 524 16 510 12 538 5 592 10 620 8 607 9 596 6 607 3 586 2 448 2 556 11 510
2190 3.7360740939282406 -9.7446027845900094 29.285063909903148 136 107 129 0.7023359341247285 34 157 18 573 37 434 13 533 17 521 19 498 27 786 20 523 15 528 4 531 8 487 9 486 7 498 6 485 3 467 11 514
2191 4.7306736818153272 -9.3015642423957416 29.074177601306747 109 52 82 0.52498858454339214 28 790 18 590 19 514 15 544 12 555 5 318 4 541 8 501 6 495 2 312
2192 4.1818378116570027 -8.65180378782917 28.730288993145084 96 80 108 0.97725589387368439 32 442 35 453 37 471 38 461 39 436 40 478 18 612 34 679 33 212 14 539 13 574 17 554 19 533 20 556 15 660 16 541 5 507 4 553 10 536 8 517 9 516 7 321 9 340 6 516 2 479
2193 4.1946775765062538 -8.6918245995531418 28.946283565622714 96 80 108 0.54823485111281534 22 450 24 786 25 799 26 500 27 801 29 517 30 474 18 613 28 804 23 501 28 470 33 213 23 784 14 540 13 575 17 555 19 534 38 462 20 557 16 542 5 508 4 552 10 537 8 516 9 515 7 320 9 339 6 515 2 480
2194 3.4207046384941702 -8.6464807819407969 28.847990206265653 115 98 135 0.61143311925292065 23 782 27 799 35 455 18 615 32 444 37 473 22 448 24 492 14 543 13 573 17 553 19 532 20 560 15 570 16 540 12 577 4 551 10 540 8 514 9 513 7 521 6 513 3 493 2 477
2195 4.7738737377507068 -8.3605941202929284 29.092439972090915 172 157 168 0.43410249643990517 30 487 18 620 22 744 14 550 13 581 17 563 19 544 20 568 15 579 16 550 16 630 12 583 5 513 4 557 10 348 8 522 9 344 7 527 6 326 3 319 2 330 11 553
2196 -3.9974893775201759 -7.6847463830135592 28.051301743163563 160 150 177 1.1897147957099814 24 502 25 502 27 806 29 802 37 503 39 744 18 631 22 453 23 507 26 510 28 477 30 483 14 364 13 392 17 378 19 554 20 581 20 664 15 389 16 558 12 396 5 136 4 159 10 143 8 138 9 120 7 130 6 130 3 133 2 120 1 288
2197 5.5732224894522311 -8.0747207068272182 28.810043872300085 143 130 153 0.87400004976516743 23 524 24 521 25 518 28 493 29 812 30 494 18 632 14 556 13 591 17 574 19 553 20 577 15 589 16 557 12 592 5 523 4 563 10 550 8 530 9 526 7 537 6 526 3 507 2 494 11 568
2198 6.9588175154335472 -7.9965054568376415 28.924993816770392 7 0 4 1.600543144816484 22 746 23 803 24 797 25 812 26 822 27 817 28 817 29 814 30 818 18 634 13 592 17 653 19 637 20 665 15 668 16 637 12 659 5 524 5 612 4 565 10 552 8 532 9 532 7 540 7 640 6 528 3 509 2 341 2 496
2199 3.9483248428624793 -9.1326837499767954 60.958971815884155 47 15 19 1.0934021551859434 31 256 18 643 14 566 13 421 5 389 8 540 7 360 3 172 3 519 2 507
2200 5.2537755860298958 -1.4580340448849907 45.143787119342804 26 20 22 0.80661970199337818 29 852 18 647 22 957 23 1023 24 1013 26 857 28 1051 30 1044 13 614 17 591 19 653 15 615 16 655 5 636 4 680 10 662 9 554 7 722 6 646 6 698 3 624 2 525
2201 5.2575289364863913 -1.4551911401124522 45.187461202810994 26 20 22 0.82076341056449253 28 1052 30 1045 18 648 22 958 13 615 17 592 19 652 15 614 16 654 5 637 4 681 10 663 9 555 7 723 6 647 6 697 3 623 2 526
2202 -4.2208683188081055 -0.61777282797089728 44.290139723329389 30 11 16 1.079294459872405 25 843 18 650 22 776 23 831 26 861 27 851 28 851 29 856 13 621 17 597 20 607 15 619 16 583 5 412 4 445 10 223 8 222 9 208 6 392 3 388 2 382
2203 2.9053794803813968 -0.92994703273691615 44.527429643935825 43 34 37 0.6804593921138109 23 549 24 556 25 549 26 554 18 653 22 778 28 852 29 858 30 849 14 410 13 623 17 415 19 168 15 422 16 400 12 435 5 414 4 448 10 423 8 406 9 211 7 397 6 394 6 563 3 389 11 418
2204 4.7331836197152004 -0.89761950220636733 43.979380449871677 38 31 38 0.72705302817773476 27 1073 28 857 18 660 26 1062 29 1077 30 1054 22 964 19 583 20 616 16 665 12 437 5 647 4 606 3 552 11 599
2205 -4.1151968524326223 -0.13397463456798955 43.74539343262159 26 7 16 1.1390592313957859 32 243 33 256 35 512 36 249 37 247 38 525 40 536 18 671 14 593 13 634 17 430 25 177 19 588 20 622 15 629 16 410 12 444 8 232 9 224 7 219 6 410 11 434
2208 5.9707012028601465 -10.442657264238445 29.020348013777369 43 0 1 1.4838961907736956 30 762 18 692 22 699 23 966 11 704
2209 -1.8497182129360552 -10.358038064123285 29.536801903225044 194 182 199 0.30249172398271951 35 674 18 695 40 675 14 621 17 639 15 650
2211 4.9285273792552662 -7.730491458894603 29.239145783611651 1 0 6 0.72856962170026685 28 1030 18 706 13 668 20 584 13 595 17 396 20 395 15 596 15 669 16 381 13 163 5 362 5 526 10 553 8 533 9 361 6 531 6 628 3 335 11 570
2212 -4.2480569153311443 -7.5781103095340798 59.679012858849816 71 36 40 1.648724274690907 31 696 32 725 33 495 34 711 35 757 36 518 37 787 38 788 39 758 40 756 18 713 14 644 13 681 17 657 20 672 15 681 16 644 12 670
2213 -3.3124824775676798 -7.3487960582639484 59.205491406811667 33 2 4 1.4165197744959372 31 817 32 842 33 887 34 862 35 896 36 930 37 923 38 930 39 909 40 914 18 714 13 682 17 715 20 673 12 671
2214 -6.6689114620476859 -3.2854360941550325 53.535153617435867 44 22 24 0.66014541272162142 24 1136 18 721 22 949 25 1030 28 1040 29 1061 30 1164 27 843 22 770 14 652 13 687 17 661 19 646 20 741 15 683 16 649 12 678 5 544 4 586 10 404 8 198 9 549 7 370 6 372 3 191 2 366
2216 6.0762030428804001 -12.833261613698667 30.850039985773627 43 33 42 1.1924963964214219 26 1147 18 745 22 896 25 974 27 987 28 992 29 999 30 1128 20 628 9 646 7 412
2217 5.724534070004923 -12.422365037397014 30.483150663150283 7 0 7 1.284141553257881 22 346 24 366 25 369 26 383 28 323 29 380 18 746 23 714 27 727 30 716 14 602 13 639 19 597 20 1 20 702 15 5 15 637 16 607 12 634 5 654 4 611 10 238 8 664 9 651 6 661 3 214 3 637 2 605
2218 -5.3757831847059645 -11.505302271468546 29.043209475255793 206 185 196 1.0713880682479147 33 601 34 566 38 629 39 595 18 750 32 337 35 606 36 636 35 350 36 371 14 609 13 719 17 686 19 674 20 706 15 705 12 696 6 583 23 706 22 326 24 346 25 351 26 366 27 343 28 301 29 363 30 327
2219 -6.3897036053838976 -10.837014860673415 28.907584591135997 191 97 106 0.72346196629205928 31 784 32 798 33 836 38 883 18 756 14 680 13 725 17 691 19 681 20 712 15 710 16 682 12 701 2 537
2223 6.3509688283008341 -7.9830579084886759 28.98894327430704 81 77 99 1.1990759526831778 22 1063 24 1120 25 1134 26 1161 27 1160 28 1158 29 1170 30 1151 18 771 14 696 13 742 17 705 19 693 20 727 15 723 16 697 12 716 5 610 4 651 10 639 8 627 9 614 7 693 6 627 3 604 2 573 11 569
2224 6.7439290162836203 -7.9732812248739879 29.07980721346819 52 51 66 1.7190255919948316 22 930 23 1122 24 1121 25 1014 26 1162 27 1161 28 1159 29 1171 30 1023 18 772 27 1031 14 697 13 743 17 706 19 694 20 728 15 724 16 698 12 717 5 611 4 653 10 700 8 628 7 694 6 529 3 605 2 343 29 545
2225 -3.9007059280101561 -7.0767671689267821 59.548440870300652 135 88 96 1.0837495967651434 31 891 34 864 35 897 38 931 18 784 14 708 14 762 13 752 17 716 19 704 20 736 15 731 16 709 16 754 12 727
2226 1.1449236982923452 -4.2575267245233288 49.348157020064747 10 0 1 1.2040405683818276 25 1027 28 1170 29 1181 18 787 22 1079 23 1134 24 1131 26 1172 27 1170 30 1034 14 766 13 755 17 719 19 707 20 785 15 735 16 711 12 729 5 687 8 740 9 624 7 699 6 633 3 663 2 629 11 770
2227 -5.6992929083902402 -10.920854844715914 28.664691359584097 169 68 75 0.6268758029039152 31 781 32 905 33 969 34 924 35 964 36 1002 37 995 38 1001 39 973 40 973 18 807 14 739 13 780 17 737 19 731 20 757 15 761 16 733 12 753
2228 6.0077528021627922 -10.127123064439902 28.924402400124919 99 34 35 0.62922437120958929 23 1109 27 1150 18 814 13 789 17 745 19 789 13 835 15 769 12 761 5 724 4 735 10 745 8 720 9 716 7 738 6 712 3 693 11 754
2229 4.3985169321513506 -9.7463496804747489 29.290870292192977 171 148 168 1.0609128636097593 32 911 33 977 34 932 35 971 36 1010 37 1001 38 1008 39 978 40 978 18 815 14 747 13 790 17 746 19 739 20 765 15 770 16 741 31 870 12 762 5 726 4 737 10 747 8 723 9 718 7 739 6 715 3 694 2 661 11 756 1 588
2230 5.5853504659489266 -9.5821936726721386 28.747073567882893 38 3 7 1.3476156236996391 23 1110 24 1102 25 1125 29 1160 30 1138 18 816 14 748 13 791 19 689 15 718 12 711 8 724 3 647 2 662
2231 5.9207267692253289 -9.2976850583867456 28.638894146789163 107 34 41 1.4178641414952393 22 1052 23 1244 24 1106 25 1255 26 1283 27 1286 28 1274 29 1288 30 1141 18 817 14 749 14 799 13 792 17 747 17 795 19 740 20 766 15 771 16 743 16 788 12 763 5 729 4 740 10 750 8 727 9 721 7 742 6 718 3 697 2 665 11 758 1 590
2232 5.9005825343782421 -9.2728592641452057 28.567862496795868 107 34 41 1.3771176249929071 22 1051 23 1243 24 1107 25 1254 26 1282 27 1285 28 1273 29 1287 30 1142 18 818 14 750 13 793 17 748 19 741 20 767 15 772 16 742 12 764 5 730 4 741 10 751 8 728 9 722 7 743 6 719 3 698 2 666 11 757
2233 5.1022618757207576 -9.1711687012199246 28.744771776521745 117 33 48 1.5525380480114597 22 922 23 1114 24 1109 26 1153 29 1161 30 1145 18 819 14 691 31 800 13 736 17 750 20 768 15 774 16 744 12 712 33 863 6 721 35 869 34 832 37 898 11 706
2234 6.2118970291331896 -8.5591206414801828 28.561198974127631 96 34 34 1.4483567369948462 22 1058 23 1117 24 1229 25 1131 26 1286 27 1155 28 1277 29 1290 30 1272 18 823 14 754 13 797 17 755 19 745 20 775 15 778 16 694 12 768 5 735 4 746 10 756 8 733 9 728 7 747 6 726 3 703 2 671 11 762
2235 -3.3202538089163056 -8.0114284843718515 27.793671017290858 53 44 65 0.85018646414680443 22 1056 23 1245 24 1113 25 1129 28 1275 30 1271 18 824 14 755 13 798 17 756 19 746 20 776 15 779 16 749 12 769 9 727 7 746 11 710
2236 -4.4992275989975585 -7.5106526836728067 28.095057197473668 82 90 129 0.86190771021412849 23 1250 25 1258 26 1290 27 1290 18 826 14 757 13 800 17 758 19 748 20 778 15 783 16 751 12 771 5 737 4 748 10 757 8 735 9 731 7 748 6 728 3 708 2 673 11 765
2237 1.211323565926383 -11.953135265522754 29.808759823964188 105 90 109 0.84292094374058624 32 958 33 1023 34 978 35 1025 36 1055 37 1047 38 1057 39 1030 40 1032 18 846 14 789 13 827 17 788 19 771 20 803 15 809 16 771 31 929 12 798 5 761 4 777 22 1164 26 1260 29 1268 10 782 8 757 9 752 7 771 6 757 3 731 2 694 11 789
2238 2.7809278582418817 -11.967148001701139 29.647600545667999 121 102 125 0.89846404927657419 32 955 33 1020 34 975 35 1016 36 1053 37 1048 38 1055 39 1028 40 1030 18 847 14 790 13 828 17 776 19 772 20 804 15 810 16 772 12 799 11 790
2239 3.5093418620256149 -11.975108161247226 29.554767719562559 131 108 131 1.2878539611117343 32 956 33 1017 34 976 35 1014 36 1054 37 1046 38 1056 39 1026 40 1031 18 848 14 777 13 829 17 777 19 773 20 805 15 811 16 773 12 800 11 791
2241 -4.2729669845358291 -11.740791839674987 29.497988953005482 161 147 166 0.47957065908332186 31 925 32 960 33 1027 34 980 35 1019 36 1065 37 1054 38 1068 39 1034 40 1039 18 852 14 781 13 820 17 781 19 778 20 809 15 814 16 777 12 791 11 783
2242 -2.721655069462082 -11.759374911247932 29.468951397836488 143 129 150 0.69946778730962678 32 962 33 1029 34 983 35 1021 36 1059 37 1056 38 1061 39 1036 40 1041 18 854 14 783 13 822 17 783 19 780 20 811 16 778 12 793 5 755 25 1230 22 1159 23 1222 24 1205 26 1255 27 1258 28 1253 29 1263 30 1250 4 771 10 776 9 747 6 748 3 725 2 690
2243 -1.9554605648839596 -11.853825169392872 29.704861671136545 138 125 145 0.31475937478708987 32 963 33 1030 34 984 35 1022 36 1060 37 1057 38 1062 39 1037 40 1034 18 855 31 927 14 784 13 823 17 784 19 781 20 812 15 806 16 779 12 794
2244 -1.1303171762233837 -11.888952623632138 29.815476516577252 162 144 165 0.36548640876526156 36 1061 18 856 31 928 33 1032 34 985 37 1058 38 1064 39 1038 40 1042 32 964 35 1026 14 785 14 786 13 824 17 785 19 782 20 813 15 815 16 780 12 795 11 786
2245 -0.32238103257109313 -11.909426497309267 29.773861853825398 132 117 137 0.46448077545934185 32 965 33 1021 34 986 35 1023 36 1062 37 1049 38 1065 39 1039 40 1035 18 857 14 787 13 825 17 786 19 769 20 814 15 807 16 769 12 796 4 774 8 754 7 768 6 754
2246 6.4767471731492225 -10.093915530567223 28.73517900793831 85 29 29 1.5639433006402768 22 1180 24 1223 26 1274 27 1280 29 1279 18 860 13 834 17 791 19 788 20 820 15 822 16 784 5 785 4 802 10 803 8 783 9 779 7 799 2 707
2248 -5.5738238409416674 -8.7751537341427479 27.715969278438955 174 76 78 0.87618203192531452 31 931 32 971 33 1038 34 993 35 1032 36 1071 37 1066 38 1076 39 1046 40 1050 18 864 14 797 13 841 17 796 19 793 20 823 15 826 16 790 12 806 9 793 11 796
2249 -1.9589035942764732 -7.9037364728296335 28.220857621313318 178 160 183 0.9395301090678897 29 1334 18 867 17 818 15 840 12 827
2250 5.2182023307572249 -12.11356193361871 29.904056640573145 99 75 99 0.86979536603062058 32 992 18 879 14 813 13 854 17 811 19 806 20 836 15 835 16 805 12 823 5 768 4 784 10 777 8 764 9 809 7 777 6 752 3 738 2 701 11 780 1 692
2251 3.3186093482406798 -8.2197223299955446 28.867646015844066 154 130 157 1.0632774922313168 22 1243 23 1299 24 1287 25 1302 26 1345 27 1350 28 1332 29 1337 30 1330 18 884 14 818 13 859 17 816 19 813 20 841 15 842 16 813 12 829 5 815 4 827 10 837 8 814 9 814 7 834 6 808 3 779 2 737 11 803
2252 3.9782002471572753 -1.5800138678603197 44.924439652073566 5 1 0 0.76715542965780403 22 1257 23 1312 25 1316 28 1345 29 1356 18 891 13 867 17 806 20 830 11 813
2253 -6.2757146927025014 -10.001338421386476 28.731223762435704 170 78 87 1.2674841487595885 31 978 32 1017 33 1092 34 1057 35 1090 36 1138 37 1128 38 1139 39 1102 40 1110 18 896 14 830 13 873 17 827 19 824 20 852 15 854 16 824 12 843 5 812 22 1239 23 1295 24 1283 25 1299 26 1341 27 1346 28 1326 29 1332 30 1326 4 824 10 833 8 809 9 810 7 831 6 805 3 776 2 734 11 832
2257 4.6028513130188111 -10.784458177860323 29.305023359999051 103 83 111 1.7058886685670775 32 803 33 838 35 848 36 878 37 879 39 857 18 762 34 815 14 687 13 731 17 699 19 684 20 718 15 714 15 715 16 687 12 707 27 1148 28 1146 11 702
2258 4.6025233769100842 -10.737981026592387 29.139635333992548 103 83 111 1.7201532087201532 33 839 34 816 36 877 39 858 18 763 32 802 35 847 37 878 40 861 38 1004 17 700 16 688 31 789 11 701
2259 6.4690156516583244 -9.2786796407017214 28.544451604086721 88 27 32 1.6846523249120551 24 1227 25 1256 26 1284 27 1287 29 1289 30 1268 18 863 14 800 13 842 19 792 15 827 9 794
2261 -5.1219768379874191 -11.612990393972526 29.120509839521418 138 124 149 0.72924163951183907 18 18 34 2 14 13 35 2 17 13 20 232 15 17 12 20 22 5 8 24 7 12 2 13
2262 4.3509150654931483 -12.048320906921084 29.881533421796508 106 83 111 0.84907826631900551 28 20 30 23 14 15 29 15 13 248 20 20 3 28 1 208
2263 0.93747905987592783 -10.925865889389549 29.332727914934882 87 60 79 0.57428258785753949 23 40 14 41 29 40 24 399 28 39 19 39 12 48 15 292 5 45 16 47 4 54 9 44 3 47 11 60 1 73
2264 -2.4389768647173713 -3.0175943788070909 1.4159855542275028 160 147 170 0.087826828724124117 18 58 14 45
2266 -0.21854625612737646 -9.9950292277402841 29.395753512352915 129 115 141 0.032443650460396378 35 15 14 70
2267 2.9331776113072334 -9.6500834644801703 29.266285809939738 140 117 139 0.36022279966705389 27 92 32 21 14 92 19 76 16 108 3 99 1 129
2268 -0.60228086880637277 -9.4423349679055519 28.896211452194326 121 107 131 0.54833632259501142 18 101 25 72 30 85 14 93 19 77 33 19 36 22 15 101 12 110 17 339 4 106 8 97 3 97 2 81 11 120 1 133
2269 4.89223247806554 -9.5534323945218471 29.017186471913714 74 14 29 0.97494683361253109 27 95 14 95 17 105 19 79 12 113 8 103 7 291 6 91
2270 -1.5604898998330226 -3.7079025758418092 4.9523380250855098 152 134 160 0.30468509274777661 18 119 14 105 13 119
2271 -2.1330501715921586 -3.6220269473396081 4.8324171567437944 98 83 107 1.1636680640766597 18 132 14 109 13 128 17 122 12 130
2274 2.6050465361224679 -7.7500693151884636 28.562531541800535 68 68 93 1.4803765919634277 24 165 30 141 14 151 6 145 11 177 35 489 39 205 38 503
2275 -0.66802220715181571 -1.6956523438118254 45.555892954325792 18 9 13 0.79621966940798772 24 186 14 177 23 174 26 174 22 173 28 525 29 559 30 169 27 532 13 202 17 187 12 207 5 207 4 241 10 209 8 395 9 194 6 204 3 200 11 214
2276 -4.4094655798476099 -1.3273354790461414 45.570845996936782 61 46 53 0.86562056999041903 27 169 14 178 29 179 10 213
2278 3.9577026786182485 -1.0989401268244237 44.375222327639094 31 25 27 0.70185454300402417 26 178 14 181 9 206 6 219
2279 -17.991426729037943 0.29438464214877075 28.364037014690364 149 169 207 1.5460859005421992 38 47 14 193
2281 -1.4638488344406184 -4.1833647557016729 4.9906139248532186 180 163 182 0.215977212060941 18 260 14 228 13 258
2282 4.9807045990969847 -11.11771763554292 29.793365779429543 126 106 127 0.89423666147678804 24 46 25 31 26 36 14 272 27 46 30 52 13 304 20 277 12 297 9 266
2283 -1.9516281333217589 -10.615014062589539 29.324587828955423 123 115 148 0.45095958239297984 30 378 39 160 14 282 20 69
2284 -1.6764536117375055 -9.8447904512206819 29.055690772610571 122 113 140 0.33457610242719965 18 568 30 417 14 306 15 516 16 308 12 338
2286 2.0923809513565681 -9.4320005553675372 29.141009625501592 184 167 192 0.68794480538497271 28 432 14 329 23 463 27 438 29 89 30 97 13 363 17 347 20 338 5 105 11 355 15 535 18 580
2287 4.5925710505403394 -9.2087593828410323 29.159506991268763 161 120 138 0.65341195637733063 18 371 34 21 14 338 13 549 17 115 19 515 15 361 12 369 5 320 10 107 9 498 7 303 6 311 3 105 2 315 11 524 1 493
2289 4.698105639200171 -8.8989135987350014 29.13697313292742 153 116 142 0.45838240483045989 18 598 30 122 14 351 13 558 17 540 19 522 20 359 15 378 16 348 11 380 1 273
2290 4.6017355650279175 -8.6138275799310744 29.183518299028631 75 67 88 0.92959554879138506 25 118 29 136 14 357 22 134 23 129 24 139 26 128 27 124 28 112 30 130 13 145 20 369 16 359 12 149 5 130 10 135 6 120
2292 -5.9241641428721925 -7.4058867244821958 27.93775547725642 108 37 45 1.1273527526950631 22 465 27 814 14 376 9 529 3 504 2 490
2293 4.4280391918922186 -7.94559875302095 28.957523073336649 67 67 89 0.48818719478491801 22 484 23 801 24 525 25 810 26 532 27 504 28 503 29 541 30 501 14 379 13 406 17 385 15 395 12 173 5 356 4 175 10 365 8 354 9 358 7 336 6 141 3 329 2 148
2294 0.17184657098416517 -7.6561997490396285 28.624119334991022 65 69 105 1.6649491140959454 27 140 38 229 14 381 19 371 16 376 40 518 10 366
2295 2.289495113988246 -7.7123228779353159 28.837232460884408 0 0 8 0.61952250923437502 25 811 26 534 14 382 13 411 5 525
2296 5.2925605089861252 -7.8197420972322718 28.736106634075448 63 60 87 0.91967076874678555 33 230 14 383 35 219 38 226 36 504 39 467 17 392 20 392 12 410 4 409 10 163 9 133 7 340 6 340 2 345 11 192
2297 -1.6507494876724216 -3.3831731422359388 4.7096562246079845 3 2 12 0.35086352909362051 18 635 14 384
2299 -2.3792179265690288 -1.0903337415643326 43.868882526327496 19 9 10 1.139271783607325 24 555 26 550 14 407 29 180 20 601 3 380
2300 -1.0775716669006536 -0.75480292635118362 43.561496205368208 47 38 39 0.44921846739052823 21 183 14 411 17 197 19 396 20 413 6 222 11 225
2301 -2.5232179128476915 -11.639426621673337 29.503081582177821 188 175 201 0.25416823261028904 38 368 14 442 19 439 15 456 11 261
2302 -1.8938367286009206 -10.740495698588482 29.122218392385285 187 179 202 0.54919616749272748 39 380 14 459 33 391 34 371 35 379 36 411 37 404 38 400 40 417 32 375 31 372 15 297 17 295 19 261 20 281 16 270 12 299
2303 2.7498134328309862 -10.889959770634199 29.741195870860878 71 56 82 0.55522197948399632 18 520 27 753 14 468 23 418 24 421 26 439 28 388 29 437 30 390 25 427 13 495 19 461 20 480 15 489 16 466 12 504 11 476
2304 3.9326585147090971 -10.232004108412752 29.686675944214763 61 46 75 0.39294746737736347 18 558 27 426 28 421 14 494 23 448 30 427 24 445 13 518 17 507 19 484 20 512 15 514 16 491 12 527 11 331
2308 2.4300918649581202 -8.037354334833303 28.53016448859459 172 159 181 0.70066732530629106 18 624 25 805 14 552 23 791 27 810 29 805 13 585 17 568 19 547 20 572 15 585 16 553 12 587 11 559
2309 2.1990369319774676 -1.4632185269030193 45.50271717673207 7 2 3 0.68834482540624009 26 551 14 577 17 193 5 212 4 250 10 419 8 561 9 553 7 572 6 385 3 379 2 524
2310 -5.1667240974077338 -11.179996147139974 28.966706464890578 89 29 32 1.7016938877045582 31 576 35 612 36 642 39 605 14 614 32 580 38 634 40 625 17 629 5 655 4 697 10 680 8 667 9 652 7 680 6 662 3 638 2 606 11 623
2311 3.4987587127960369 -10.072978326933153 29.294421721968593 111 92 120 0.99013297761933694 34 624 38 698 14 623 32 645 35 678 36 429 37 704 13 522 30 426 28 422 29 481 25 449 22 417 26 465 17 511 19 623 20 515 15 651 16 495 12 532 11 503
2312 3.8813271823565105 -8.7637747973281623 29.122965556484516 52 42 69 0.44182224840189227 18 702 27 800 29 799 30 798 14 631 24 785 13 662 17 646 19 630 20 653 16 628
2313 5.8763362661662262 -4.0335504112881519 53.758044999471956 14 5 8 1.1458381179958066 18 791 27 1173 14 651 22 947 23 1007 24 1134 25 1029 26 1044 28 1039 29 1060 30 1162 17 722 19 712 16 757 19 755 12 779 39 989
2314 4.7166964251415573 -0.91651369675652361 44.09298793711536 35 29 33 0.43153956346003064 24 823 26 1061 14 661 25 1047 17 673 16 664 5 646 10 673
2315 1.4532710193062368 -0.4559359987753912 44.254016421063604 8 2 4 0.77139310629198143 22 790 23 847 24 835 25 861 27 870 29 875 30 864 14 664 13 707 19 665 15 696 16 597 12 689
2316 -1.5349643975042542 -11.495020650180111 29.611828067848144 18 15 25 0.39308959285151707 31 780 32 796 33 832 34 806 35 840 37 871 40 853 14 677 13 723 20 711 16 681
2317 10.942701405460284 -3.8400167823695024 53.563850338929946 44 34 42 1.2256060974280365 24 1004 28 840 29 846 14 713 23 821 25 835 26 855 27 846 24 813 13 759 19 713 18 792 20 677 15 684 16 716 5 547 4 589 4 672 10 571 9 631 7 566 6 553 3 370 2 517
2319 5.2936987255654451 -10.43821111616192 28.948110795459193 149 108 133 1.2850250002309966 18 813 32 810 33 850 14 746 34 821 35 648 39 867 13 788 17 744 19 738 20 761 15 768 16 740 12 760 40 872 5 722 4 703 10 690 8 719 9 662 7 737 6 711 3 644 2 613 11 793
2320 5.4415133185367903 -9.2675564601261211 28.842950230100385 92 26 27 1.2757655994903181 30 1143 14 751 13 794 17 749 15 773 12 765 1 589
2322 4.3732878931342904 -4.5597914966471444 51.002968899449947 73 45 50 0.72844060223606155 18 831 34 865 14 765 19 753 11 769
2323 11.676710799909143 -2.8522754540458179 51.871262741348481 2 0 1 1.2829555002565645 24 1248 25 1161 27 1180 28 1184 14 768 26 1047 15 793 16 718 20 678 19 649
2324 -3.5841811027109762 -10.8544965391544 29.237288790729011 171 157 181 0.67437938522156393 18 859 25 1241 14 792 13 831 17 789 19 783 20 816 15 817 16 781 12 802 5 769 4 785 10 789 8 766 9 759 7 778 6 761 3 739 2 702
2325 -3.2145733432431505 -8.974491300421775 28.616819057945552 91 36 54 0.90668518940919562 25 1251 26 1279 28 1271 29 1283 14 802 22 1049 23 1111 24 1104 27 1151 30 1139 19 796 12 808 5 728 4 739 10 749 8 726 9 720 7 741 6 717 3 696 2 664
2326 -3.689505161124742 -7.7049990857177466 28.422846293725499 116 114 147 0.72319794411935368 28 1331 14 806 17 799 16 793
2327 7.3894662158519733 -7.2473385321271504 29.204788725586042 140 49 61 1.4917343732071753 29 1296 14 807 22 931 25 1136 26 1294 27 1293 28 1283 30 1279 13 847 17 800 19 799 15 830 16 794 12 811 5 739 4 750 10 759 8 737 9 733 7 750 6 731 3 710 2 675
2328 -3.8886968756937765 -1.0085694628351822 44.394163780330366 19 8 13 0.85212848066625169 18 877 33 1051 34 1007 14 811 31 943 35 1048 36 1085 37 1079 40 1065 17 808 19 804 15 833 16 802 12 820 5 810 11 811
2329 6.2355225162046102 -4.1124001439264903 51.159751810043375 47 35 47 1.5101746411131738 34 1036 14 822 36 1114 37 1107 38 1091 39 1081 17 803 18 832 13 758 19 754 20 788 15 790 15 847 16 756 16 796 12 815 12 848
2331 3.1013057110719431 -0.94908011721950858 43.137564169793251 36 27 32 0.60441425993234688 38 1092 14 825 20 832
2332 -2.7136001603744919 -7.9348448574937294 27.985430386590043 181 167 187 1.4675472427060143 25 1394 26 1433 27 1434 28 1423 29 1430 30 1424 14 838 24 1377 13 878 17 835 19 831 15 863 16 829 12 849 5 835 4 847 9 831 7 854 6 826 3 796 2 758
2334 -1.4654246645976188 -5.1050080200656094 49.186312579580886 139 45 44 2.1921429284264375 18 915 32 1045 14 850 34 1079 37 1155 39 1133 33 1120 35 1115 36 1159 38 1173 40 1146 13 890 15 872 16 844 17 850 19 844 20 868 12 862 11 838
2335 -2.5625414546100931 -2.8962207272854483 1.3841427647413984 130 124 150 0.79715525398734377 18 367 14 335 20 347
2336 -2.2785479426561626 -9.8079156939770016 29.045158477396605 121 111 139 0.59072319963947473 39 174 14 308 20 98 19 65 15 329 16 309 4 86
2344 -3.8530695562213184 -10.351497195647468 28.83714632777453 61 57 81 0.78865656875232137 22 49 23 45 24 45 25 414 13 68 27 404 28 376 29 423 20 73 5 51 10 47 6 48 3 53 2 50
2345 -2.6090268679836996 -3.2500463978527079 2.4300172901058343 67 57 81 0.27715304081965464 18 76 13 73
2346 -0.30288890249651812 -9.7181595748946759 29.421007592649566 90 75 97 0.30539707146478445 35 20 13 98 20 107
2347 -1.6744607533896734 -8.7016701483253609 28.599981019263154 146 132 158 0.56282184510546251 34 23 13 127 17 126 16 125 15 124 9 98 7 114 4 134 11 141
2348 2.3897022836232646 -8.3757728357330574 28.872547286711374 179 163 189 0.3188692922414702 18 395 28 111 13 149 14 359 17 370 19 352 20 146 15 142 16 361 12 389 5 342 4 388 10 138 10 344 8 128 9 341 7 126 6 122 3 315 2 326 11 150
2349 -1.5398846319957518 -3.5442235137085487 4.8379141392740062 86 67 93 0.073294022619323523 14 131 18 156 13 150 17 139
2350 -3.0801484541228912 -7.433975064887 28.405078245586218 5 4 9 0.93274192175186965 24 163 28 127 13 161 26 533 15 167 3 146
2351 16.756989920396826 -20.200695373742438 120.06009803527917 93 61 66 0.19820182879720449 13 176 8 365
2352 -0.52653263968762043 -1.5856116983534592 45.715476854132582 58 43 48 0.70622265117977268 22 507 24 188 28 527 30 170 13 203 17 189 19 163 21 178 20 191 15 197 4 247 10 214 8 209 11 216
2353 -0.51885015120132749 -1.5815341947729988 45.663974526892289 58 43 48 0.67751097884629774 22 506 24 189 28 526 30 171 13 204 17 190 19 164 21 179 15 198 4 248 10 215
2354 -4.3523623431399168 -0.59959800423067589 44.10540531572201 77 53 66 0.17463338328381939 26 180 28 147 13 211
2355 1.6542960885609139 -0.59879601150367301 44.29870728240828 14 9 13 0.6293889260609391 27 177 28 152 29 188 30 177 13 215 22 178 23 183 19 171 15 429 5 220 10 229 8 229 6 229
2356 1.6507295722877426 -0.60632752765824349 44.088968953181215 14 9 13 0.71623882027397157 30 178 13 216 17 424 19 170 15 430 8 230 5 221 10 230 6 228 11 430
2358 -2.3894116955007867 -3.4261099893545364 2.435039544574138 11 2 10 0.22285027945551758 14 215 18 244 17 226 13 237
2359 1.9921493694143557 -11.333199944576073 29.763191985751622 18 5 26 0.4351514711623099 14 251 18 285 33 373 40 399 13 286 17 267 19 230 20 257 16 250 12 278
2361 -2.3101937417999032 -3.0282683351995763 1.4101781392097892 84 67 90 0.40576090344858712 14 271 18 310 19 253
2362 -6.4938792790949504 -10.568083410033434 28.914610926359103 171 112 121 0.94270703056897831 18 60 35 163 13 306 37 160 5 42 4 310 8 59 6 39 3 43 11 297
2363 -3.1486202643004497 -10.436035556981718 29.020593060579277 59 51 75 0.64829065224387716 29 45 13 324 24 405 25 26 26 38 28 379 20 74 15 57 12 55 3 54
2364 4.686163862870627 -9.5963745154529043 29.332862007341312 158 107 136 0.68916922950122406 14 509 18 576 25 86 13 361 17 341 19 82 20 330 15 530 16 322 4 538 10 96 8 318 9 496 7 503 6 303 3 475 11 351 1 137
2366 4.3373704603551868 -8.8843220443065771 29.046383556383731 148 122 146 1.1994785444275278 22 126 13 382 17 133 20 356 26 117 27 118 12 379 4 377 9 108 6 317
2369 2.1052638190951942 -7.9934622827331019 28.39271369734141 153 139 167 0.60428757334031002 14 143 36 37 13 391 19 118 20 149 16 145 12 160
2371 6.064987302013356 -7.8947859124107902 29.031383646094508 62 58 84 0.93986802674429704 25 524 27 508 13 410 17 390 15 401 16 160 24 168 12 176 4 407 10 161 8 155 9 131
2372 6.7890760047062502 -7.8492220802561077 29.282411949329369 2 0 3 1.5432884495198174 25 146 13 412 10 370 2 155
2373 -3.5005487440249281 -1.5409292912432107 45.55831625931085 71 58 65 0.89353012925937791 14 176 23 176 13 432 33 58 18 201 19 161 20 189 12 206 7 205
2376 1.5328329114446573 -8.4071449714858488 28.745007584622172 162 147 171 0.89578350982212718 27 486 13 577 17 559 19 539 11 546
2377 -2.3412051983727857 -7.4828108758559218 28.597836921808586 2 2 12 0.43906592512112141 29 542 13 594
2378 -4.2171083929485711 -0.61422799351745616 44.263187758868447 28 9 18 1.0755776548236318 22 777 23 830 25 844 27 852 29 857 13 622 26 860 28 850 17 598 20 608 15 620 16 584 5 411 4 446 10 224 8 223 9 209 6 393 3 387 2 383
2382 4.8188766453102199 -1.3970441096068318 44.523729781495298 6 2 3 0.63003314096007168 23 1025 24 1012 25 1042 26 1054 28 1050 29 1068 30 1043 13 695 17 667 20 686 15 690 5 705 4 682 10 664 8 647 9 637 7 662 6 649 3 625 2 596 11 679
2384 0.21941607456494552 -9.1679620408666747 48.919762110849859 51 1 5 1.5608785776051837 14 705 18 778 22 1072 13 749 23 1130 28 1167 29 1177 12 722 4 660 10 705 8 688 9 675 7 695 3 659 2 625
2386 -3.2799502595132184 -0.91482972779163629 44.415267659504124 91 70 79 1.0648447822252074 23 1160 24 1153 26 1193 13 766 20 747 5 706 4 724 8 707 9 699 7 719 6 694 2 645
2387 6.2722629597498649 -0.53650401170797624 45.215796154893084 0 0 0 1.3533641421680733 18 740 21 1261 20 698 11 745
2388 5.4569583044930434 -11.364838154980628 29.829637323559528 127 106 125 0.7467045393514814 31 866 13 783 19 733 15 763 5 774 2 657
2395 -1.531576708285072 -3.6249592215712081 4.8638149121182153 168 153 179 0.21053546494762135 18 384 13 381 17 132
2398 -2.5255337547713665 -2.9152738082336187 0.81620998352228968 4 0 4 0.27452135874713685 14 7 18 5 17 5 13 6
2399 -2.5858088014979654 -3.3125106243534033 2.0832183847483283 200 190 202 0.1713899775231002 18 9 17 6
2400 -2.7083998423706617 -3.4116212313334633 2.4239649072087586 201 189 198 0.29350460996179761 18 13 17 8 13 12 14 9
2402 -5.1221311468089894 -11.619523712424975 29.145091674324842 147 134 152 0.66782653999322072 14 14 33 1 17 14 35 1 18 19 34 1 20 231 15 18 12 21 8 23 7 11 2 9 2 12
2403 0.95060819721151901 -11.57217634291597 29.875478900797471 146 132 154 0.66915310227557356 36 3 17 30
2405 -2.4846587245168226 -2.8206992898092715 0.86537905201040888 123 115 143 1.7013919160194793 18 87 17 85 20 96
2406 -2.3731543060367617 -3.6189825015288144 4.8312757832029893 197 184 204 0.049231885459579211 18 128 17 120
2407 -0.24953244035051386 -8.4600456528112762 28.320251967244772 124 111 139 0.74785666980673537 22 124 24 125 17 137 5 126
2410 5.2061695752827779 -12.236325725043148 30.214512249900466 87 58 82 0.58345585875447681 24 17 25 11 26 8 27 21 28 22 29 16 30 24 17 236 20 14 18 14 13 14 15 16 19 12 16 10 12 18 5 18 10 18 8 31 9 20 7 16 6 19 3 23 2 24 11 18
2414 3.8641072319896641 -10.412234322276893 29.458997879713138 83 61 78 0.50775040458654375 13 336 14 296 23 66 17 311 20 294
2415 3.9083666209619512 -10.489469964545403 29.615212643672958 83 61 78 0.30491027646697549 22 401 26 61 30 406 17 312 29 457 23 67
2416 2.143791222795953 -10.055742889969901 29.391195382352553 99 88 120 0.65733193476214169 26 463 29 480 17 320 25 448 19 301 8 83
2419 -2.0464552690742996 -3.651426171979657 4.8663926389502707 199 185 211 0.24457332357523184 13 373 14 343 18 377 17 361
2420 6.0638175379167532 -8.9483531928996527 29.150747577140553 40 1 4 1.3976361902796206 18 141 22 127 23 121 17 364
2423 2.270114813482826 -8.1883468795254348 28.596305671748194 76 67 92 0.85159369611001301 14 551 22 454 25 500 26 508 28 474 29 523 30 480 17 374 24 499 19 356 20 373 11 156
2424 2.2762927366231538 -8.2119118621018572 28.631832804173694 76 67 92 0.64087701638176064 22 455 24 500 25 501 28 475 29 524 30 481 17 375 26 507 19 357 11 155
2427 -2.3833714395906944 -2.9138304468389622 0.80627432209796424 0 0 0 0.39255570977118315 14 213 18 471
2428 -3.3663983376240587 -10.710560521873576 29.095203384509354 197 182 207 0.45930175355871772 13 484 14 458 18 507 39 381 17 467 19 453 20 473 16 458 32 373 12 494
2429 -3.7561527623387652 -10.58435531083733 28.835898818786234 190 178 192 0.83032639402151154 18 513 26 756 17 473 25 742 15 479 14 275 19 268 11 303
2430 4.6311565959441729 -10.417205432312574 29.481949894410921 81 58 78 0.33184776570740443 23 430 17 493 26 448 29 458 30 69 20 295
2431 2.7959030450587283 -9.8185263024899427 29.442897388669966 181 166 187 0.35869467435213437 13 349 18 347 25 453 17 519 22 89 14 317 19 306 20 315 15 339 16 314 12 349 4 355 10 315 8 92 9 310 7 90 3 94 11 340
2432 1.9740813639907704 -8.5703520050145752 28.630061592482107 116 103 130 0.56302626195154026 24 491 17 550 23 496 28 463 29 515 19 536 5 502 9 512 6 510
2433 -1.5507766328893242 -3.4530641843855707 4.7197571298460597 0 0 0 0.11409282814750349 14 555 18 629
2434 2.2261129138135676 -7.9161258765159932 28.476551879635636 38 39 71 0.55977151499664834 33 473 17 572 20 579 15 588 16 556 12 397 18 406 11 401
2437 -2.8565072241021507 0.6238653056897937 42.44105471283315 35 21 28 0.52806260229220781 13 638 22 794 23 849 25 864 26 881 28 874 17 616 30 868 29 570 19 592 20 624 16 604 18 466 11 613 11 614
2438 3.5507434383754681 -12.266962231673512 29.421428506822249 46 34 46 0.81745067388652692 34 550 17 619 35 589 39 574 40 604 36 616
2439 -3.4941769711934101 -11.40883370378406 29.525236439726825 128 118 145 0.30599377598551741 14 452 35 622 17 630 36 651 38 643 16 448
2444 -31.123133154321106 -13.466196572385821 89.564594481739903 143 110 125 1.0626124671801771 38 1014 17 654 13 601 4 658 15 599 6 537
2445 5.5726959743757929 -1.0265333206486842 45.924956211930805 31 25 27 1.1103926441391256 21 1126 17 672 19 659 11 591
2446 5.6690790982227144 0.50548018320793986 42.171135996823899 21 17 21 0.59514546060778162 30 870 17 682 23 1033 29 1085 20 626 16 671
2447 5.272974595901081 -11.817315659949575 30.157592362276308 87 70 98 0.40931900275766958 13 647 14 613 18 684 25 984 28 729 17 688 24 954 27 734 29 742 30 732 19 676 20 636 15 644 16 615 12 640 5 572 4 618 10 601 8 586 9 574 7 593 6 585 3 560 2 540
2449 11.321571512338084 -3.3230052258896001 53.384051883183439 2 1 0 1.6852961484275357 23 1145 24 1247 25 1160 26 1180 27 1308 28 1294 17 805 30 1169 19 756 19 802 16 799 12 818 4 761 5 745 8 744 9 739 10 766 6 738 7 759 2 683
2451 -4.8696635119514919 -10.906344267486229 29.214939059819923 122 45 54 1.0745887566277033 26 1375 28 1363 29 1373 30 1370 17 826 22 1275 24 1317 25 1334 15 853 16 823 12 841 5 824 11 830
2454 -1.4044641730127101 -5.8951349333509251 27.110611912918255 97 25 28 1.3121962548643671 13 883 14 843 18 904 24 1357 17 839 22 1309 23 1373 25 1377 26 1412 27 1417 28 1402 29 1412 30 1405 15 866 16 832
2456 -1.5946681862049275 -4.1317423552362484 4.8851391687424561 0 0 0 0.29034584892077375 13 264 18 265 14 24
2457 -2.4997762795620906 -2.9078847828027592 1.3810166335290857 168 158 182 0.2571122912697652 18 114 17 346 16 113
2460 -2.5040970586744189 -2.6327385968564991 -0.088963744590879273 50 36 47 0.5563660713924502 14 1 19 0 12 3
2461 3.6117120989933746 -12.303868735217407 30.075593633029296 160 142 160 0.19150548782860977 29 8 19 3
2462 -2.6306848078649376 -2.5784618165671778 -0.24143584536241125 200 189 202 0.39584387252354775 18 3 19 11 15 11
2463 -2.6533142424492482 -2.7379570987005546 0.32234555880972665 120 109 134 0.272355345360492 13 23 19 22
2466 -2.6664637840998826 -3.4939974605485986 3.3667082317509691 70 57 75 0.18125799126518244 18 75 19 50 15 63 16 74
2467 -2.5373658571531261 -3.4674473928190963 3.4789815942464721 119 112 143 0.090496267682689507 13 91 20 97
2470 -2.562976610499152 -2.538492938138845 -0.23568057486748309 183 169 192 0.0015826193159664162 17 103 19 74
2472 -2.3862390615171307 -3.0702053527525921 2.3620329047853965 0 0 0 0.24321702912903498 13 135 17 135 18 144
2473 -2.5565308554769532 -2.8946610555091552 1.5698079164568788 182 171 193 2.0943550947887566 18 142 19 107 12 143
2476 -4.0337876042947691 -7.3606185378117734 28.415427156593193 3 3 12 0.72009164421959704 29 155 19 137
2479 4.4327224097243674 0.40824580358991275 42.095327374660037 21 17 18 0.27913174694614551 25 184 30 190 19 185 26 571 27 543
2480 4.4124488843999403 0.41033546700244633 42.010393591896715 21 17 18 0.39158096128318559 23 190 26 572 28 162 19 186
2484 -0.65971439876503468 -10.586863898940104 29.150862879231251 121 112 142 0.65545493518180753 25 25 19 277 26 34 28 43 10 287
2485 3.1762142971425784 -10.467669476664618 29.616496020719907 83 59 80 0.25165450488645574 22 73 25 432 26 445 28 57 29 453 30 403 19 291
2488 -2.5333901799147402 -2.9254611744990262 1.4571316439640374 185 175 199 0.59638649598456228 18 358 19 323 20 336 15 351 16 323
2490 -0.89938819148193994 -7.9130133978257815 23.486477610052255 128 120 153 0.96480817306616795 25 421 19 331 12 365 14 103
2491 -2.4571940491775939 -2.8770340881279277 1.4509987719207662 169 158 185 0.94088348493795693 14 352 19 344 20 139
2492 -4.5269970904308146 -7.7595168391908889 28.108406834201613 43 23 36 1.3681843088953674 32 207 19 361 12 159 5 133 10 142
2493 4.0890276961612093 -7.7927548278770713 28.53163774317629 59 62 93 1.6577799014297532 14 380 23 155 40 229 19 367 28 501 34 196 26 151
2494 0.015881220705697148 -0.23513003844835009 43.835736152318646 38 31 38 0.6216775751124618 24 566 25 558 19 410 20 201 15 438 12 447
2497 -3.267286569197271 -11.630186504522898 29.448484441570361 189 176 194 0.24432869524670275 39 345 19 436 32 338 16 436 12 470
2498 -2.6873984637445925 -3.6588805891003919 3.3581365272679089 196 182 205 0.25233504932835177 18 491 19 440 15 461
2499 -3.6482662264022898 -1.2735732187930682 45.20557148812086 18 9 12 1.0288828192421373 24 1008 19 571 23 1019 15 612 23 825 12 607 5 553 8 560 7 571 6 643
2500 -2.2412649937963103 -10.319085673539 29.264495492017438 188 175 197 0.49357679125379939 14 474 17 489 31 627 32 633 35 673 36 691 39 654 40 673 19 616 34 620 38 690 33 661 37 696 18 536 20 496 15 492 16 476 16 621 11 489
2506 2.7921513582248552 -1.3797007549485099 44.73665367151451 10 1 3 0.95826555307789008 32 851 33 900 34 875 35 907 36 941 39 918 19 763 11 777
2507 -2.421767446811673 -10.186805632320564 29.299287927338693 147 135 160 0.33466665665025125 40 1046 19 785 20 817 15 819 16 783 11 794
2508 -2.4598124439716704 -3.507369778017146 3.456939524450573 166 152 175 0.13872029162598742 14 793 20 819
2512 -0.45863729159660038 -6.801505526039918 29.050543828643349 24 3 3 1.2288706840431103 13 907 14 864 17 869 18 933 32 1065 19 864 20 888 15 885 16 860 12 874
2513 -2.1080864955301779 -9.3996225784848377 28.876868684108821 124 109 124 0.77014204478519765 38 194 14 324 31 207 33 194 17 338 19 318 22 85 35 21 40 200 32 24 13 359 20 329
2514 4.242133898195477 -10.081178847752176 29.216266105441086 93 80 105 1.1084217606351874 36 695 39 662 40 679 17 640 32 642 38 696 33 415 35 400 37 423 19 622 14 497 15 515 31 401 16 624 12 533 5 480 4 524 10 509 8 483 9 478 7 489 6 478 3 462 2 447
2523 -1.8027739023339624 -3.1831275267683137 3.2653486549343831 174 156 182 1.194190039364605 14 635 20 657 12 590 13 589
2524 -1.791126798273575 -3.1954621130318976 3.3068324128931361 174 156 182 0.069572859733919717 14 634 20 658
2527 4.9304377153669332 -7.8825752693587674 28.502468770436412 21 16 25 1.2442757002389502 27 501 32 466 33 478 34 451 35 477 37 501 38 486 36 496 39 198 30 498 23 525 24 523 25 520 28 498 29 539 14 557 18 415 31 473 13 403 17 575 19 366 20 383 15 592 16 370 5 357 4 406 10 361 8 351 9 359 7 337 6 138 22 155 3 330 11 405
2528 -2.5290792648545986 -2.693623558926018 0.11976052217854105 182 171 179 0.41780800925910133 17 9 20 5
2529 -2.7421421110544331 -3.4204868341499215 2.4381130116236807 0 0 0 0.29170203094964497 13 5 18 12
2530 -2.8107602911103871 -3.6792337875664942 3.3363802072711093 143 130 149 0.22561543349686769 17 16 20 26
2531 -2.6407832082940299 -2.589765722352749 -0.18538275138301957 71 60 76 0.076174076519621034 19 211 20 28 15 251
2532 -2.5837038720857639 -2.891784490653357 0.81039136874988138 0 0 0 0.19714404858758758 13 21 18 25 17 20
2533 -2.4186850773099668 -3.1075457772936761 1.542563235812652 102 88 114 0.11955156736630165 13 24 20 34
2534 -4.4914240125406284 -11.305708464285161 29.233229680764111 186 168 181 0.69728331145736389 30 28 20 39 15 260
2536 -2.602716346927 -2.5357860856714662 -0.31450173575739493 98 82 109 0.15964718712270201 17 63 20 67
2537 -3.8795546900077569 -10.357667292814615 28.885243646874471 67 59 84 0.72465320963780067 26 425 27 403 28 377 20 72 25 415 30 53 10 48
2538 3.6024290172968803 -10.553999702017212 29.743752026658587 125 100 122 0.37051696178251037 30 67 20 82 22 74 4 77
2539 -2.6977111857840059 -2.5273645793253179 -0.27498018723628403 184 171 197 0.081673774960724477 18 93 20 105
2542 -2.2234459717768997 -0.31416900931876868 43.519851533031442 53 40 48 0.72358197226009469 26 192 27 178 28 153 29 189 30 182 20 198 8 234 6 234
2544 -2.2033758410254238 -3.1332734071452748 1.4936995322455802 177 163 179 0.23755359951065466 17 231 20 220
2545 -2.3188098948700069 -3.7412127903529084 3.5594472373202284 61 50 66 0.12861814683992337 13 256 17 243 20 235
2549 -2.5307887515745184 -3.5612487499878549 3.6286695735577066 198 183 204 0.94158595474069695 18 333 19 287 16 295 12 325
2550 4.3824694580319719 -10.124210607870138 29.478851971665147 112 86 120 0.77872084043063738 23 449 27 429 28 426 30 80 20 307 22 714
2552 -2.5703715804073002 -3.4604272282454853 3.4528305144226876 123 114 141 0.26818920887193132 14 305 20 311
2554 2.6747914749780497 -8.4189325015704028 28.84656463087045 161 146 172 0.36826907272575632 28 109 20 371 26 124
2555 5.8066359483128211 -8.0911446461894414 28.762256689103978 112 96 125 0.88454251550312468 19 119 22 152 20 378 5 349 8 347 2 130
2557 6.9673646532264026 -7.4503723352355689 30.469476222926637 53 29 35 1.0122033847923677 30 157 20 396 26 156 27 152 28 139 5 528 13 669 14 638 12 661 4 568 10 554 9 533 7 543 6 532 3 512 2 502 11 657
2558 -4.7904149101222178 -0.94042781568370593 45.381971571774834 90 64 70 0.20013135310421881 38 53 20 412
2560 1.3763582596732822 -0.21925911945745913 44.323038866237241 34 28 32 0.79685455853755183 22 188 23 188 30 186 20 427 16 416 11 610
2561 1.3596948707848584 -0.2034144529893073 44.336147336522508 34 28 32 0.80011984349483367 22 189 20 428 11 609
2562 -3.284405607886959 0.3919226897257197 42.429339059815682 51 29 31 0.69630963426366943 13 223 14 196 28 541 20 433
2564 -2.6980008069358918 -2.8016448347603355 0.47206514905255842 26 13 22 0.2619352962868699 19 424 20 441 15 446
2566 2.8264135966168533 -9.4783704492501641 29.179055395588833 179 163 189 0.44330800869143994 19 501 26 479 20 529 22 99 30 439 18 581 27 96 15 536 16 515 11 520
2567 3.432374146527716 -9.4589916572820023 29.355932368273891 65 49 78 0.54240134997192646 13 546 14 518 17 532 18 586 19 510 30 449 20 538 23 774 24 468 25 787 26 795 28 788 15 541 16 523 12 551 11 360
2570 3.8270539320777925 -5.1619552013548127 56.952859050689256 30 5 9 0.63903016399720791 13 609 14 395 21 918 20 596 17 408 15 416 12 199 19 156 5 617 4 665 10 648 8 544 9 623 7 558 6 545 3 521 2 509
2574 3.8380589318864442 -10.701155634243065 29.172377171003347 110 91 119 1.4998813221656706 13 733 14 685 17 697 18 764 32 805 36 879 39 861 20 719 34 818 35 851 37 880 38 889 40 864 33 844 16 689 11 630
2575 3.7937438993978745 -4.2325254495289464 52.589304734712663 15 6 7 1.6282274363549871 39 911 20 827 35 981 36 1023
2576 -7.0363355519396835 -9.7053795841286536 29.342308849693104 98 72 85 0.93192690030764036 37 1097 20 839 15 838
2581 -2.7372888220660201 -3.6593685290037823 3.4984799330534435 130 120 148 0.15999152722244669 17 36 20 48
2583 -2.3174212407179895 -3.7230217063484647 3.5623718949978507 47 39 63 0.14367946361161646 13 262 20 241 17 249
2588 5.3767551904007469 -12.5556672733066 30.320357979697857 52 37 49 0.36582410535472537 24 7 26 2 27 6 15 0 28 7 30 8
2589 -2.7584747323069729 -2.9284580332412107 0.84452246329603819 71 58 67 1.0503052135659734 14 428 17 1 19 2 15 2 13 456 12 0
2590 -2.5016124018759349 -2.7665890164537137 0.33204035088261463 0 0 0 0.087907566604656762 14 0 19 1
2591 -2.5767940266535065 -2.7240778511735502 0.2230633980653508 0 0 0 0.20274481409533437 14 10 19 14
2592 -1.679665019130832 -11.994683200834725 29.685765382943295 24 13 27 0.45919714023628505 14 8 29 6 15 15 30 9 5 4 4 10 7 6 6 5 2 5
2593 -2.5265206240935445 -2.7449922936258901 0.3364960501030419 107 98 129 0.10535215014919189 14 25 15 26
2594 -2.5250022826729173 -2.6361241676441241 -0.020745830771110616 0 0 0 0.50545167189308771 14 28 20 35 17 28
2596 3.0410914306572021 -11.251631547108603 29.267883086305023 148 129 154 0.72535078647698081 14 32 17 39 36 4 15 36 20 49
2598 -2.5392293573006275 -2.8324719047327278 0.73024438573386241 106 88 104 0.12825052927494576 18 54 15 47 16 50
2600 -2.6664637840998826 -3.4939974605485986 3.3667082317509691 56 42 61 0.18125799126518244 18 74 19 49 15 64 16 73
2602 -2.3198678811538613 -3.3858467176731155 3.51662368499928 0 0 0 0.43159960656213681 13 115 20 119
2603 -2.3768740832113742 -2.8375698049075599 1.199465841899866 92 77 103 0.11589541522748033 17 125 15 121
2604 -2.3768740832113742 -2.8375698049075604 1.1994658418998672 92 77 103 0.11589541522750767 17 124 15 122
2606 -5.1304682658302214 -7.5439107306787179 28.125091773181421 9 1 6 1.0726331771526625 23 793 28 814 29 810 30 812 15 155 16 151 5 520 4 559 10 548 8 140 9 525 7 536 6 333 3 501 2 486
2607 -7.8689160650249663 -8.9409081776585175 36.347073880584745 101 75 86 2.9136719524486225 40 246 15 158
2611 -2.5839159632306545 -2.488586496292335 -0.53391510700555012 49 37 49 0.33948260911278255 14 201 15 218 13 227
2612 -2.6149528349676432 -2.57173309478849 -0.26419069483509122 202 189 202 0.32707652330696141 17 232 15 230 14 209
2613 -2.5967679363087326 -2.4862078457370624 -0.53132707671115897 119 98 121 0.035198421320182909 17 17 15 239
2614 -2.5854517361217502 -2.5685162139918587 -0.26181195696793291 67 56 73 0.074748908271148135 14 224 15 241
2615 -2.5854517361217502 -2.5685162139918587 -0.26181195696793291 67 56 73 0.074748908271148135 14 223 15 242
2616 4.3779678710390204 -11.96405217792816 30.06762473858349 142 124 151 0.4174625467272719 23 23 26 13 15 250 22 26
2619 -1.1296645605980506 -11.468389381757756 29.439141282606549 115 102 130 0.39302279348077124 13 265 20 244 26 391 27 365 15 261 24 373 29 384 14 233 18 268 16 232
2620 3.0554491323262898 -10.858074106785004 29.647019723129322 101 86 117 0.3282461860519994 13 314 22 389 26 440 15 302 29 436 30 391 14 278 20 286 17 298 19 269 16 467 9 279 11 76
2621 -2.8940242282831048 -10.600417521675441 29.359928293924327 127 121 144 0.34364973166522267 20 287 36 172 39 159 15 307 12 311 11 312
2622 -1.4914443858215305 -9.8803633892548977 29.131359448530471 126 121 148 0.38487186704951887 26 453 15 331 30 75
2623 -0.78376919825267088 -9.8770582782920364 29.021295891700632 128 119 150 0.67673658913801438 23 437 15 332 24 436 29 474 26 458 2 296
2624 -1.7952624566082673 -3.8140081348207713 4.9200617868437773 0 0 0 0.13131573623689524 14 499 18 92
2625 -1.7867725262271485 -3.3848095911858471 3.3291029640490977 0 0 0 0.18103005329134547 13 360 20 332 17 340
2627 -2.6822214540207003 -2.5565663239523437 -0.10674335042887498 0 0 0 0.11176259819149598 18 368 20 346
2628 -2.4486245326101552 -2.9079646003749189 1.4185833235605636 0 0 0 0.10093498882709098 18 364 19 328
2629 -2.4614921135514756 -2.9064765360926583 1.4800299122796068 0 0 0 0.24329787240906026 14 339 20 349
2632 5.1899737219257327 -8.3549120709803155 28.631874545102594 111 42 62 1.7327936595631763 19 113 20 148 33 464 34 444 15 385 31 463 39 448 17 142 18 162 36 484 16 142 16 549 11 554 1 382
2636 3.7226964214014031 -11.84303254983465 29.572585159862587 158 140 166 0.5827865247893278 18 483 19 429 34 335 15 452 32 333 16 432 12 473 14 439 17 242 11 451
2637 -2.513777747225701 -2.7438105677418894 0.32078539233170672 176 165 187 0.5549335786555174 17 457 15 462 14 449 12 481
2638 -1.5446496631032869 -4.108525789060967 4.7783270981839472 71 57 76 0.70915968092583526 13 475 18 490 12 482
2641 0.22348576112285173 -9.9944873025956298 29.233947767263896 62 55 80 0.7988248851655495 18 560 30 418 15 513 23 439 24 437 26 456 28 412 29 471 17 512 16 496 11 332 13 344
2642 -2.4093940754103569 -2.9629533550351423 1.4318827587937202 0 0 0 0.37122790608677508 13 523 18 564 19 489
2644 -0.26915408664105844 -9.2352299327434473 28.969206331340672 64 54 80 0.57808977380160653 14 515 18 588 19 513 27 446 15 542
2645 2.7361449275341823 -8.665244665372267 28.926733542298305 114 104 135 0.36893637834176757 26 807 30 797 15 569 28 800
2649 -77.831716660032953 -19.742451659398053 156.05328577219669 153 132 153 0.4174177065247282 26 1042 15 676
2655 2.7135824731121336 -8.6255063121341973 28.810884010166927 115 106 133 0.65543938449307892 25 797 14 541 13 572 17 557 19 537 20 559 15 568 24 784 35 729 39 721 18 703 38 763 32 696 34 684 23 780 26 806 28 799 30 796 14 542 16 539 12 576 5 505 8 512 7 519 6 511 3 490 2 475 11 541
2657 4.5427456936911748 -8.9467559956794727 28.917983269891984 48 36 43 1.1556431669599483 18 821 31 803 14 752 13 795 17 752 19 742 20 772 15 776 22 1055 23 1116 24 1111 26 1156 27 1154 28 1151 29 1165 30 1148 32 913 33 979 34 933 35 972 36 1011 37 1002 38 1009 39 979 40 979 16 746 12 766 5 733 4 745 10 754 8 731 9 725 7 744 6 724 3 702 2 670 11 759
2660 -2.5246604183138435 -2.7476979437953939 0.32635778539004451 175 163 184 0.20557863413897931 13 257 15 253 17 245 14 226
2661 -2.5066949751033674 -2.7338805541243261 0.34348485879014667 184 167 185 0.66550186674078149 13 46 19 238 12 273
2666 -2.5022988623168558 -2.7104168953291627 0.31953096478973136 66 57 84 0.33370761509136126 17 482 19 463 15 488 16 469 13 498
2667 -2.4343058684855414 -3.4537380017057524 3.3555053130390435 190 180 193 0.15651957101894767 18 554 19 482 16 486
2671 4.4461799461426752 -12.489458100248656 30.198780415986871 53 41 54 0.41780012077435713 24 4 30 7 16 0
2672 -2.665735242279732 -2.53236667550284 -0.38538370585021842 0 0 0 0.49546937262522811 15 8 20 6 19 10
2675 -2.3895809017533938 -3.0258436933762454 1.4680653280897804 118 108 134 0.75828039232499422 15 53 18 61 16 59 20 68
2676 -0.46236871846215355 -10.644033979243943 29.258878254518162 117 108 132 0.48027311451090099 25 29 16 60
2677 -2.6097865231435109 -3.4945682439661994 3.3404272856197319 186 176 198 0.27940030836701957 18 70 16 66
2679 -1.9310208810093039 -3.6672656356989082 4.8977942050766892 0 0 0 0.16191084338516123 14 108 18 121 17 118
2681 -0.18242028309271247 -8.7684749401895932 28.683192543201315 104 90 107 0.27051924485911805 18 130 33 29 16 124 19 98
2682 -1.5658995439250087 -3.4712917587262937 4.4950527022757178 0 0 0 2.278338444656844 17 372 18 619 20 565
2683 -3.9280326956212646 -7.5531129648726179 28.067164944250415 93 94 124 0.72848271419085364 34 193 37 214 39 203 16 152 10 146 8 143
2684 -3.1190825220365359 -7.5897784109842643 28.116843793739044 150 156 185 1.1483109361148722 20 154 26 137 16 154
2685 3.7777727108238115 -8.8743629987533055 61.234080208340345 83 60 61 1.4650591306453229 13 187 20 401 27 164 16 171 23 542 24 545 25 538 28 515 29 554 14 392 15 413 17 405
2686 -2.5553463502661349 -0.56183088041349227 43.715302585309217 70 56 63 0.9916078366376142 25 167 16 189 8 225 9 213 11 226
2687 -2.6264286976846916 -2.8500341339740243 0.63188588068880014 210 196 208 0.17886664285306308 15 238 18 254 16 224
2688 -2.7298412545393553 -2.85482975612112 0.72140942358127191 127 114 132 0.2842921184869962 18 28 16 233
2693 -2.5786129480016697 -3.4457988201114595 3.3169877275699213 191 183 205 0.035487451779222148 18 339 16 305
2695 -2.429226661977645 -3.7137348516347455 4.6729734879947662 198 181 203 1.4811240627653011 13 354 18 353 12 351
2696 4.2896297446831335 -9.3116178792563744 29.427637981977306 142 124 145 0.29281959950727321 24 114 26 99 27 456 16 333
2699 -2.6444547993529 -2.466710154178525 -0.45132877983027786 0 0 0 0.17759070552891754 19 549 20 375
2700 7.0831908337441423 -7.7952841774904362 28.608236773521128 56 24 30 2.0647701414359436 23 159 29 161 16 377
2703 -2.6363456125367937 -2.7541699118298015 0.31780801065552616 21 9 18 0.25914821307699293 15 448 17 440 19 426 16 426
2704 4.9904997740332373 -11.044281559147285 30.101396219139783 94 74 94 1.0380034820634743 27 754 29 766 16 463 23 744 25 758 26 770 22 693 8 469 7 474
2705 -2.5857563426593542 -2.5868404924400359 -0.061481509037680467 130 121 146 0.15915977287983635 13 526 16 501
2711 -2.9004982802414108 -1.3555071348694665 44.377901166362953 21 7 13 1.1654470661555552 13 613 21 598 16 577 3 377 7 380 2 376
2712 3.7314151989020927 -0.78016547003563097 43.464324519439899 36 30 35 1.2723208178923775 22 783 16 593 12 621 35 504 40 530 11 431
2719 -4.0875670780180711 0.50553082913777969 43.130039112155799 9 3 4 1.7216874494516909 25 182 28 543 30 188 35 58 19 417 16 420 25 183 38 248
2720 -2.634827876660351 -2.7343588954279845 0.31857505537151026 55 51 76 0.2788981359676419 13 27 16 24
2724 -2.6535107490114656 -3.5709397130715903 3.4396448326068318 0 0 0 0.096587896013166197 17 296 20 283
2725 -1.7509460767208282 -3.5013268005058569 3.2642448685815935 164 139 165 0.80763563936234517 13 325 20 76 14 289 12 318
2727 -2.43298977992968 -3.4491490145234533 3.5517853985912335 190 177 198 0.92759223562149429 18 572 19 496 16 509 15 525 12 542
2734 -5.8096055652370033 -10.032461594736063 28.331342847308925 165 73 80 1.9734656607444878 36 1009 30 1135 35 968 38 1007 39 976 34 929 40 977 33 976 32 909 18 810 14 743 13 787 15 767 22 680 26 761 28 742 29 760 19 686 16 691 12 757 10 742 11 752
2735 -2.7298210531348071 -2.9194168850047588 0.82584801257255658 75 59 71 0.8810006127146448 18 2 12 1
2736 -1.9119887006125564 -12.054148209721502 29.400201481695134 67 50 67 0.12401599726055873 23 2 12 2
2737 -2.4817774951040419 -2.6405671489366842 -0.053987412962527619 187 174 186 0.099640651005829417 15 10 12 13
2739 -2.507051225230172 -2.7464834771030366 0.34107513953965585 0 0 0 0.17788197675411416 15 27 17 23
2741 -2.5212712168417801 -3.1072121161448241 1.7856804454254667 122 110 132 0.39482488149279499 18 62 12 54
2742 1.6185224439572505 -12.603876316719914 38.149021517186597 120 107 128 0.31546262966639138 38 27 12 77
2746 -2.0674637432778686 -3.1878328391392401 2.7924421987854173 153 131 151 1.0565459599652711 20 123 12 133
2747 -2.13503686460251 -3.5833183888236637 4.7768157544930201 175 161 187 1.1775845447746427 13 134 14 123 18 143 12 141
2749 -0.43902525646596879 -7.8901004987303969 28.816214399394809 71 67 99 0.31083870042942235 37 209 12 166
2750 6.4552134477400811 -7.887747187897749 29.133458687528375 57 53 78 0.97441832481083024 22 488 26 154 12 177
2751 -5.0005421016585432 -7.316121229397905 28.429366572312485 3 4 8 1.1711260924080904 27 145 29 157 12 178 10 159 37 45 8 152
2752 -2.5513108729232523 -2.5196815946506672 -0.43468079752845701 188 175 192 0.70958357913796144 14 210 12 228
2753 -2.5970510182140347 -2.5397485392237775 -0.36613685014493191 0 0 0 0.13462677553497798 15 236 16 216 17 234
2754 -2.5960782340149504 -2.5427445762393504 -0.35734196427829135 17 5 15 0.35506897363742357 15 235 12 239 16 217
2755 -2.5790562776477821 -2.4583980649369646 -0.62038514073551976 84 73 89 0.21714402297453411 17 244 12 245
2757 -2.3981021071538118 -2.7219392781937088 0.32452427707693232 0 0 0 0.46383940345540181 14 273 15 296 19 254 13 305
2758 -2.5250930016952635 -2.7345801306306794 0.78653279952158339 189 175 201 2.2472311960190776 13 380 20 361 12 378
2760 3.6222578282640239 -8.7278120652831372 29.077264418617311 110 94 123 0.76777642601886564 27 484 12 385 8 123 7 319
2761 -2.4080083432963448 -2.6120271037853136 0.30491124007222686 0 0 0 0.45400471538324805 13 397 14 367 19 552
2763 -2.9209311348225797 -7.4839546288934233 28.313792862177941 86 90 127 1.5780577204783317 32 221 37 228 12 404 34 210 40 243 38 38 2 136
2765 -2.5865545202506581 -2.5255376369863476 -0.41284063804300636 14 4 11 0.54745711586595835 13 459 14 434 12 459
2767 2.4999247451174651 -11.816753695452372 30.121301969397535 69 57 80 0.34183618980669345 13 474 16 446 17 459 18 494 20 457 29 738 12 484 25 728 26 742 27 731 30 347 28 334
2768 3.9786787401518788 -11.226546482003634 29.219505258630157 153 137 153 1.0238109097964458 40 388 12 489 33 615 37 654 39 610 35 624
2769 -0.95123467321387445 -10.659606822894769 29.32933104533593 66 57 77 0.57132197148313857 17 481 18 524 27 410 12 507 23 409 24 409
2770 4.9728832278431847 -10.218549539579898 29.49575294093836 105 48 71 0.62524596432327728 14 495 15 511 18 556 12 528 37 417 5 300 14 304 16 87 17 83 4 525 10 303 8 302 9 298 7 277 2 74 11 96 11 640 1 108
2772 5.3369754220709638 -8.138070424292092 28.450940958262382 57 13 35 0.85456901428084775 13 586 15 582 17 567 18 623 19 546 32 705 12 586 31 805 11 564 2 491 3 321 6 330 8 344 9 348 10 353
2774 -2.3892794098924166 -3.2697100092162223 5.0551711546641149 100 46 52 1.5902178877132529 13 174 14 155 18 636 12 596
2775 -7.0662804964784662 -8.8401000753177463 29.074904517191122 163 91 102 1.315702600263758 38 454 12 649 8 499 10 329 9 322 18 125 19 94 7 104 6 97 3 476 2 90
2778 11.720862082059243 -3.4457575003454775 52.745833473632345 40 34 42 0.7356245931005273 25 1032 12 679 24 1005 26 1046 27 1179 30 1168 23 1144
2780 0.22497242374810666 -9.1626273076530484 48.907354121327728 49 2 4 1.5488245629915911 13 750 14 704 18 779 28 1166 12 723 23 1129 29 1176 5 682 4 661 10 704 8 689 9 676 7 696 6 630 3 660 2 626
2788 -2.610382903477233 -2.5558404388101268 -0.14938466196373867 0 0 0 0.14241245177995282 16 106 20 113
2791 -1.8238848156962519 -3.5468472821820809 3.3077472666411301 0 0 0 0.46122517157160592 15 648 18 691
2794 5.4327313127873609 -27.410639663842865 79.433312095162279 124 117 139 0.33288465737694972 13 17 15 19 5 17
2795 -2.6809360469411376 -2.9326760945709345 0.91497179494497094 0 0 0 0.089763820300100383 12 24 17 15
2796 -5.4973814087175299 -11.56345437780543 29.646177364225046 233 213 223 0.42057800932324291 20 31 5 19 4 25 10 20 8 32 9 23 6 20 3 24 2 23
2797 -3.5386958312458874 -11.38537252297426 29.284313821137889 140 134 157 0.45267307109265742 20 37 5 21 13 22
2798 -0.79902447061982707 -7.6772478177993815 16.712859296068476 138 129 158 0.11900478521212887 17 24 5 22
2799 -0.35476039190127295 -11.399046614528045 29.284928210487504 128 126 152 0.38062092499154765 26 14 5 26 28 26 24 21
2800 -1.3131158731357768 -11.509931892549359 29.821573344336375 202 196 210 0.24972229045134461 15 29 18 272 5 27
2802 3.9655154650930204 -15.550118432662025 42.611544596812813 111 109 132 0.25683812273940504 12 251 5 29 13 268 15 259 17 251 7 20
2804 0.0085642806013146878 -17.744593943957021 52.542847708555257 180 170 188 0.15709285691451708 17 48 5 36
2805 6.2780273400418505 -11.362044136032637 29.654368653221848 86 39 48 0.5497856234600661 19 31 5 41 17 44 4 52 7 36 6 38 3 250
2807 2.4286284676056522 -11.067921435901813 29.640158549613592 125 112 130 0.27585020308949776 13 56 17 51 5 44 14 40 20 275 4 55 8 63 9 45 16 45 6 40 3 48 2 47 11 56
2808 0.23084905212551321 -10.665007584518728 28.949507210713509 177 172 196 0.29142815168478864 22 45 5 49
2809 -4.3376930983372857 -10.309017020194132 28.434488340695605 107 85 98 1.2471632468524494 14 47 24 37 5 50 22 38 4 318 6 44
2810 0.78471929919393724 -10.642171172337665 29.374911625942289 139 137 161 0.53814601482695812 29 50 33 6 5 54
2811 6.6212440890722242 -22.149870944544798 71.433090303881713 53 48 75 0.41410985407213508 16 61 5 56 4 64
2812 4.2485940875890345 -10.856102495699082 29.757307889938563 53 48 75 0.0092610553773583432 25 40 5 57
2813 -0.9079858078966756 -10.340602318380268 29.158278555878564 188 183 206 0.52395690773312686 12 58 5 59 9 54 3 60 4 66 10 53 1 237
2814 5.5806976196299267 -10.659273197368499 29.51364077779456 117 67 79 0.50946431174574947 13 70 5 62 12 60 4 75 10 291 8 288 9 281 7 62 6 57 3 63
2815 -2.649675319985588 -20.585673889208287 68.783939295716948 206 197 216 0.65493829529885683 14 56 5 63 15 68 20 88 18 336 19 289
2816 0.63835748706518736 -10.248609279149569 29.267090859535557 147 137 159 0.36086529437649489 29 62 5 75 18 82 13 81 14 66 16 80 17 74 15 77 20 92 10 67 9 63 11 91
2817 3.0541839453013906 -10.17723559162444 29.179036450713536 166 155 173 0.35958922535558929 25 62 27 72 5 80 24 430 22 403 23 429 26 450 28 404 29 462 30 410 4 82 10 70 8 296 9 294 7 75 3 270 2 290
2818 -5.4157294684775463 -9.3273519763554233 28.094033770224357 91 20 24 1.0670902054295028 12 95 16 103 17 97 5 86 19 492 6 72 1 256
2820 -3.2594920039895565 -9.534418640886118 28.935744309833538 61 65 89 0.24591338821560318 12 96 15 93 5 92 4 97
2821 -0.6322525503377584 -19.407068327336805 69.898904358068279 63 54 75 0.48477496353305971 17 98 19 73 5 95 20 110 14 86 12 103 10 85 9 71 6 78 15 95
2822 2.9152157718348355 -9.8164746331303263 29.353123194827003 151 139 159 0.24160388633773011 16 98 18 97 5 98 7 86 6 79
2823 2.0575914723707363 -9.7390306742446509 29.316173082052643 194 186 209 0.34386690709081719 30 86 5 99 26 473 28 76 4 101 8 313 7 89 3 93 2 80
2824 -3.5208722425663983 -9.0655913475334362 28.009126430262409 116 57 64 0.74019964284213358 22 83 23 82 24 81 25 69 27 88 28 71 5 100 4 104 8 101 10 316 7 288 3 284 2 302
2826 -4.3085744635274885 -8.4836076711398007 27.732183899715295 54 20 37 0.62355546960293051 20 126 5 109 4 123 10 117 9 90
2827 -3.7894019461608481 -8.6181513206980149 28.270344879058989 53 19 43 0.41776347147695808 15 367 17 121 19 97 5 110 4 124 10 118 8 110 1 148
2828 1.2895225493134239 -9.0320554349214017 28.936543810334165 190 180 204 0.51129819447015745 12 367 14 340 18 374 5 112
2829 -4.3250209339832564 -8.4071524745740778 27.891417537302271 118 92 113 0.60374492930087609 15 127 17 129 19 102 5 118
2830 0.25307815133436151 -9.8318345622321726 33.628408105505379 115 110 133 0.27229810853094205 20 130 5 120 9 99
2832 -5.3751214333759183 -8.235100733879344 27.851482046602985 175 77 78 1.46045802458313 18 390 5 122 4 140 5 327 10 334 3 118
2833 -0.56509355811066342 -7.7139105679015358 24.813292870908764 153 145 169 0.051470276608605231 17 138 5 125
2835 4.0224122267539757 -8.3518787768805467 28.872853257376068 137 126 146 0.43168297298416858 16 362 19 114 24 143 26 132 29 139 5 134 12 152 18 159 13 388 17 373 15 144 4 156 10 141 8 134 9 118 7 129 6 129 3 130 2 119 1 173
2836 4.2588502953261935 -8.0485888536899743 28.786950378769273 83 85 125 0.54070061537804703 29 149 5 139 9 125
2837 -6.670040163411695 -7.3716975200155384 28.499075288069619 203 162 173 1.2464810172686223 22 482 25 516 26 529 28 497 30 145 5 140 4 180 2 133
2838 -4.9796591743670193 -7.3448807523510213 27.91665429429732 107 111 137 0.70457095422612792 12 408 15 595 16 561 17 394 18 422 19 373 20 394 5 141 10 362
2839 -5.0059895952281961 -7.3729057892901118 28.054349388805484 107 111 137 0.93288924116208594 12 407 17 393 18 421 19 372 20 393 5 142 15 594 16 560 10 363 1 296
2840 3.8609640427152656 -7.920131449536302 28.900374617686918 112 117 146 0.59846184631401578 12 401 19 129 23 152 5 145 13 402 15 393 10 154 8 149 9 531 7 135 3 144
2841 7.2408247780322208 -7.6327273206583737 28.259601387862318 109 51 61 0.82236499597220225 16 161 5 153 9 135
2843 5.94395735652851 -7.906321733698233 33.791239876328198 56 43 45 1.1143159412032284 16 163 10 166 9 140
2844 -4.4317037333500116 -6.7034143108311204 30.749894196128047 136 101 113 1.6001479442686835 16 166 5 169 18 425 19 378 20 162 13 177 14 560 3 345 2 163
2845 -4.7017948969439569 -6.4767391984191107 30.845856097155799 182 156 162 1.0146506955113013 14 159 5 179 4 575 8 376 7 163 7 646 6 170 6 539 18 710 17 714 15 786 3 351
2846 4.0226950518735443 -8.7889638322461323 60.347406847036517 113 77 79 0.82881270066283097 20 170 5 188 4 220 9 171 6 179 3 174
2847 -5.4518371781958894 -4.5227526376284359 31.319761838630818 186 155 160 1.5294966200513411 16 177 10 187 9 174 3 178 11 211 14 168
2848 -3.6496105205632543 -5.2476648429186783 57.288756992297792 169 121 130 0.86530410574549055 15 606 17 659 18 716 5 190 12 672 14 645 16 645 16 573 10 190 9 380 7 178 6 369 2 508 2 581
2850 3.5758922729473839 -1.8724183946314503 45.703726612398285 14 8 10 0.71486275710655134 14 404 15 196 18 444 19 391 5 209 4 243 7 207 6 382 11 215
2851 5.4160982780975369 -12.314881919726208 29.905764042180927 177 168 188 0.49760163369283994 12 222 13 2 14 429 15 219 16 208 17 215 18 237 20 213 5 231 4 269 10 239 8 237 9 232 7 10 6 421 3 213 2 223 11 242 1 314
2852 6.348859722065364 -28.032786024332875 79.969150252054106 11 3 16 0.67760550686522014 20 221 5 232 12 240 13 239 17 229 4 274 8 238 9 236 6 243 2 228
2853 2.7787336336268571 -9.9545007024854808 23.188109684965571 132 124 146 0.52684265883267911 16 225 5 237
2854 -5.2886635642890791 -11.263478807588257 29.031972725422065 74 27 35 0.96001796853435317 14 23 25 8 29 14 5 240 8 34 7 17
2855 -4.8019097505160966 -11.195859194731241 29.095814907411004 134 110 134 1.1495968565551835 13 28 14 27 20 40 22 19 23 361 24 367 25 368 27 360 28 325 29 21 30 338 5 242 12 30 15 28 16 23 18 31 19 25 4 283 10 251 8 44 9 438 7 443 6 254 3 222 2 29 11 268
2856 4.5872959254048125 -13.364413681103976 35.169169876803693 112 104 133 0.27058421067715349 17 250 5 244 15 255 20 242 19 214 4 41 7 22 3 227
2857 6.1225927556397473 -11.434069048006643 29.795303221247618 179 162 169 0.91269656914171748 12 491 13 479 15 645 16 616 17 631 18 688 19 447 20 640 5 260 4 308 10 270 8 264 9 261 7 255 6 267 3 248 11 695 1 579
2859 5.5448777713042299 -11.146549616858501 29.640744831171141 167 149 166 0.41302741909050483 12 493 13 481 14 269 15 474 16 265 17 288 18 311 19 251 20 468 5 264 4 314 10 276 8 464 9 265 7 259 6 268 3 252 2 270 11 295 1 329
2860 -4.134494428682669 -10.454441291900364 28.96064479137209 119 117 141 0.75484651137400927 25 22 26 31 5 268 30 50 10 280 8 275 9 271 7 43 3 253 2 274 11 72
2861 -3.6342200162726761 -10.458925872677657 28.969202292891822 136 132 155 0.7740466807541444 25 412 5 269 23 402 24 404 26 426 27 402 28 373 29 422 30 51
2862 -1.3635906168250316 -10.471886239397136 28.870669348952042 146 141 163 0.4390810450988919 25 24 5 275 24 44 28 380 26 429 8 278 7 47 6 275 2 279
2864 0.83509559238588515 -16.908575484796394 52.339027755214509 132 128 153 0.37128421849113946 12 313 16 281 5 279 10 288 9 277 6 278 3 260
2865 -4.0015543854268252 -10.001345852276708 28.649921458177406 62 21 28 0.62660555872554913 29 442 5 283 4 333 10 58 4 68 8 71 9 56 7 479 6 470 3 61 2 54
2866 4.7939172969984636 -10.652291456568895 29.717743233996522 183 173 193 0.37930814231937443 12 512 13 502 14 473 15 314 16 471 17 485 5 287 18 530 19 464 20 491 4 340 8 290 6 469 3 266 11 486
2867 -3.7315029311350876 -9.8365531235263823 28.396371239716707 102 53 76 0.8207055553187006 25 42 5 289 8 292 6 64
2868 4.5260417374170094 -10.396289787723436 29.674867225758597 177 162 180 0.38919327157206918 12 330 13 84 14 297 18 337 19 293 5 291 15 322 10 298 4 519 8 476 9 471 7 482 6 287 3 269 2 289
2869 4.819286736300274 -10.303309440260893 29.555380196426476 195 176 196 0.26827121440891266 12 523 13 513 14 488 15 506 16 478 17 496 18 546 19 474 20 504 5 294 4 347 4 521 10 301 8 300 9 297 7 275 6 290 3 460 2 444 11 501 1 347
2870 -2.2048396176832572 -9.7818485798187407 28.960969874829996 142 136 162 0.054288322135728852 28 409 5 295
2871 -0.91107048157412174 -9.8105402084804325 28.845905916501952 142 138 164 0.45468275251737972 26 455 5 297 25 439 22 407 29 470 4 522 2 295
2872 -0.29923792481187317 -12.895223888864621 41.144804106002539 145 141 166 0.5010120243828291 18 343 20 310 5 298 16 307 13 342 14 307 9 300
2874 4.2918110588018008 -9.9140993265080724 29.524925888330859 198 188 204 0.30364591148111064 12 345 5 304 13 527 14 500 16 505 17 516 18 569 19 490 20 517 15 522 4 353 10 313 8 311 9 307 7 284 6 299 3 282 2 300 11 509
2875 -2.8173229098721624 -9.1482471452389706 28.566179201854268 189 185 204 0.70977692342847654 16 324 25 77 5 307
2876 0.15969109174028806 -9.3423818456149856 29.014764987113871 189 183 207 0.047638425399376794 17 344 5 308
2877 4.0327695187589763 -9.5686342410603356 29.189043758565589 172 159 176 0.43267560949295325 25 84 28 82 5 309 22 426 23 464 26 81 27 439 29 87 30 92 24 456 10 319 8 317 9 314 7 293 6 302 3 287 2 304
2878 0.75441045537159379 -9.2218638480675246 28.974613251559706 141 139 164 0.28992020405894975 15 357 19 326 5 314 17 354 16 330 8 320 4 362 10 325 9 318 3 292 2 310
2879 2.5053082372325401 -9.0499785677729161 29.080324617128703 214 202 217 0.41862398269962192 26 490 5 322 22 432 25 470 28 448 29 503 30 456 4 368 8 325 9 324 7 304 6 104 3 112
2880 -6.7139009934442431 -8.0829311416559477 28.126883409912697 172 89 92 1.2930283199926509 12 580 13 576 15 661 16 360 19 350 5 335 4 379 10 128 9 333 7 513 3 483 11 647
2881 -2.6635750000348759 -2.5374410498743276 -0.1112629735428384 0 0 0 0.3003312388348936 18 154 20 562
2882 5.1946387046242259 -8.6084116508490922 28.727727641225879 141 63 79 0.59684367452054887 12 386 14 545 15 573 16 544 18 392 19 348 20 368 5 341 4 386 10 343 8 337 9 517 7 322 6 321 3 314 2 325 11 387 1 287
2883 3.8703764762475719 -8.4487142700431015 29.045483828592154 190 183 200 0.41261683830168305 22 456 23 506 5 344 24 501 25 503 27 490 28 476 29 522 30 479 26 509 4 390 10 345 8 340 9 342 7 323 6 323 3 317 2 328
2884 4.9977591879422665 -8.3927276558856203 28.907233627907939 173 144 160 0.37982603068270598 15 146 18 397 5 345 16 141 13 152 4 391 10 346 8 135 9 343 7 325 6 325 3 318 2 329 11 152
2885 6.0227838041163038 -8.2124351165847411 29.217111208777315 107 99 119 0.39199042192576844 27 138 5 351 4 403 10 357 7 331 6 135 3 324 2 132
2886 -2.6417698418409858 -2.5006973815426372 -0.23800305965476176 0 0 0 0.081991835072567631 16 378 18 170
2887 6.173049888854484 -8.0753108044473052 29.034420901575526 15 12 35 0.60956904489713737 16 373 28 500 5 354 4 405 10 360 8 348 9 355 7 334 6 337 3 327
2889 6.2223580548240003 -7.9044772575418412 29.619826874487583 2 2 7 0.41495187649530729 29 816 5 361 7 541 2 347
2890 6.5124028432555328 -7.6449755344196388 31.677051269178243 53 37 40 0.40767937311903502 15 403 5 366 4 191 10 165 8 362 9 137 7 144 6 154 3 152
2891 -4.0568868790841863 -10.992765546373647 57.739150794479194 154 83 91 0.62280457740761552 12 414 13 172 5 368 3 336
2892 -6.1957965442990144 -6.5103442526435771 28.380858104423073 131 78 96 1.0406104199073627 14 386 17 580 5 371 8 361 10 375 3 149 9 138
2893 -0.80984787148967341 -9.6958082254384248 49.872216311143539 55 3 4 0.82706347479419828 15 404 16 564 17 399 5 372 13 599 4 570 13 670 6 535
2894 -6.7804791756238227 -6.4718692649233418 29.751460762189062 141 105 119 1.1241439374644011 13 672 14 640 15 672 16 639 17 713 18 708 19 640 20 668 5 376 4 415 10 382 8 168 6 163
2895 -6.7889302884505085 -6.2657370598813129 29.580340850299205 201 159 172 1.3795660940027883 15 601 19 563 5 382 9 160 3 350 2 355
2896 3.5456845412221689 -10.262485896268183 56.299808508007963 124 88 92 0.5725790765200679 23 539 24 542 25 156 26 540 5 386 28 838 9 162 7 358 6 171
2897 10.858923640575268 -3.9692189432645764 55.669410493429716 19 12 19 1.0214932283799667 27 529 28 523 29 844 5 400 22 772 24 811 26 853 30 840 25 836 4 588 8 387 7 195 6 552 2 201
2898 10.875472518948834 -3.9834534064075862 55.824665471548883 19 12 19 1.0616590165607582 25 837 27 530 28 524 29 845 5 401 22 771 23 822 26 854 30 841 24 812 8 386 7 196 3 368 2 200
2900 6.3629667717494325 -1.1590520592610756 45.466712004815371 5 1 2 0.95876247294392902 30 524 5 413 24 1019 4 685 10 424 10 727 8 570 8 652 9 405 7 579 7 668 6 562 3 390
2901 -0.93553394748085517 -0.5418317888287123 43.711242040566198 13 4 6 0.55954298384775158 27 171 5 420 10 227 8 413 9 411 7 405 6 401
2902 -2.6866936550376925 -3.1340405286888133 1.5250128027613585 0 0 0 0.28976607279929345 17 441 20 440 14 430 13 457
2903 7.7713817530059854 -27.820358435329311 79.2286029257221 175 167 187 0.55167524453057337 12 461 16 427 20 439 5 436 4 276 10 458 9 430 7 433 6 428 3 418
2904 3.2925499700827117 -2.1808917897741731 11.042338175702026 0 0 0 0.61565481237276531 21 795 27 350 23 710 24 357
2905 3.0709244428590674 -11.859113651520811 29.742423266023906 182 175 194 0.17420199975784906 22 345 26 386 5 438 28 324 29 381 25 721 30 717 4 475 10 463 8 436 9 433 7 436 6 430 3 420 2 405
2907 5.4450145738995861 -11.992977710577218 29.825300161359966 174 164 187 0.54186067821268158 12 466 13 463 14 438 15 451 16 431 17 447 18 480 19 428 20 442 5 441 4 279 10 247 8 241 9 432 3 423 2 407 11 450 1 318
2908 -1.7333938902055175 -11.12576674105514 29.529879644855711 20 16 25 0.45709985028007011 12 281 13 293 14 265 16 257 17 283 18 301 19 242 20 269 5 449 15 286 4 486 10 476 8 448 9 445 7 451 6 441 3 432 2 413 11 284
2909 1.7958867406881127 -11.20578791514828 29.499730767836731 184 170 186 0.14315169796970048 22 676 23 726 24 739 25 741 26 751 27 739 28 734 29 749 30 739 5 460 4 492 10 484 8 461 9 457 7 462 6 453 3 437 2 422
2910 0.39870812444281684 -10.770544381769168 29.010534719372647 183 171 186 0.3073584063042768 25 749 5 464 22 683 23 734 24 745 26 759 27 748 28 741 29 759 30 749 4 503 10 489 8 463 7 469 6 460 3 447
2912 7.2218232631889094 -10.754984897125006 29.870203530390587 85 32 38 0.40856872718131748 22 399 23 427 24 429 25 430 26 446 27 418 29 454 30 764 5 471 4 514 10 501 8 293 9 470 7 270 6 471 3 454 2 436
2913 2.273838650247229 -10.14283594883147 29.106421614758421 175 167 188 0.22253786543770757 22 707 23 760 24 759 25 772 26 783 28 768 29 776 30 771 5 476 27 770 4 520 10 507 8 479 9 474 7 486 6 475 3 459 2 443
2914 -0.6449089754763353 -11.090713970719309 34.047243477625649 148 145 169 0.52156165712268554 17 515 19 488 5 478 12 534 18 565 8 481 9 476 7 490
2915 4.8607352675831672 -20.17688873804175 69.873324163046888 134 128 154 0.4836702218544523 17 513 18 567 5 479 15 519 13 524 7 488 6 477
2916 3.9818976903343057 -9.8758345330462483 29.397737094488946 175 160 179 0.30335914184259166 27 431 5 484 4 530 10 515 8 484 9 481 7 494 6 480 3 464 2 452
2917 4.3256329927142554 -9.5845723393138407 29.344459214037389 201 188 204 0.36795750572439251 14 512 15 533 18 578 20 527 5 493 12 648 13 656 14 625 15 654 4 360 10 523 8 496 9 495 7 298 6 493 2 305 11 522 1 361
2918 0.52056672097524959 -8.4048105287657844 28.217290814323004 151 147 173 0.27696604990038398 23 492 27 477 5 504 10 534 9 336 9 510 7 517 6 505 3 488
2919 2.7077433853409278 -8.5678926584027071 28.604648179500156 133 128 156 0.27868879454872908 22 736 25 798 5 506 10 539 8 513 7 520 6 512 3 491 2 476
2920 2.8150133328439777 -8.4319404752656606 28.98773395878564 186 177 198 0.41404119131687267 17 560 5 510 12 581 14 546 15 575 16 546 18 617 19 540 20 563 4 556 10 544 8 521 9 518 7 525 6 518 3 494 2 481
2921 4.3032876919406435 -8.5071194548427265 29.008184582380782 182 176 198 0.38824538489609772 12 582 13 578 14 547 15 574 16 545 18 616 19 541 20 370 5 511 17 369 4 555 10 543 8 520 9 519 7 524 6 517 3 495 2 482 1 381
2922 2.1473128555222911 -7.993633597797837 28.30136680949408 170 168 189 0.67624626930481768 22 459 23 511 25 504 26 512 27 493 28 480 29 527 5 516 30 806 24 791 4 394 10 352 8 139 9 347 12 161 7 327 6 329 3 136 2 332 11 159 16 146
2924 3.6876827821063145 -1.4219736749664109 11.714723993164553 0 0 0 2.0957998828895654 21 911 26 816
2925 5.5908184345159571 -8.1702189448611087 29.159496711054654 165 153 171 0.55727915595781452 22 481 23 523 24 520 25 517 26 524 27 499 28 492 29 811 30 493 5 522 4 564 10 549 8 531 9 527 7 538 6 527 3 506 2 493
2926 3.974070795864673 -11.538424277721495 59.779157518718861 80 63 62 0.49311840933101614 14 559 15 597 16 562 17 577 18 424 19 560 20 585 5 529 13 598 4 569 10 555 8 535 9 537 7 546 7 644 6 534 3 513
2927 3.3315618268239038 -8.4728236138442554 59.853771227605371 31 10 9 1.062503375326985 22 762 23 817 26 845 27 838 5 536 24 809 25 831 29 838 30 838 4 580 10 392 9 545 7 556 6 542 3 361
2928 4.6867249808347475 -4.5642022881064097 55.09871962981974 24 7 8 0.60664021580635052 21 919 5 537 4 584 8 547 9 383 7 561 6 546 3 522 2 510
2929 -4.5009979314642896 -11.092136721859545 28.738361127739598 12 9 16 0.5203520711064038 22 897 23 948 24 947 26 990 27 992 5 570 4 614 10 600 8 585 9 573 6 584
2930 5.2640885158850503 -11.808113458250508 30.160879463605088 108 99 131 0.31439205494977818 22 673 24 955 27 733 28 730 29 743 30 731 5 573 4 619 8 587 9 575 3 561
2933 -5.6366609643032008 -10.061092235071049 27.925823868015272 188 88 96 0.52769801213700818 12 708 5 580 16 690 19 685 4 624 10 606 8 593 9 582 7 599 6 590 3 567 11 635
2934 -1.461887761100791 -10.230390145253621 28.898130392643328 208 197 216 0.29385533309364775 23 743 27 757 5 582 25 757 26 771 28 754 30 761 4 626 10 609 8 598 9 586 6 594 3 452 4 511 2 547
2935 -4.1937673457574727 -9.6238256358030352 28.014392992526631 124 48 56 0.47466761131652346 23 747 27 1008 5 586 4 632 10 619 9 592 7 615 6 606 3 579 2 552
2936 2.4752701819374576 -9.7504666768663579 29.276031276189347 186 175 198 0.53636244489383056 22 718 5 595 24 766 29 780 30 1004 23 973 24 969 25 997 26 1011 27 1016 28 1012 29 1021 10 624 8 612 12 540 16 507 9 599 7 619 6 611 3 588 2 559 11 508
2937 6.2019518242501395 -9.7479837385667665 28.995847121836615 59 9 12 1.2263866032695669 29 1022 30 1005 5 598 2 561
2938 6.2967357968112383 -9.7533513019604445 28.968187413438329 59 9 12 1.4893498815793034 30 1006 5 599 23 768
2939 -4.50883000525873 -7.0026968383962549 31.19295517247 126 98 106 0.70199246839559937 13 597 14 639 15 670 16 563 17 578 18 637 19 561 20 586 5 613 4 654 10 642 8 631 9 615 7 642 6 629 3 606 2 499
2940 8.4813513524797326 -4.2973953433940331 54.810857131285559 60 50 58 1.1855249324564123 22 948 25 1153 27 1058 28 1177 5 624 24 1298 26 1305 29 1186 27 1305 30 1345 26 1352 27 1359 4 755 10 713 8 553 9 628 7 705 6 192 3 666 2 634
2941 8.9130418663734154 -3.8898598158328719 55.348769513757773 16 7 8 1.6298073545228922 23 1142 24 1003 5 627 28 1041
2942 -9.1935108097257903 -2.6910570130645488 53.421461883880681 49 25 28 0.64353156368974729 26 1045 27 1061 28 1042 5 628 23 1143 25 1158 29 1190 30 1167
2943 -0.64395027884744549 -0.62065091500813008 43.634132237156834 60 51 57 0.64560179309752896 17 674 5 645 4 690 10 671 8 654 9 643 7 670 3 632 11 682
2944 -4.7382281944608762 -11.858090199611643 29.61189855447617 14 11 14 0.62831326078338645 12 694 13 715 14 671 15 703 16 673 17 684 18 748 19 671 20 704 5 649 4 694 10 677 8 660 9 706 7 676 6 658 3 636 2 602 11 688
2945 5.7672217310841116 -11.244004982770466 29.647966728261522 7 1 5 1.2840481117381328 12 703 14 682 16 684 18 758 19 612 20 715 5 662 13 728 17 693 4 732 10 739 9 657 7 734 6 667 3 641 2 610 11 696 1 582
2947 8.8341577845764867 -9.8329159287107633 30.713740917552382 39 10 14 0.81661970147724583 23 985 24 976 27 1023 28 1023 30 1015 5 668 25 492 29 507 27 468 4 706 10 628 8 679 9 666 7 624 6 672 2 564
2948 5.6870234905816401 -8.9114875421538606 28.863946522254238 59 12 18 0.30981212420792459 13 796 14 753 16 747 17 753 19 743 20 773 5 670 11 708 1 512
2949 5.211857603843228 -8.8829966330690429 29.144982215350677 43 2 8 0.50097422080139109 12 714 13 738 15 719 16 693 17 645 18 768 19 690 20 723 5 672 14 630 4 648 10 694 8 680 9 612 7 635 6 673 3 649 2 569 11 646
2950 5.6032899036066404 -8.4676746232689535 28.228971140625482 132 43 53 0.53674139920246633 12 715 13 739 14 693 15 720 16 695 17 703 18 769 19 691 20 724 5 674 10 696 8 682 9 668 6 674 3 650 2 617
2951 -5.2539011533526967 -6.5583924105740286 28.781228004330114 68 32 42 1.3464228967015415 24 1122 26 1164 27 1294 28 1284 29 1172 30 1153 5 678 25 813 4 710 10 702 8 685 9 673 7 751 13 747 14 701 15 726 17 711 18 777 19 699 12 720 16 702 20 734 6 732 3 655 2 621 11 658
2952 -1.4445031755215754 -9.909409092676384 50.716852929257726 145 53 55 1.0613520897622475 12 719 13 746 14 700 15 785 16 638 17 710 18 775 19 697 20 732 5 679 15 671 4 655 10 643 8 686 9 617 7 643 6 676 3 656 2 622
2953 -0.13382433739619892 -9.7201221865988821 50.128568928385114 104 25 28 0.8465605627011159 14 702 16 703 17 712 18 776 19 698 20 733 5 680 13 748 4 711 10 703 8 687 9 674 6 677 3 657
2954 -0.54039598154953261 -9.511819934531804 51.1738702186532 117 34 31 1.1779112828284821 16 704 5 681 4 659 13 674 14 641 12 666 3 609 2 577
2955 -4.2277606124863052 -4.7851327804762684 57.026918804798242 171 127 138 0.50240249998721631 13 753 14 646 15 732 16 646 17 660 18 785 19 705 20 674 5 684 12 673 4 664 10 706 8 635 7 648 6 631 2 582
2956 4.4086970724213339 -5.1048679003184967 57.074554768415695 121 81 81 0.96473300996558253 14 709 15 788 16 710 17 718 18 786 19 706 20 737 5 686 4 666 22 769 29 1058 23 1135 21 1109 10 708 8 691 9 680 7 649 6 632 3 661 2 627
2958 7.7377197845571741 -3.7570773141676028 53.502322595464868 15 3 3 1.1115221107951261 24 1137 25 1157 30 1166 5 692 22 1086 23 1141 26 1179 27 1175 28 1182 29 1189 4 759 10 763 8 804 5 805 10 828 9 687 7 756 6 735 3 668 3 773 2 681
2959 10.836673512384188 -3.7209656661655761 55.331206027331355 9 3 3 0.85586134708768125 14 714 17 763 5 693 10 655 7 707 6 640
2960 -5.7011646682045294 -10.906430050787696 28.650243166698711 189 86 92 0.8560129530703946 12 754 13 781 14 740 15 762 16 734 17 738 18 808 19 732 20 758 5 712 4 727 10 736 8 713 9 708 7 729 6 703 3 684 30 1259 22 1167 24 1213 25 1238 26 1263 27 1266 28 1259 29 1272 2 648 11 747
2961 -5.6846314946131846 -10.878030878520242 28.592363317659959 189 86 92 1.0103923457106243 24 1214 26 1264 29 1271 5 713 22 1168 25 1239 27 1267 28 1260 30 1260 4 728 10 737 9 709 7 730 6 704 3 685 2 649
2962 6.8606731918762245 -11.797233611134459 30.04130285161132 2 0 0 0.66665867210739604 12 700 13 779 14 679 15 708 16 679 17 735 18 754 19 678 20 709 5 714 13 724 4 729 10 734 8 714 9 710 7 731 6 705 3 686 2 650
2963 2.3492930784818249 -11.146619043025066 29.550110500567392 161 148 170 0.35399930468792368 25 1243 26 1268 30 1263 5 717 2 653
2964 2.3492930784818249 -11.146619043025066 29.550110500567392 161 148 170 0.35399930468792368 30 1262 5 718 25 1244 26 1269 2 654
2965 6.8461032594709375 -10.668912126738622 29.229778085119463 31 1 1 0.56833258880141624 14 742 16 737 17 741 19 735 20 760 5 721 4 734 10 688 8 718 9 715 7 736 6 710 3 692 2 612 11 751
2966 -3.4858744282253373 -9.6012233320442046 28.543648567869088 103 59 62 0.74491401455714168 22 1179 23 1237 24 1222 25 1248 26 1273 27 1279 28 1267 29 1278 30 1265 5 723 10 692 8 722 9 717 6 713 3 646
2967 -4.8755744542140498 -8.4909392257052048 27.724484885395061 71 18 28 0.53645652369815489 20 770 5 732 4 742 10 752 8 729 9 724 6 722 3 700 2 668
2969 -1.9287146796930248 -11.75143687644684 29.535235067808316 154 146 167 0.39308656246691731 33 1031 38 1063 5 756 4 772 10 778 8 752 9 748 7 766 6 749 3 726
2970 -1.1438099288039325 -11.933623459704149 30.05081527922086 153 146 168 0.89519309870606001 38 994 39 970 5 757 36 1000 4 773 10 779 8 753 9 749 7 767 6 753 3 727 2 691
2971 2.8590010918587558 -12.061763378246722 30.019076835893507 133 125 146 0.58348498474057964 22 1165 24 1211 26 1261 28 1258 29 1269 30 1255 5 764 4 780 10 785 31 922 8 760 9 755 7 773 6 759 3 734 2 697
2973 -4.8787425082723095 -9.9654078490563922 27.947715252447846 152 66 79 0.48265240868249987 12 758 13 785 14 744 15 765 16 738 17 742 18 811 19 736 20 762 5 776 4 792 10 744 9 767 3 691 11 750
2974 -1.2049285658565658 -10.668581809493162 34.202137166305938 137 134 155 0.36311371744419357 13 839 5 789 10 810 9 785 7 807 3 755
2975 -1.2049285658565649 -10.668581809493158 34.202137166305931 137 134 155 0.36311371744419008 13 838 5 790 10 811 9 786 7 806 3 756
2976 -2.4146444793067072 -8.6521808846994919 28.55210895037953 129 117 140 0.47108852970848636 26 1285 5 792 4 810 10 815 8 791 9 795 7 813 6 790 3 757 1 662
2977 6.8704274841340558 -4.3171732936742799 54.113872942073897 88 57 62 1.0661299721065569 24 1329 27 1388 29 1353 5 803 22 1283 23 1348 25 1344 26 1385 30 1344 10 826 8 819 9 805 7 822 6 813 3 771 2 727
2978 6.9255439598664825 -7.5555912799300193 28.826897799575288 0 2 1 0.79242241650758394 12 832 13 861 14 832 15 857 16 825 17 828 18 898 19 814 20 854 5 816 4 828 10 838 8 815 9 815 7 836 6 809 3 780 2 738 11 822
2979 -5.8239785994474538 -6.1209077290697573 29.21696264058841 74 32 36 1.6697570512285624 5 817 4 829 26 1380 28 1371 29 1376 30 1373 22 1278 24 1322 25 1340 10 839 8 816 9 816 7 837 6 810 3 781 2 740
2980 -2.7568899214171769 -7.7977187779367192 27.867332957599288 185 177 198 0.80630395894891016 20 843 5 825 4 835 10 835 8 812 9 812 7 843 6 818 3 778 2 748 11 820 24 1350
2981 -2.7910495685526229 -9.6562554710222468 53.644355109244195 166 80 88 1.9110057187311889 18 899 5 828 12 850 13 879 14 839 17 831 19 826 15 864 16 830 17 836 19 832 20 859 4 837 10 845 8 824 9 824 7 846 6 821 3 787 2 752
2982 7.2051713082271505 -7.0119911972765552 30.257529948276858 158 71 88 1.5673422213988213 13 874 25 1379 5 829 22 1313 23 1377 24 1358 26 1416 27 1419 28 1403 29 1413 30 1407 12 845 14 833 15 858 16 826 18 900 19 827 20 855 4 838 10 846 8 825 9 825 7 845 6 822 3 788 2 753 11 833
2983 -10.458448986020123 -2.1016098084372117 48.288756230324715 187 146 160 2.0735844051064589 23 1406 26 1448 27 1457 28 1436 29 1445 30 1440 5 832 22 1346 24 1395 25 1409 4 842 10 848 8 828 9 828 7 850 3 791 2 745
2985 4.3794840433401756 -10.120165182342143 57.313296834631487 147 97 100 0.86013492698242411 12 851 13 880 14 841 15 869 16 834 17 837 18 906 19 834 20 860 5 839 4 850 10 853 8 833 9 834 7 857 6 831 3 798 2 762
2989 -0.89446222951827559 -10.53801292442172 32.424737064849793 166 161 187 0.53231781590074956 12 881 13 909 14 866 15 888 16 864 17 872 18 937 19 868 20 891 5 863 4 874 10 875 8 854 9 856 7 879 6 853 3 822
2990 -0.89446222951827559 -10.53801292442172 32.424737064849793 166 161 187 0.53231781590074956 12 880 13 908 14 865 15 887 16 863 17 871 18 936 19 867 20 890 5 864 4 875 10 876 8 855 9 857 7 878 6 854 3 823
2992 5.701364922276829 -8.2663029006130095 28.837318183799109 58 13 27 0.85055613320631152 24 980 26 1028 27 1030 29 1039 30 1021 31 677 12 655 5 518 30 135 13 389 17 376 4 396 8 525 9 346 7 532 6 520 3 500 3 601 2 487
2994 -3.7429494767374369 -10.152299217539291 28.871105077470997 128 118 130 0.73690434254021098 23 961 24 962 25 990 26 1000 27 1004 28 1008 29 1012 30 998 31 624 32 626 33 658 34 616 35 668 36 690 37 695 38 684 39 653 40 670 18 765 14 688 13 653 17 701 19 618 15 716 12 644 5 664 4 702 10 689 8 677 9 661 7 688 6 669 3 643 2 611 11 703
2995 -3.2773665156263467 -12.686675522987294 34.363403789424531 138 138 164 0.36538507882382498 13 38 15 31 19 28 5 32
2996 3.9721102909496264 -12.718718271788918 34.98055599331844 149 140 161 0.1491552052710341 16 42 5 43
2997 -0.09890007377339996 -12.977692218282389 50.540560930427972 187 185 199 0.52125538414355455 12 145 5 128
2998 13.007739287979858 -17.708653141038074 98.08371545922428 59 43 49 0.73694423929982822 19 375 5 159 6 344
2999 -5.2538758498992859 -3.5903261800122093 33.104939410275101 186 148 159 0.69118233745075142 13 891 5 849 4 860 7 866 6 838 2 770
3002 -3.0792297792848804 -7.7658429259023762 28.163690805394861 155 149 167 1.7949634313783518 24 790 36 777 28 806 29 801 27 804 26 811 30 1018 27 1026 29 1036 22 926 28 1153 25 1008 35 740 38 774 37 915 39 742 34 698 40 746 32 836 31 683 14 553 13 587 20 578 20 662 15 587 16 555 12 588 37 210 14 369 18 630 17 571 19 555 2 331 6 131 9 122 4 160 10 144
3003 -7.5699517030956551 -26.882492756744806 77.171281162567624 8 3 10 0.95558222342508448 5 5 12 5 4 11 13 4 14 4 15 6 16 5 17 4 18 8 19 6 20 9 8 12 9 6 6 6 7 7 3 9 2 6
3004 3.5767913897147756 -21.040532000233227 57.925107683988472 189 182 197 0.5154952276760828 5 10 13 7 4 17 8 22
3005 -2.7979772548977815 -3.7357423812131008 3.4681741951374856 0 0 0 0.25280965931394134 15 14 18 15 16 12
3006 5.1890662446635307 -12.193669783755418 30.077063313846722 90 76 98 0.2440253302549841 12 19 16 11 4 24
3007 1.9462662554574686 -16.451827258782551 44.366052393776208 135 129 152 0.54481401937214236 13 18 18 21 4 27
3008 2.886458954194469 -10.58669749396404 26.084649425796808 109 105 134 0.73552678307004238 16 19 19 20 4 42
3010 4.8900328606696162 -11.187580379915874 29.461925240888739 112 99 124 0.40126229694039822 13 53 15 46 18 48 4 53 2 43
3012 2.138763125701781 -9.9981604094926659 29.209756873471527 126 125 157 0.0074746517223723751 37 18 4 92
3013 2.5736161039382313 -10.050888394159482 29.675916999166056 167 162 184 0.4116493768625209 12 94 4 96 17 86
3014 4.1581960021796913 -9.9558328491582255 29.705883638910667 60 50 71 0.18874411782424233 16 101 4 100 14 79 7 84
3015 -1.6984149992092439 -14.631896346061922 51.145691021880609 136 126 150 0.32848514772724574 19 317 4 108 17 337
3016 -5.5538832235264017 -8.5498230604451173 28.675495256479991 113 31 39 1.461933654893729 15 128 37 200 4 131 7 113
3017 -3.6903667189888694 -8.4961845173943296 28.206209979512906 184 161 180 0.53809389534673635 14 119 17 130 18 139 19 103 4 133 13 377 15 372 16 345 20 360 10 123 8 114 9 97 7 116 6 314 3 301 2 316 11 376 1 150
3019 -5.6971117778630349 -8.2071933297531885 28.019548467471576 175 79 83 1.2631625501141246 14 129 4 141 10 127 9 109 2 104
3020 0.35943168012713655 -8.5210455459621652 28.363418494635592 202 197 220 0.57587691596076473 24 123 28 99 30 114 4 144 26 112 6 117
3021 5.8346324529488323 -8.7125107808011606 28.738676837149832 104 39 41 1.3721802553088762 5 338 16 354 4 148 30 126 8 125 28 108 7 523
3022 3.8858167988562764 -8.6246481275362328 28.893983524870016 27 22 49 0.53658582801470567 24 494 4 149 23 500 26 503 28 468 10 134 7 124 11 147
3023 1.2084571127445645 -10.882007206002928 41.096415274476783 176 167 186 0.49820823141055171 15 140 4 152
3024 3.04210279811877 -7.7059754032124568 25.323070480973204 199 190 211 0.29155498791453111 5 343 16 138 4 153 10 139 8 339 9 116 7 127 6 322 3 316 2 327
3025 4.730278985886847 -8.4949401777517934 29.044749461130948 20 11 23 0.42752339489947816 12 151 16 140 17 140 18 158 19 112 4 154 10 140 8 132 7 128 2 117
3026 -6.6324244536398496 -7.4534450028755241 28.738742923304091 120 57 68 0.73699424272196368 27 502 4 166 9 530 3 325 2 340
3027 -3.4420397672362761 -7.4719063107064034 28.065273563806514 114 117 148 1.0723561914801454 25 132 4 167 11 178
3028 -0.77769595119998658 -6.5871522644201468 22.662826021081493 89 94 130 0.086007530959099049 14 152 4 169
3030 -6.7333873769397865 -6.6148692110844678 29.895584526941768 212 164 177 2.074668981608029 23 991 25 1015 29 1047 4 187 24 984 10 168 8 161 9 143 7 145 4 197 6 158 7 150 8 165 10 171 2 162 9 368 5 165
3031 -4.7443487626958971 -6.9678486781676972 31.202180498228572 28 9 15 0.98491044228861124 16 164 4 189 6 349 3 153
3032 -5.7402943547516099 -10.856752902300842 61.638635177097086 126 85 93 0.6007982993441725 15 407 4 206 19 379 10 172 6 359
3034 -0.88792288290537413 -4.5783635268505458 50.623857244506809 149 53 50 1.0325188540203802 23 1256 22 1196 24 1240 25 1146 26 1300 29 1303 39 985 9 679 2 678
3037 4.725342015731913 -1.2770820200988597 44.607943702182695 9 4 9 0.51469517082588667 24 190 4 255 9 205 2 212
3038 -4.7167328274273777 -0.5996427634195578 44.099969988204727 105 83 90 0.75230297691950843 17 196 4 257 7 213 6 217 3 203
3039 -4.9413880236545724 -0.25855992416518131 44.463874102834545 21 10 12 1.3713889288875836 33 64 4 261 30 860 23 553 20 415 9 217 7 401 11 600
3040 2.9320571392879589 -12.355366982270308 30.004963260003887 57 49 64 0.30328505626940261 15 3 4 267
3042 0.095178169499059162 -10.631326561593019 29.222666766434077 143 139 162 0.57638880863758202 14 284 24 412 26 431 4 326 22 384 16 282 19 272 27 411 28 382 29 429 30 379 8 281 6 276 3 259 2 281
3044 2.0258311554049406 -22.058714547318626 71.067124366910832 129 126 155 0.26845028818880184 13 322 14 283 4 328 10 289 2 283 9 278
3045 3.0707161964307219 -10.806101358737791 29.567358054741174 122 116 145 0.20053167505709196 28 389 4 329 8 285 6 279
3049 1.4760135444236528 -9.9738616006276253 29.219058133714569 138 135 162 0.45554331824908989 27 424 4 350 9 302 7 281 6 296 10 308 3 83 2 298 30 424 11 333
3051 3.2156421996968501 -9.3604116353498714 29.187950673792695 133 126 159 0.19912526866229346 26 93 4 365
3052 4.7022146009608852 -8.8955742854455906 29.10955124745983 179 148 171 0.7011818904512771 12 144 13 557 14 350 15 377 16 347 17 539 19 521 20 358 4 378 18 146 18 597 10 532 9 506 7 315 3 122 3 485 2 472 11 379 1 274
3053 3.1504697464176337 -8.0219666021433707 28.631807284301878 187 183 210 0.66914215089479678 22 147 4 399 8 345 10 355 7 328 6 332 3 139 2 335
3054 0.63631456451760493 -12.047678336145875 51.81810749653723 76 83 120 0.28490100180191796 15 156 4 400
3055 4.0542691775841551 -8.051555842988952 28.846058818047005 85 85 115 0.4796715112100951 5 348 12 398 4 401 13 155 14 368 17 148 18 405 9 349 8 346 6 334 2 339
3056 3.7815475514950028 -7.7591825758585644 28.880893955994967 5 6 17 0.57902099746212066 22 485 25 523 4 408 24 529 8 355 28 131 6 530
3057 -6.1735537990351084 -6.7417562688385937 28.082171697343664 154 87 100 1.3732388786133576 13 596 4 410 9 362 7 143 6 343
3058 6.8912186410520304 -6.9880495618015033 31.369487218766018 72 34 42 1.805996682619704 5 183 17 655 4 420 12 724 13 751 14 707 15 729 16 706 18 781 19 701 20 735 8 181 9 165 7 167 6 365 11 574
3059 7.5883666489377015 -6.2336918413242763 31.765967563185189 70 19 28 1.300797096856467 25 534 26 539 27 159 29 829 4 423 22 752 28 512 23 536 7 362 3 360
3061 -4.4924111753992637 -10.670880721147752 28.75913044459358 92 27 46 0.43160441468878447 18 690 4 498 9 461
3062 3.76695368201726 -10.323540083721342 29.486439674327908 176 166 188 0.26617220977149508 22 405 23 435 24 432 25 438 27 419 28 405 4 518 29 464 30 411 10 503 8 475 7 485 3 458 2 442
3063 5.2393627631950226 -10.105846762654398 28.886917166942201 101 32 41 1.2790878254496156 5 477 12 526 4 523 10 508 9 475 7 487 3 585 31 630 32 634 30 412 26 64 2 555
3064 3.5872739869858625 -9.4826331605959702 29.157198980290222 192 180 204 0.31355401067504507 5 310 23 469 24 462 29 498 4 539 25 461 27 441 28 442 30 441 10 322 8 497 9 316 7 297 6 305 2 307
3065 4.7568134396221851 -9.0953544763318455 29.25264092976952 149 63 79 0.34605654933815283 12 559 14 523 16 342 17 362 18 380 20 355 4 543 15 120 19 93 9 326 7 309 3 304 2 319 11 140
3066 3.4203731173660099 -8.6281563130281498 28.805970748720249 133 126 157 0.54681461538735121 15 571 22 449 23 783 4 550 24 493 10 541 8 515 9 514 7 522 6 514 3 492 2 478
3067 4.9880148257884915 -8.7514784777475203 29.146530857531932 103 79 107 0.54882112332019994 12 578 14 544 15 572 17 556 4 554 18 614 8 518 11 386
3068 3.5662873768143561 -8.1123759417749142 28.490636821170899 185 176 199 0.38829316238673778 5 517 22 742 27 809 4 558 24 792 8 524 9 521 23 512 7 531 6 522 3 498 2 485
3069 2.5058225831515735 -6.6108677888632839 22.563440413521352 7 6 19 0.77484576502358349 5 152 20 391 4 566
3070 -0.84420678765701063 -9.6952063443782954 50.090317194488918 60 5 7 0.52953573158554967 13 671 4 571 7 347 15 405 13 600 2 575
3071 3.5829776040892325 -10.320128573956065 57.062295851097275 127 91 96 0.76265461632614384 5 534 30 833 4 577 22 940 27 1046 28 1035 10 559 3 516
3072 -10.972797629073439 -1.2816186081390475 48.08495138376081 190 167 177 1.4611054998278095 5 551 26 1387 4 593 22 1285 23 1351 24 1331 25 1347 27 1391 28 1376 29 1385 30 1380 8 394 9 393 6 378
3074 4.4771353718904789 -10.705741107958517 29.890338538926134 173 161 184 0.29269429766680266 26 774 28 760 4 631 27 762 7 609 6 468 3 453
3076 -3.2437604465671885 -7.3555730027318509 28.282129396475188 6 7 18 1.0750545835543726 25 1012 26 1029 4 652 30 1022 10 641 8 629
3077 0.53147606645886036 -9.7971441583355112 49.739965348247011 73 14 18 0.78523590958386758 18 707 4 656 10 644 8 632 9 618 3 608
3078 -4.1012400747234112 -2.7514740243661575 2.32046264977485 0 0 0 0.011827516408296324 16 566 18 183
3079 9.2579407153341453 -4.2719069782619501 55.914767917913025 57 47 56 1.2610229593763562 27 844 4 670 26 851 10 568
3081 1.625300241339003 -12.165320869583429 30.198222751978438 17 12 13 0.47923665482749167 5 652 13 717 14 673 15 639 18 747 20 703 4 695 16 672 17 683 19 599 12 635 8 665 9 649
3083 3.5649049553585614 -1.8647604010022216 11.247580732505815 0 0 0 0.9559372150753831 21 1215 28 761 22 702 23 755 24 754 25 767 26 777 27 763 29 769 30 399
3084 -3.3395678859681275 -3.9167235859665142 48.275997001833069 49 25 28 0.51179508892819958 5 688 21 1108 4 712 10 649 8 637 9 625 7 701 6 680 3 662 2 585
3085 -7.4831566762871917 -3.0583854614723531 53.774501391699488 42 16 21 1.3110481972533241 5 626 23 1012 28 1181 4 714 22 1202 24 1245 25 1156 26 1178 27 1176 29 1188 30 1293 10 654 8 695 9 685 7 652 6 638 3 667 2 588
3089 -2.420147981638145 -10.167305585479859 29.317025375732591 129 119 143 0.35962625342262916 15 820 19 786 20 818 4 795 10 795 8 774 9 770 7 789 6 770
3090 -0.91475327314293375 -10.249561104278801 29.441206585119502 144 136 158 0.4282746723265074 15 821 19 787 4 800 9 775
3091 8.2504931330923998 -7.8229785408732848 29.374446347618512 30 6 9 1.1262274443585198 5 827 22 1306 23 1370 24 1352 25 1374 26 1409 27 1413 28 1398 29 1407 30 1401 4 836 10 844 8 823 9 823 7 844 6 820 3 786 2 751
3092 -0.34549948865924318 -8.94394631553949 50.93651009800179 109 34 30 0.55913051712154793 16 833 17 840 18 905 4 840
3097 -5.8571027945574361 -8.2957324599007407 28.113235788969071 103 24 28 1.5041684063881859 5 121 4 137 24 475 36 475 26 801 23 474 30 794 35 724 38 466 39 723 37 764 34 681 40 485 20 558 16 134 5 325 8 116 9 102 9 327 13 139 7 117 6 110 3 302
3098 -4.3610953689698437 -10.501349913654868 28.802287550511444 122 111 141 0.92438284515388502 14 464 5 579 12 303 13 309 15 299 16 272 19 264 5 262 18 516 20 482 4 311 4 623 28 370 29 417 36 169 27 397 24 38 26 420 23 394 30 373 35 164 37 161 34 137 33 177 4 319 10 274 8 267 9 263 7 258 3 45 2 545 11 302
3100 -4.3212449077449397 -12.747648892486358 34.006621114105414 144 139 163 0.86047843275793556 18 30 4 36 10 23 7 234
3101 5.4261604743425007 -9.3722165562034299 28.597226387634716 101 36 44 0.86838998325689387 12 361 17 345 18 697 4 361 8 498 5 313 7 299 6 306 3 289 2 311
3105 0.05813250239650139 -8.5074520818629491 18.157599381259406 88 76 86 0.50345215496714957 13 0 10 2
3106 6.78250166084824 -28.112492741993719 80.520129293445194 189 182 197 0.53570065951211332 12 17 10 14 7 230
3107 -4.4078223717475051 -13.188894778714848 34.265646339026269 0 0 0 0.41874152670076564 4 19 5 12 12 22
3108 -3.3847527684963787 -11.368482298498421 29.277695415106098 0 0 0 0.27019867387411628 19 21 20 38 26 9
3109 -1.4676618057549689 -8.6796716674779795 20.131161090979145 137 133 160 0.48506597772843385 18 29 10 24 16 22
3111 5.0578036446642036 -15.658507981210883 42.744444469366179 99 101 125 0.21564268466404324 20 32 10 26
3112 -6.3000154185875843 -11.034239262778366 28.820904494218869 135 69 79 1.473220060247233 13 30 10 28 28 25 18 276 19 446 20 461 27 24 9 242 29 383 7 236 6 434 2 238 11 269
3113 7.1543361427045227 -11.919404164092242 30.361388828925957 46 44 45 0.53052844257735932 22 34 25 13 10 29 28 338 29 394
3114 6.6857046391730135 -11.562168044590452 29.666540401292334 19 3 3 0.22669373586196168 20 43 10 31 9 35 3 230
3115 5.4812012883912882 -11.384955909108342 30.061122208472899 117 102 128 0.40564075503587987 30 47 10 37 11 50
3116 5.4812012883912882 -11.384955909108342 30.061122208472899 117 102 128 0.40564075503587987 30 48 10 38 11 49
3118 4.3502605070413498 -14.408547843131716 42.444159740357179 125 121 145 0.32938892451613805 17 57 10 43 16 55
3120 -0.47575520403742333 -31.387922422949835 109.45869046525698 68 58 84 0.55125412600931256 12 64 10 62 14 57 17 67 13 74 15 65 20 85 19 48 16 75
3121 -1.6092580934386662 -10.132930848822667 28.983449952479987 123 115 139 0.36157553358783023 14 63 10 64 12 75 3 70
3122 4.9256100760559827 -10.513445879119624 29.639744486636726 158 139 160 0.53950947244444469 23 69 10 66 2 64
3123 3.4629022391906048 -10.16234505242889 29.550166781763657 132 125 156 0.31316213638946183 13 88 10 77 3 86 2 73
3124 3.940376136444895 -10.05302158483885 29.339608481549334 58 53 78 0.14520186041785699 24 79 10 82
3125 -4.3672695183631625 -9.3288106012031449 27.721231571520267 63 9 27 1.4411314242789761 12 340 10 83 8 85 4 87 5 84 9 69 6 73 3 82
3127 -0.32513319509131855 -19.577729467741879 70.884348640218747 199 197 218 0.44776552700659888 14 89 16 104 10 86 8 89 9 73
3128 -0.14658197406540571 -9.5698184134539872 29.055202787724358 206 198 218 0.3293014976733693 28 75 10 87 30 84
3130 3.6809325491575549 -9.7121022485044755 29.313704988993042 152 138 158 1.3398223772157274 22 92 10 93 26 76 6 88 3 96 12 106 2 85
3131 -0.87855765139819131 -8.4136950564296136 25.103710875366744 0 0 0 0.25238750188026032 4 111 14 98 20 337
3132 -1.8365462672955548 -11.703766281201375 40.483676686097674 144 144 169 0.14785276524787108 18 117 10 102 6 93
3135 -7.4009107892514194 -8.3645913317648297 29.221921105619959 127 93 110 1.2636522900892408 25 111 10 131 8 502
3136 3.8983351697133428 -8.6383634054406073 29.077247975048305 48 45 71 0.65902741809469323 19 111 10 133 13 143 9 114 11 148 1 161
3137 4.1021535990169671 -8.8070919173493003 33.934928639706357 117 118 145 0.49624677686755458 4 170 16 157 20 385 14 377 15 396 18 417 6 338
3138 -2.8142538417928025 1.5549839382203599 3.8177733556551146 0 0 0 0.31217613421415236 32 222 33 40
3139 5.0216503966420705 -7.7222503514427334 28.407244802178212 75 79 106 1.0481080047241358 5 360 33 229 35 221 10 162 34 197 40 232 6 151 3 148 2 153
3140 -4.5401620671475955 -10.783924676079867 57.723044136786619 107 15 20 0.42673751469526894 4 195 13 175 14 158 15 171 10 169 12 416 5 162 9 146 7 149 3 157 2 349
3141 -5.8811491684389168 -3.7564077089654746 31.658419007046749 26 6 8 0.48109419673680592 16 179 10 191 8 189 9 177 3 180
3142 6.6023288127811002 -12.604049779668765 30.035818063745339 53 47 51 1.3084939428730662 16 207 10 234 7 411 15 443 19 422 3 555
3143 1.5045641161885008 -12.184693485634044 30.025877879417173 13 9 17 0.2266553307380044 4 14 30 12 10 240 9 8 7 227 6 9 3 211 2 14
3144 7.8396791613323824 -42.692216887301214 126.46286378259612 189 177 195 0.74750233912776332 4 273 14 217 18 249 10 241 13 10 15 12 16 9 8 434 9 233 7 432 6 242 3 212 2 227
3146 -0.34465204050214004 -11.519451107452314 29.629577670561858 0 0 0 0.3996671214630162 4 284 18 269
3147 -3.3111451618092191 -12.478772717486455 34.333424375466201 15 7 27 0.4344382748641229 4 290 5 246 13 290 10 255 12 269 14 256 15 282 16 452 17 280 18 500 19 247 20 465 8 251 9 247 7 242 6 255 3 231 2 249
3150 3.3049310992257523 -10.574324351989814 29.818408701475828 203 192 209 0.34851856586126029 30 66 10 296 4 342 2 288 3 69
3151 -3.6610293835049346 -10.003596734482132 28.695578085138074 214 187 205 0.80512647621094269 5 73 12 327 17 314 10 297 13 508 14 479 15 496 18 540 19 469 20 500 11 322
3152 -1.6524010999897041 -8.8997660866037709 25.334469354231459 143 139 162 0.39955734172317825 15 330 10 304
3153 -0.95368509371629784 -7.634645720923376 20.070234836185509 146 141 164 0.39293537847401472 4 83 17 321 19 302 2 68
3154 -3.4904683410862525 -9.0386008285056754 27.95761779955426 114 55 66 0.70297914803906014 25 68 29 483 10 317 22 84 23 83 3 285
3155 6.3893365087469789 -9.5002989430812637 28.409938503755498 108 42 45 1.345222734767451 19 319 10 318 7 290 5 492 9 313 9 494
3156 1.8190610372188609 -8.6030460786741543 28.461674020654808 196 190 215 0.53381772721770926 5 334 24 482 10 335 27 467 30 460 8 331 29 126 7 316
3160 4.7660446715309117 -7.8640830580553631 28.917752372425717 176 174 189 0.43803764464710049 12 594 13 593 14 558 15 400 16 559 17 576 18 420 19 557 20 582 10 368 7 338 3 332 2 342 11 407
3161 -2.7549519303341667 -2.7783900771420074 1.4666312273117326 0 0 0 1.9763259010354881 12 411 20 158
3162 2.6371982568288526 -3.034749095367784 1.8663309468137625 67 52 53 1.591177670425779 5 370 10 374 7 345
3163 3.6287767578821306 -10.709267230510696 57.118860716613121 33 3 5 1.2241639282000052 4 417 5 381 19 377 10 386 14 387 15 408 16 386 17 400 18 638 20 397 13 416 8 370 9 370 7 351 6 360 3 347 23 815 22 757 25 826 26 839 27 835 29 834 30 831 24 804
3164 -4.4318016581689994 -7.7898674646484931 59.382555798204052 93 59 63 0.86440307731160859 4 581 24 183 27 525 28 520 30 519 10 393 23 171 26 169 7 363 3 520
3166 7.9924048454326666 -4.2686927378391566 54.65317941643832 71 52 59 0.8549980571523268 28 522 10 403 25 544 9 182
3168 2.4537583231903137 -20.774962040258853 57.266552298380972 9 4 10 0.388910381830748 5 434 12 458 10 449 8 431 7 427
3169 2.5455086908544073 -3.1038554474999973 1.0611612057126731 9 3 13 0.63776860846952255 4 470 10 452 7 426 5 433 3 416
3170 2.5450031058454599 -3.1007341296026119 1.0506805232737384 9 3 13 0.72502019679178309 4 471 10 453 3 417
3171 1.1630392030878769 -10.751813078213694 28.954423887146689 180 170 187 0.33318292383168002 26 422 10 491 22 372 23 398 25 408 27 395 28 364 7 470 8 269
3173 -6.2422610489282633 -10.166622979305629 28.872736031363811 185 85 99 0.97643695098119665 13 652 14 619 16 620 17 637 18 694 19 617 20 646 10 497 8 284 6 463 11 636
3174 -1.4367815856929871 -14.897004997684501 51.303478598098351 197 189 208 0.60710435729105416 4 528 17 520 10 513 12 541 14 502 15 524 16 508 20 525 18 571 13 531 19 495 8 485 9 483 7 495 6 482 3 466 2 451
3175 1.8001093107562063 -9.4050286110270154 28.77513547724822 189 182 206 0.31360047051554074 4 536 5 490 25 783 10 520 26 793 27 787 29 788 22 723 24 772 28 783 8 492 9 487 7 502 6 491 3 473 2 459
3176 -10.42736892440144 -7.2996520561664155 38.956462733500366 205 164 178 0.55493548418000627 19 642 10 557
3177 7.5000909214146256 -6.1753079973471596 32.117731201712729 90 56 60 1.5412819509229212 4 424 29 1049 10 560 22 754 23 538 25 1017 28 832 25 821 3 175 2 180
3182 -4.6547192798791608 -7.6005704549969968 28.445919067564493 98 105 148 1.2108376635618772 22 1246 30 1332 10 821 23 1301 32 975 36 1077 38 1084
3183 -0.45971230659847778 -8.5658057571809412 50.869472078644243 124 39 36 1.2519004365182651 12 833 14 808 18 888 19 800 20 825 10 823 13 875 8 798 9 801 3 782 2 741
3184 -8.2080280620648676 -2.7527257237085556 52.978027078050566 28 14 17 0.73927954054975853 5 804 25 1345 30 1378 10 827 22 1256 23 1349 24 1299 26 1353 27 1360 29 1354 28 1344 8 803 9 806 7 825 6 801 3 772
3186 4.1946954470791304 -7.4778608703058653 28.899786372018593 1 1 1 0.48919943845319047 22 1332 23 1391 24 1379 27 1437 10 850
3187 4.369592516164067 -10.101571463509826 57.252287569106173 152 97 100 0.59996650412560548 4 851 13 881 14 842 16 835 17 838 18 907 19 835 20 861 10 854 8 834 9 835 7 858 6 832 2 763
3188 -6.9714790675124467 -5.8230533115621217 29.238042024602841 198 158 169 0.96641395491257909 10 863 13 898 14 854 16 848 17 855 18 920 19 850 20 874 3 807
3189 3.0935086894071815 -3.5659892379576053 60.542302208014547 13 7 7 1.5514386375877995 4 865 5 854 12 877 10 866 17 867 18 932 20 886 8 845 9 847 7 870 6 844 2 774
3190 1.789976409801123 -7.1912024046248924 32.679063586872502 32 3 8 2.1819515280987174 5 858 23 1435 24 1427 25 1435 26 1471 27 1484 28 1462 29 1470 30 1466 10 870 4 869 9 851 7 874 6 848 3 816 2 775
3191 4.7828882870385634 -11.34628365453572 29.457406867807858 123 105 126 1.5615803198192049 18 687 33 617 34 579 36 650 37 652 39 611 40 386 38 641 35 625 13 477 20 462 15 470 4 497 10 260 4 305 13 43 9 459 7 244 2 262 11 463
3192 -4.7321974644092384 -7.4158370982288595 28.410057658147419 88 94 123 1.2446622837234937 29 537 15 399 10 155 30 140 19 132 2 134 11 189
3193 -2.011384790786209 -0.37136996122792382 43.256040355140868 41 41 60 0.8994846656031138 5 224 17 426 30 529 21 939 24 828 25 854 22 788 26 869 27 865 28 861 29 869 18 665 14 590 13 628 19 586 19 664 20 695 15 627 16 595 12 624 12 688 10 433 8 233 7 408 6 405 11 602
3194 4.5429517100103558 -10.96435738655398 29.875882411118155 107 90 117 0.54872201312637547 23 420 29 441 30 395 4 327 24 752 10 283 25 38 17 297 19 267 15 303 13 317 20 479 12 310 27 415 16 276 22 61 26 48 5 282 8 283 9 276 7 264 6 46 3 262 2 285 2 429
3195 4.3338377841761542 -12.051248357706735 29.714478078968313 107 88 111 1.4385616170034463 23 1229 5 766 27 1265 4 782 10 787 32 954 33 1018 34 974 35 1015 36 1052 37 1045 38 1054 39 1027 40 1029 18 849 14 778 13 830 17 778 19 768 20 801 15 812 16 768 12 801 8 762 9 757 7 775 6 750 3 736 2 699 11 792
3196 -4.7245163717770353 -10.700829198606247 28.52981045281323 135 55 64 0.91945904304677417 22 668 23 721 26 395 28 728 30 733 5 576 24 376 25 729 27 373 29 741 4 621 10 604 36 388 38 383 40 401 18 501 14 616 13 480 13 649 17 633 19 609 20 641 15 471 15 647 12 490 8 590 9 579 7 597 6 589 3 563 2 541 11 626
3197 -3.2330530998138136 -21.505197676555603 69.639828794650668 0 0 0 0.5328367698969092 5 277 13 319
3198 -0.72290939718165881 -9.42217108438766 33.381040353683112 145 140 163 0.25699551729171038 17 367 10 340 7 318 20 561 16 543 3 486 7 516 10 533
3199 -19.82941209070243 -2.7374708042772151 34.133031676483128 0 0 0 0.62416965836416149 19 158 36 237
3202 5.6897090971651956 -11.988622882551631 28.277227903896986 55 50 57 0.70804864030646264 10 235 12 632 8 3
3204 -1.7823126216657654 -11.947749131138048 29.502117326715986 211 198 215 0.35659642904604327 5 3 12 10 13 9 20 13 7 5 3 8
3205 0.88786039842199538 -13.162536631285391 34.93174342064124 127 122 145 0.35414679979173619 13 266 8 41 20 33
3206 3.7640968065568527 -11.824621398500055 30.092155340446602 116 111 136 0.35540585948318743 15 23 8 42 7 21
3207 2.7487370173395971 -10.574152511501968 26.036770913558851 0 0 0 0.43200596774265065 4 40 14 21
3208 5.3990737704407596 -11.712495657766237 30.151093954880206 108 97 121 1.2247952494308507 14 30 17 32 8 47 3 37 11 39 10 30
3209 6.5150754718288004 -11.510166871241415 29.657865836842312 162 146 151 0.45420602301524793 12 39 13 40 15 33 16 26 17 33 18 40 19 26 20 44 8 50 3 38 11 462
3210 4.0878290691410166 -11.469544979233827 29.95674872411697 185 172 190 0.17330014860280274 13 42 8 53 17 40
3211 -1.2907079972790647 -10.842990099601193 29.250202974174041 142 134 157 0.57395741889448881 17 54 8 61 11 59
3212 1.6893009237069949 -11.004484083523932 29.560223331199762 116 105 127 0.40845473267140653 17 53 8 62
3214 -1.7359031295897491 -9.1437451885791283 25.206147638303452 132 123 149 0.45198323660349737 4 76 12 76 8 74 15 75 17 73 9 62 7 67 6 61
3215 -4.7790898134565252 -9.4847591465388135 28.175180524388345 64 27 47 1.1416659752457927 4 85 12 339 8 82 7 276
3216 0.13653584833416396 -9.5026346624603306 29.076748659128356 134 127 148 0.29220262522448248 15 103 18 102 8 100 6 86
3218 -4.4724032760239227 -8.4181614259031043 27.56165154944264 51 18 32 1.1982653267126198 4 122 10 116 20 133 8 111
3219 4.9270785366703258 -8.8869605837096746 28.922391026147466 106 40 62 0.5100112032675016 10 125 16 130 17 128 18 138 8 118 19 100 9 106 7 118 6 113 3 308
3220 -3.8216432373575615 -8.240468581628825 27.956366459400687 150 70 85 1.2749958533334709 14 127 15 133 20 145 8 120 7 119 11 145 1 280
3222 3.9226957579606578 -9.438334219424025 33.920167450315773 59 56 79 0.4291560214851044 18 157 8 129 6 123 3 128 2 115
3223 4.9602244065789218 -8.5393563066151792 29.028597903163945 44 27 39 0.33353944610275643 13 148 8 130 6 121 11 388
3225 1.6460435063421579 -9.1596423842799268 36.737960009053033 72 80 108 0.47633422006996162 13 409 8 147
3226 2.1965075129045912 -7.7758774540784028 28.692192231390262 74 80 106 0.85583564848224503 18 171 25 519 28 126 8 148 2 144
3227 6.3114989404741104 -10.413504090590793 43.418244406755541 75 75 105 1.307844053790969 15 161 8 157 9 134
3228 2.6137416729064289 -2.9650736403705382 1.4450729300181175 65 38 45 0.88324358184479612 5 373 10 170 8 163
3229 -4.3902384820977334 -10.201432665484269 57.958488580466799 155 47 57 1.022608330269372 12 601 13 418 14 388 15 411 16 387 8 175 18 180 19 140 17 163 6 168
3230 -5.1160065786727538 -6.4739483349532518 31.981870711263912 32 11 16 2.4328757876636771 15 680 8 180 12 726 9 164
3231 3.2909675843565585 -2.1178419604519849 46.184477001788125 19 9 10 0.24665184723791903 10 207 15 194 8 205
3232 2.1329770268072208 -1.0885788773121337 44.108805984515158 10 4 6 0.80625593619085301 16 186 8 219 11 222
3233 -2.5564627405936218 -0.57122721408592436 43.795067157116677 78 64 75 1.0168296793061447 16 188 25 168 8 226 9 212
3234 2.9113673426735089 -0.68635518561832631 43.547291090214856 47 42 46 0.63992770145013322 5 223 18 222 27 172 8 231 9 413 6 407
3235 5.1994153580982134 -11.857925406799465 29.96825517619558 106 96 117 0.37711120588717273 18 263 20 237 8 243 14 20 7 235
3236 -0.0061992553089393922 -10.389015551229475 25.808646093194167 134 130 157 0.51502718685445159 10 252 12 252 14 235 8 245 18 270 6 251 3 223
3237 5.1444694903427228 -11.744397746478676 30.268617351394244 105 94 120 0.53525906662667133 12 253 13 34 17 255 18 273 8 250 6 29 18 32 2 36
3238 2.610945977107848 -3.3776553432488399 2.1894521885404674 170 165 186 0.70238430430958021 4 316 10 275 5 267 7 260 6 269 2 272
3239 -2.9931050654549338 -13.805315487599502 41.287295905182852 142 137 162 0.68057487277981066 10 285 14 280 9 274
3240 -1.5781406310660226 -9.9133546288943748 28.828209435472331 199 194 217 0.52597892424053061 14 300 27 69 8 295 6 288
3241 -1.4778245254683449 -9.7656964428182658 28.792637991793793 143 140 166 0.56766602800996291 4 348 5 296 12 90 19 66 8 304 9 299 23 433 3 273
3242 -5.0815299964618861 -9.5064516416421707 28.632025538605145 114 80 94 0.53830846011784994 5 301 14 310 8 307 13 347 9 304 3 277 2 71
3244 0.79007246546696352 -14.167581612537619 51.093775300839269 139 137 160 0.29884444513633951 10 326 18 370 8 323
3246 -5.1661002753679233 -8.3399636503498868 28.152813274010818 140 52 60 1.2641137468851484 4 138 30 1013 8 329 29 1031 6 500 9 103 2 100 11 143
3247 3.0029145847684813 -8.8723715206413427 29.170375071659276 192 188 209 0.30778733569106942 4 376 10 124 15 374 8 330 5 332 9 330 7 313 6 316 3 306 2 320
3249 -6.4976700423957316 -8.0459080693126204 27.806111139221873 172 71 75 0.17531679332667727 15 381 8 333 13 144
3250 2.5269356140587469 -3.1405740563132047 2.0186106326710562 53 40 59 0.47621083227294098 4 157 8 341 3 131
3251 2.527557602253359 -3.1409284324830757 2.0162002002987056 53 40 59 0.21036932091167504 4 158 8 342
3252 -4.3109028318563674 -7.4075300365610364 28.131148076722077 111 116 146 1.0066089715932667 12 409 8 352 19 133 9 356 2 495 11 406 1 179
3254 -3.3802884565857947 -9.288453659697824 54.345278023946321 157 98 108 1.026484885170823 22 939 8 377 9 377 3 355
3255 -1.6669006275641818 -4.5598153454911419 52.043413782759607 150 65 69 1.7918090424438846 28 1037 8 380 2 583 11 663
3256 -4.8398307921773016 -3.4367840335173212 49.01545617143438 58 26 31 1.9540012817872612 4 435 5 397 10 405 16 713 8 383 12 730 13 756 14 711 15 738 17 720 18 789 19 711 20 676 7 371 3 366 2 367 6 194 11 723
3258 -3.0622086637800399 -1.6354703014840675 35.479369181568863 107 80 87 1.313353337815423 18 202 8 398 7 384 6 383
3259 -4.9836940468090969 -11.783568203047531 29.150698121422614 215 202 219 0.5438573591043826 16 218 8 416 13 234 15 225 19 198 12 455 17 442 18 476
3260 3.7113296995489793 -10.634720614632268 29.688588143604701 181 169 191 0.25579095556124126 27 760 8 473 22 698 23 749 30 763 6 600 7 608 9 591 10 613 3 578 2 551
3261 4.758201999694994 -9.7906253330346988 29.480482393364692 140 53 75 0.4285738656765507 5 485 18 98 8 488 15 344 7 287 9 77 6 486 3 468 2 303
3262 0.8294221729538459 -26.843818017669445 77.861720619983217 187 177 188 0.64300561837373449 4 612 20 632 8 582 14 607 15 640 17 623 18 680 19 673 16 676 7 435 4 474 10 460 2 402
3263 5.7953736633562132 -10.832616925916184 29.410339219377828 131 49 62 1.2627876266327702 13 650 8 594 11 634
3264 3.8132060093947158 -7.7127067497622157 28.922683729698218 7 8 9 0.029322237027195865 29 1042 8 630
3265 -4.9154312061878027 -4.3240840965855245 56.728798554012819 174 132 145 0.3905415709244327 10 709 12 728 8 636 14 647 9 681 7 698 6 678 2 628
3267 -8.7583878304766021 -3.1977656004878763 52.849548081734618 181 145 157 0.84708245771460056 4 669 5 625 10 652 22 1084 30 1163 8 693 9 684 7 651 6 637 3 615
3268 -3.2317263910677907 -0.9778937810042152 43.645935114407145 103 80 85 0.53858676539292449 13 767 20 748 8 708 9 700 7 720
3269 7.2429278905949994 -12.188457441765706 30.60045721355274 52 47 53 1.0138989042684998 14 674 8 712 7 679 25 980 28 999 30 730 22 902
3272 7.8132938822316449 -10.358328044875279 29.720857376083693 44 14 19 1.0307498325023658 4 803 5 786 10 804 28 1149 8 784 26 786 9 780 7 800 6 780 3 750 2 708
3275 3.7296387082050022 -9.4108009673945663 29.334000902206046 69 67 85 0.28158794847812657 28 88 5 106 8 322 4 366 12 364 14 334 20 342 16 327 7 103 6 309
3276 5.8518030449751874 -11.014829729040649 29.742885874319427 129 56 72 1.5781839871142949 27 55 4 331 23 53 26 43 22 689 24 748 25 37 28 748 29 762 30 386 27 752 25 989 10 284 8 468 12 307 13 496 15 486 16 464 17 475 18 318 19 263 20 478 5 467 14 46 10 42 9 269 7 263 6 41 6 464 3 450 2 278
3278 2.4534962591564922 -2.8251367714454227 0.4937239376274013 75 59 62 0.3546320469056996 4 411 8 162
3279 2.0739828960186859 -27.105117500153632 77.237441149826424 185 181 198 0.029810930962831134 18 10 8 17
3280 -2.3556311203283995 -11.617702265505665 34.186298328302748 204 198 218 0.27258931266871383 18 71 8 70 15 59 2 52
3281 1.1711098370558102 -11.879113928155864 49.7170331543213 0 0 0 0.16858765770068712 4 163 14 144
3282 -36.339465755408064 -3.3840372934201395 68.956083701906408 212 199 209 0.38961142638983792 12 201 8 191
3283 -4.6097443737865493 -7.4219729691726792 28.368315861776008 104 113 145 0.99611740486256894 26 527 8 350
3286 -2.3351173343227254 -0.43028863664965417 43.443910027429823 22 14 18 0.87861401776667192 26 565 36 247 35 242 28 537 22 175 38 245 25 552 26 564 22 174 28 536 37 59 39 228 34 229 40 65 40 66 33 61 32 53 32 54 31 261 18 452 18 453 14 413 14 414 30 174 13 439 13 440 17 421 19 403 19 404 20 418 15 426 16 404 16 405 12 441 12 442 4 262 8 227 25 171 30 175 33 62 20 419 27 175 29 184 5 217 10 226 6 223 3 207 11 424 11 425
3287 -5.0198266222042918 -1.1734223793862582 47.78899841202125 107 80 87 0.77388290783820457 8 397 21 180 7 385 6 384
3288 -4.9935160913056933 -8.2055106334141019 59.861465680819158 125 92 101 1.9225849583236014 24 808 36 46 28 517 29 839 26 847 23 541 30 836 25 539 35 231 38 234 37 232 39 217 34 217 40 252 40 524 31 50 14 164 13 186 18 188 17 167 19 147 15 177 16 170 12 187 5 187 4 221 8 185 22 501 9 172 6 178 27 840
3289 2.4876968548210785 -2.920045755489888 0.47511433249744855 58 52 62 0.30682386018060093 4 6 10 3 9 2
3290 2.4685025467472843 -2.9068468431869174 0.4438165047102331 202 194 207 0.50745630934956365 8 19 9 10
3291 2.9163914585077029 -12.047629722151084 29.975076109971795 127 119 143 0.28217059660202226 17 11 9 21 12 25 18 16 3 25
3292 2.9099235047353709 -12.013811398636788 29.874239051787587 127 119 143 0.18313252158976834 26 7 9 22 28 17
3294 1.4911534438775804 -11.646000167878634 30.17326696057733 122 122 146 0.38918178009104731 15 30 9 32 17 31 7 26 11 36
3295 2.5311957937635841 -3.0617415992749946 1.0311238698138692 186 179 194 0.65810932176583015 4 47 10 35 6 37 3 42 2 41
3296 -3.7504753411206848 -13.700257853777154 40.971173160613446 140 136 159 0.27169625302551642 18 65 9 49
3297 -0.34335412413491934 -10.524418448843671 28.977205774976277 133 135 161 0.1500003513831607 22 53 9 51 29 44
3298 4.6767487825943714 -12.187768490991729 35.077208372206577 161 153 177 0.11581493962222109 17 65 9 53
3299 5.8914909581411896 -10.396172210648565 29.28080569052236 110 41 44 0.51074178076863108 15 80 9 65 3 268
3300 4.4522420112050529 -10.241415518445237 29.722817804035365 129 114 143 0.12501386204690035 13 87 29 79 9 68 15 84
3301 0.84836813068481554 -9.3514276984397746 29.014000737274088 174 169 191 0.27602391544921906 10 98 15 110 9 83
3302 2.5301528452710729 -3.1852065907820459 1.9463311280359308 63 54 79 0.48115648701729313 8 109 9 88 3 108
3303 5.1263786318719289 -9.1706776079004229 29.553840772637837 150 48 69 0.56984421660321072 15 123 9 96 6 313
3304 0.57762069113507197 -8.8227852962566882 28.810803107107404 114 104 127 0.55180508726105015 12 136 18 131 9 100
3305 3.5238752491143477 -9.9608379094617128 33.838604244991558 163 152 173 0.51561487922209859 4 139 8 115 20 137 9 101 6 108
3307 -2.7903066193189803 -7.7426084732551388 28.3458026847978 97 103 139 1.7406052005489929 23 136 24 147 34 190 35 214 9 123 27 133 22 140
3309 4.3025049687342625 -7.9324279623476617 29.037230222343254 83 90 120 0.22846516081391199 15 160 17 153 9 129 11 173
3310 1.7356304012389387 -7.7723860945470857 28.842725912307685 71 78 107 0.67837632527299729 36 222 9 130
3311 5.0026632072076129 -10.050752008446265 41.888689792239113 8 7 18 0.08291526475483349 14 153 9 132
3312 2.8956195549701409 -7.2176989142019083 25.339702484988969 0 0 0 0.24582824950701487 5 148 13 159 16 159
3313 -4.4700496338646172 -7.1713564146732889 31.137438969528674 11 7 13 0.49461005002024039 13 166 9 136
3314 -4.8416932502460224 -6.3573019972293476 31.495804212415408 189 162 167 1.724166867667482 26 1031 9 168 23 995
3315 -3.3349803181526858 -5.8554368864815238 57.167240786349424 171 121 134 0.7781334747041696 18 193 19 383 9 176 3 364
3317 2.4012331778912128 -27.215471374381693 77.75324066098608 8 2 12 0.51677513774333372 15 232 9 234 20 224 6 245 2 224
3318 2.4974877569339986 -9.8671633785356665 23.15824291577459 66 58 75 0.71134494177066954 5 238 10 245 12 243 9 240 14 220 17 237 18 255 20 229 3 218
3319 4.2906072848171508 -11.804210615870609 30.031930440329646 104 102 127 0.062343815249642241 12 250 9 245 13 263
3320 5.639722575300933 -11.416188753837734 29.643393050128385 13 4 18 1.0185256001816796 14 34 9 246 12 46 16 31 3 39 5 35
3321 -4.3636596491099455 -16.534095917326841 51.325134586653547 0 0 0 0.49258659645826464 4 324 12 308 13 318 15 306 16 284 17 304 18 323 20 70
3322 -0.57664969935458543 -13.543757531315958 41.621472560336073 0 0 0 0.50892057331646157 10 60 12 322 17 70
3323 4.0722985034732355 -10.231882484111095 29.414591919801893 190 179 203 0.3031244127713621 8 298 27 422 9 295 30 419 6 291 2 293
3324 -2.0817041980987745 -29.300715136913805 107.42166825706165 0 0 0 0.17912856251004411 10 306 13 346
3325 1.2928794039483167 -9.8911462003743935 28.932423035840646 139 135 164 0.18286291552683695 24 440 9 301 26 461
3327 4.2904285481719295 -9.3030441471312013 29.512970900061244 163 148 174 0.41822279561363412 5 319 30 453 9 323 7 302 6 310 3 298 2 314 11 366 13 121
3328 -5.9496481657855833 -8.1084307982927726 28.02287697790787 182 86 94 1.1006201248236118 23 120 9 334 24 126 6 319
3329 -1.6862222663827111 -8.2986489416128766 27.986267077875343 154 147 170 0.56928475377414189 8 121 22 122 9 335 2 321
3330 0.46817510528342188 -8.5222809019086174 28.670030131614979 0 0 0 0.43406747114153799 8 336 15 380 16 357 18 388 19 346 17 552 12 574 15 567
3331 -3.0046149708050853 -6.0372881455755705 56.348070620799682 144 78 90 0.94011289571110768 8 379 26 547 9 379 22 503 24 548 10 189 30 520 27 1053 23 1004 6 543 3 363 2 184
3332 11.896088044211467 -3.9041730949303672 55.784289170482779 51 44 51 1.1915908545914329 10 411 25 165 9 391 5 548 7 654 2 518
3333 -4.6278959626916425 -41.82729649702155 125.00565051520455 10 2 13 0.74630746665062231 4 469 5 432 8 429 10 457 14 433 9 428 16 429 17 235 13 244 18 253 19 206 12 235 7 425 6 425 3 411 2 398
3334 -1.8136297884429906 -11.89412634343711 29.466372407633433 199 186 203 0.52594751194937972 8 425 18 477 14 436 7 419
3335 1.2524065438084855 -11.288079617415042 29.783612321814218 22 17 32 0.37495527652113408 4 298 5 250 8 460 10 272 13 285 9 456 14 264 16 248 17 271 18 292 20 262 7 461 6 258 3 238 2 254
3336 -0.51977529743719642 -15.859715209509815 51.898294726096843 194 192 215 0.53195702643330989 4 516 5 474 8 477 10 505 12 517 9 472 13 509 14 482 15 501 16 480 17 498 18 548 19 475 7 483 6 473 3 456 2 440
3337 -1.3701007521047883 -14.406833825006306 51.006511065514353 197 192 216 0.54016804375657868 4 534 5 488 10 522 17 528 18 579 9 491 13 535 14 507 16 517 19 505 20 530 8 493 7 500 6 489 3 471 2 457
3338 -6.2726316863853455 -5.9910043893430913 29.153985047409929 202 156 173 0.579385708447408 10 390 12 725 9 541
3341 5.8195778045334103 -12.824938179818108 31.055089365900066 49 44 50 0.73735390720653382 8 2 22 339 3 6 11 2
3342 -5.915741745394512 -9.2959241152541967 28.288378455422912 154 53 65 0.66707711245912771 12 710 13 735 14 690 18 767 19 688 20 722 9 665 6 671 2 615 11 642
3344 2.0755627683048421 -11.926468258618518 29.758805776649936 149 142 161 0.33738770168427601 4 779 5 762 8 758 10 784 40 1033 9 753 7 772 6 758 3 732 2 695
3345 -1.8122504304693585 -4.849251340252664 52.341750184138817 153 59 60 1.2326953959838405 22 1195 23 1308 24 1239 25 1264 26 1299 27 1298 29 1302 9 803 7 818 6 797
3346 -0.78369737939330597 -7.8650707728225706 27.677009696861926 194 182 204 0.46803398557739434 27 1412 9 822 24 1351 2 749
3347 1.803304437821875 -6.9020239896066489 30.848437289953349 0 0 0 2.5370773120478596 8 849 22 1370
3349 10.618795679424057 -4.290395550087192 57.096936357377402 37 32 42 1.5990065759641228 5 690 13 866 14 823 17 804 4 757 15 848 8 694 9 629 16 715 24 1002 27 1059 22 950 23 1140 25 834 28 1180 29 1062 30 1037 13 807 7 706 6 639 2 516
3351 0.90337044379652853 -0.60712397328855183 45.233142269424398 28 28 32 1.3569690286843195 25 852 26 867 27 860 28 860 30 855 22 785 24 1021 29 1080 9 564 10 589 27 1316 30 1299 36 1030 35 987 23 1270 25 1275 28 1300 29 1313 38 1027 37 1017 39 995 34 947 40 993 33 910 32 858 31 897 21 1396 21 1440 18 803 14 731 13 703 17 675 19 725 20 691 15 754 12 744 7 671 6 568 9 565 3 554 11 741
3353 4.0550907715986737 -11.146737632032421 40.856321411455966 124 124 155 0.070212662221463329 16 133 9 112
3359 0.37503696286495652 -27.658488094903696 78.176338745917661 60 57 63 0.0072924201030352773 16 1 7 4
3360 -1.3091846958826905 -11.836118159142716 29.586257316485153 205 197 205 0.22690211255743747 9 16 24 13 7 15 8 28 10 244 5 234 6 16 3 18 2 18
3361 1.6311033422221444 -3.8913092561404361 3.835595837801852 137 134 155 0.41029093471406908 5 20 8 36 7 18 6 22
3362 -6.0957845123920018 -10.37669336818178 28.606884593632042 180 73 89 0.52971574084019779 13 313 14 279 16 277 17 58 18 320 19 42 7 40
3363 2.5448035276340168 -2.7530530586292619 -0.049799746493432613 205 197 220 0.14254285589870805 4 58 7 42 6 42
3364 2.5383594983689419 -10.887554729527039 29.826153898524826 126 127 148 0.18951722784469749 13 63 7 48
3365 2.4894223006688585 -2.9027441344482998 0.50934875157520476 135 132 154 0.080684809798665047 10 45 7 51
3366 -6.6542791916271602 -10.128402523594664 29.587462144181181 178 132 142 1.2336133449990925 12 328 20 298 7 57 2 53
3367 -1.6095845857854392 -10.166428672611032 29.065569027247353 126 117 142 0.34825454706068282 17 72 7 69 14 64 11 87
3369 4.3127463568728315 -15.423206413420104 52.507583958006379 196 186 205 0.015441808754183323 15 92 7 87
3370 1.3758760757673092 -9.2631164357281435 28.68221620720556 206 204 225 0.36700878782957802 5 104 24 99 7 97 26 83 10 320 6 304 3 288 23 458
3374 -6.1612992355354743 -4.9260350277008706 18.858449955248076 0 0 0 0.15743722439759628 10 173 15 409
3375 -4.3223782653923237 -0.15804971355004102 43.05773297131811 85 60 61 0.33414969981834669 16 192 17 203 19 175 7 222 6 237
3376 2.5456195372684527 -2.7491241153328718 -0.066252655816988831 206 197 204 0.26727992726471755 4 277 7 229
3381 2.9365252231066092 -9.6304249602661294 33.675683113352768 0 0 0 0.30764156082331301 4 384 10 342 19 109
3382 6.2855920722098988 -7.9220781443419455 29.099090516664965 97 99 121 1.1972105790794743 8 156 17 388 24 169 28 134 7 339
3384 3.4053845916197916 -11.894209434396657 30.053682144321016 183 179 194 0.049303504301906637 22 352 7 440
3385 -3.2291281901217377 -11.052535975662527 29.38790828241812 16 10 18 0.29515087774848109 4 483 5 447 8 445 9 442 10 472 18 499 7 448 16 451 20 464 6 439 3 429
3386 6.5339337836010651 -8.9105842270836479 28.65848506744879 42 0 1 0.86009321929075788 13 658 18 699 7 511
3387 3.5623416248085231 -8.4833719905752378 29.117190028767407 187 179 201 0.43874584250534682 5 512 13 579 7 526 3 496 11 389 15 576
3389 -35.116253774483425 -15.340447752426728 109.10200295504124 207 165 175 0.33448670741091613 13 677 7 551
3390 2.2810905192652635 -2.8009078248934274 0.44801691996231163 221 187 204 0.90015936279554065 10 558 7 552
3392 4.5905961894901379 -8.1822030658018647 29.067586150978386 12 9 14 0.32846267039392785 12 656 14 636 17 652 20 659 7 638 11 651
3393 9.718651905151205 -3.5687415879947797 53.899662077844283 7 1 1 1.1291252935275011 26 1307 29 1355 30 1294 7 757 22 1087 24 1139 25 1159 27 1178 28 1183 23 1015 29 1191
3394 12.883526057928089 -3.2793142126269395 54.033287115674753 53 45 54 2.4768890277227782 5 808 7 827 22 1320 24 1365 10 830 27 1425 28 1410 3 717 10 767 30 1415 26 1422 29 1420
3398 -3.2487389787490319 -7.3948910889153456 28.312334002012378 2 2 8 1.1203544819463398 23 526 17 395 30 817 20 583 25 808 10 369 7 142 5 147 8 153 26 150 4 178 2 140
3399 2.9793466703743419 -9.3580072038977331 29.196823893772553 128 118 140 0.4488672508302225 5 316 22 103 4 364 8 321 7 301 29 96 17 352 16 329 9 321 3 103 10 327
3400 2.5475716155456118 -2.7499067476026506 -0.060636645697592924 69 61 82 0.050795295341388325 5 64 7 60 4 69
3402 2.3795145730396587 -3.2008490347381673 2.0619893944210181 217 209 233 0.0050400039846817003 9 94 7 110
3403 -0.98499980802724074 -9.2729528485154411 22.521592882390625 140 135 158 0.57628533701681928 4 288 9 33 20 45 3 229 12 38 14 31 16 30 17 34 18 36
3407 -38.559136638117444 -18.138403240289179 82.560112150271749 135 107 127 1.2564852003914004 13 910 14 867 15 889 16 865 17 873 18 938 19 869 3 826 20 892
3409 1.9190214414673548 -27.205777238696975 77.685431992425293 198 188 199 0.10813846427390016 16 7 6 12
3410 2.5507227490140032 -3.1159211361707109 1.104232183237168 192 184 198 0.20124112158420396 9 12 6 15
3411 -2.6412103360394328 -11.590633954227766 29.088046633141275 161 150 172 0.50069376448804226 10 19 24 5 28 9 8 30 6 17 2 20
3413 4.3282732415111829 -12.956701445183779 35.073346247320991 181 172 188 0.25292950306828077 20 255 6 30 16 239 19 221 18 279
3414 -1.2438871249351846 -21.068280157807592 70.183663490642644 61 54 77 0.54210162295732511 12 65 13 75 14 58 6 58 17 68 20 86 15 66
3415 5.9739799681102248 -18.754781834728576 70.261275710467373 125 119 145 0.35701029685001584 17 107 6 95 15 113 19 87 3 102
3416 0.53957212179148473 -8.1648996367854814 25.324874755191654 213 208 231 0.31815553319413614 10 119 13 124 6 103 4 126 8 112
3417 -2.5526326507571704 -8.3851204178619909 28.153250037703888 215 209 231 0.70370095099411212 26 108 6 114 25 98 28 97 30 112
3419 -3.6318759667785643 -7.5066304005637692 27.902588981860951 107 108 146 1.6851034486894763 39 204 6 133 33 227 34 194 37 215 40 234 35 213 19 124 32 210 33 39 40 44
3420 4.3784143354208487 -7.8321001384680704 29.041961729319823 7 9 24 0.86333258796119561 22 160 29 160 6 148
3421 -5.2796588864429541 -10.977815987135994 58.297046960524661 113 80 86 0.60064415871314925 15 169 19 139 6 156 13 170
3422 -5.6150843220778919 -4.323887699975133 31.260341056617289 30 9 15 2.5921758173078979 15 183 19 384 6 184 20 176
3423 -1.4046725253087475 -0.73418665384731874 43.289231135304256 70 59 65 0.8732248444073708 4 258 26 179 6 220
3425 2.2367823931286956 -3.9190300356798025 3.8442700528416927 199 192 213 1.2070076219037951 5 23 8 242 6 250 2 237
3426 3.5542212527193442 -11.773978703716619 30.013814401760232 120 115 140 0.21115921140455943 8 246 9 244 12 249 6 252 2 32
3430 -2.1076173466691213 -10.462118089853927 28.897256420700547 145 143 164 0.47614197018144461 8 277 9 273 10 282 25 417 6 274 23 44 30 377 5 273 24 406 29 425 27 44 22 383 28 375 3 256
3432 -1.610298369079147 -10.191240784018071 28.73459862281813 195 188 205 0.18311879877001885 10 290 23 56 22 60 6 282
3433 -0.20330076890345283 -9.8391299108003007 28.948264859668047 147 143 170 0.3660723545034068 29 475 6 294 3 274
3435 3.5502389159724514 -9.8717283247717393 29.522170884487952 183 175 196 0.32643061387446726 4 354 5 305 8 310 10 314 13 350 6 298 14 313 16 312 17 324 18 348 20 518 9 309 12 543 19 491 15 336 3 283 2 79 11 338
3437 2.5472382320454341 -3.5636877139725174 3.9093325104225038 202 197 215 1.139587599576428 8 332 6 318 2 322
3438 1.3888391899782719 -8.4986469844089054 28.427824307959217 145 142 167 0.39300894493847682 22 444 6 320 3 312
3439 -0.40538916726489954 -1.3242788636132454 45.170304547253721 14 5 10 0.86019117923631394 10 575 12 433 17 590 4 596 18 446 19 572 3 539
3440 -2.6116716564670646 -2.5137533205401366 -0.44374570030842247 0 0 0 0.41213727450968102 12 465 13 462 14 437 17 446
3441 -3.3850899717295166 -10.928964644949344 29.063362474695637 207 195 217 0.38426724962605774 4 484 5 448 7 449 8 446 9 443 10 473 17 285 6 440 15 280 18 306 20 274 3 430 2 411
3443 -4.7937359735350187 -10.389092412548525 28.368770598995514 85 13 16 0.63768723411551331 4 500 12 302 6 457
3445 -2.351376508044698 -7.3305224568724112 28.03992326517136 0 0 0 0.61438514068333983 7 641 15 402 19 639 13 667
3446 -26.741067923567389 -10.222500385319439 65.21428155957814 0 0 0 0.001319352163997646 8 371 14 389
3448 -5.430312114829662 -8.6275471113436986 27.053252601982745 0 0 0 0.65702283018055707 8 811 31 930
3449 -6.3958658965484219 -4.6056846887776413 30.211097825973471 171 81 93 1.1767554047107494 19 817 20 847 6 812 2 743
3451 2.2224749443014571 -9.3460113498230193 29.273307918853767 114 99 127 0.56656560946996892 28 444 31 20 5 317 6 308 13 116 15 359 16 328 18 365 26 92 12 120 14 104 18 116 4 115
3452 -6.2142995088322284 -3.5317930783894567 55.009311815802015 177 140 150 0.92796731202640581 5 542 10 566 4 668 8 555 7 563 6 683 5 743 14 650 15 737 16 648 10 712 8 741 9 736 7 704 3 614 2 633
3453 -5.1091665045281518 -10.70358436285238 28.567593372928734 118 45 54 2.2476614369252252 10 487 15 472 16 455 18 503 13 648 14 615 15 646 17 632 18 689 19 608 29 739 16 617 23 720 26 396 12 641 5 457 10 603 8 674 9 578 7 596 6 456 6 588 2 417 11 625
3454 -3.1407362138985744 -24.670713394039666 34.081662916640084 110 99 116 0.69893351691516026 20 0 2 0
3455 1.7814515192278386 -4.0063677015499755 3.9364266328543587 0 0 0 0.14910644298349335 7 1 8 0
3456 -8.2110163039998696 -7.0952126493798175 30.233152656407722 144 107 125 1.1721238243964331 15 873 16 846 17 853 13 896 20 872 2 759
3457 2.5424260376666421 -2.754345519382086 -0.04937072347851848 0 0 0 0.13715879614712659 5 7 6 14 7 9
3459 -3.5366696960489432 -13.225921532687945 34.320307295227131 0 0 0 0.56972618054447965 9 18 13 15 20 25
3460 -3.53542654256142 -11.387929157780762 29.31675963106898 144 136 161 0.32671604921196673 4 35 15 257 3 30 17 253 19 215
3462 4.6192657911099859 -11.7570612323606 30.096607485658328 108 104 122 0.4849245118137081 13 26 17 25 3 34 11 34
3463 -1.0374107019518193 -7.5171518282356713 16.767194646934183 196 186 204 0.79335188140731927 5 33 8 49 10 32 16 32 3 36 14 33 15 38 17 42 20 51 2 35
3464 2.5464067980134364 -2.7533503130591126 -0.050081811503035902 0 0 0 0.21104669577861021 4 51 5 38 6 36 7 34
3467 5.2563881594919257 -10.350890086732626 29.222301045201338 169 139 153 0.8114076578602567 15 79 17 76 3 76 2 65
3468 -2.2113411138554504 -12.961951178323654 40.967965342639204 196 191 214 0.18114733797904597 15 83 3 78
3469 -0.011962891225486619 -9.8860106410429385 29.064606632045585 143 140 167 0.14160851356532711 30 77 3 81
3472 1.8695491004481659 -8.9185651667267933 28.908029108773672 164 152 172 0.032702716325796632 16 120 3 116
3473 -1.1337105257041538 -7.7804326021261199 24.78145569971538 198 188 213 0.48581928655170192 5 123 8 117 15 130 2 103
3475 -7.0796781464706804 -7.8583126890441122 29.365751331580867 191 142 155 0.041982251790121189 28 117 3 132
3477 3.210979369924865 -8.7369537999487896 33.887881528293235 0 0 0 0.11190371140253581 4 173 14 150 7 137
3478 0.12755054588390985 -14.354773526753482 66.679938774177828 72 81 107 2.0712692644931026 13 160 16 379 3 145
3479 -4.8026693491243027 -10.91173310238095 57.358085082331115 122 53 55 0.69084707080303442 12 413 13 171 15 170 17 160 3 151 2 161
3480 4.1852117355065168 -4.8399935374349878 57.846200571528755 41 19 18 0.57855159625627972 14 172 15 418 17 178 20 182 3 187
3481 9.50681912697525 -43.726711235675118 130.35596599877212 176 168 186 0.090564470057424726 19 207 3 216 15 237
3482 -1.6613971803337617 -8.8572721777327175 25.126065270790903 0 0 0 0.56476199157756968 8 303 13 343
3483 2.5675542764709665 -9.4360884827981906 28.929390683019172 179 166 192 0.54450513482472396 4 358 7 295 8 316 27 94 3 286 5 103 9 82 11 122
3484 -0.83692618111515393 -14.279137566366682 50.827781968234177 0 0 0 0.57393838943511544 4 359 19 324 12 358 13 365 16 325 17 349 20 340 18 359
3485 0.70552150683164994 -14.170184192267905 50.901166169761709 142 138 162 0.40542931204820515 4 363 5 315 15 356 3 293
3486 -0.63376654457669312 -10.024432413940596 33.793261992312068 187 177 197 0.27170814442379915 6 99 15 362 3 297
3487 -2.4339426988256818 -8.308907912807614 28.081132637498456 153 145 168 0.6477605859643718 5 336 22 121 3 309 10 337
3488 2.4400561262734559 -7.9705876465870285 28.338931156215104 198 188 212 0.37113276297214265 4 398 6 331 10 354 26 514 3 320 22 463 7 533 9 523 5 519 8 527 2 334
3489 3.1159917324625366 -11.247451626544741 29.932748987832934 156 145 159 0.43569338932089979 12 492 14 455 15 473 20 466 3 444 11 464
3491 2.4683886323512421 -2.9240315514445645 0.68360618586650357 185 182 203 0.77381600132321904 5 483 9 484 10 514 3 463 4 526 6 481 7 493
3492 3.260049287462413 -9.5002920520347534 29.01752608766612 188 180 203 0.32519352236178223 4 537 5 491 6 492 8 495 9 493 10 521 25 785 27 788 3 474 23 772 24 773 26 794 28 784 29 789 30 785 7 292 22 724 2 460
3493 -0.20578376765998352 -8.4482463607209919 28.421475451472876 148 145 165 0.51875984923991691 29 512 30 465 3 487
3494 3.3372867543519091 -1.2486878552465348 44.679016911894038 53 44 48 0.7988664906996289 14 656 16 657 18 726 20 603 3 542 11 585
3496 1.9398455636368668 -3.6547473751440234 3.8219378732808367 0 0 0 0.26759972770673918 4 637 8 609 5 593 6 608 7 617
3497 6.364261771288402 -8.089618816364947 28.254927992934018 48 18 27 0.70086378483452594 12 658 14 637 16 635 19 635 3 603 11 567
3503 0.18205962021191055 -10.875420014636049 29.079601273779488 151 138 157 0.17629008952232939 4 788 5 773 6 764 7 784 8 770 9 763 10 793 22 1172 3 742
3504 -0.02096875179158017 -16.822638354615961 38.045745571903424 63 57 69 1.0051051828949649 15 886 16 862 17 870 18 935 19 866 20 889 3 821 2 779
3506 7.4125852125946494 -7.8464812589103872 28.973359051802689 89 28 38 1.7987004761457721 10 701 28 1160 13 745 14 699 17 708 20 731 23 1252 24 1234 25 1260 26 1292 27 1292 29 1295 30 1278 12 775 22 1189 28 1282 15 725 16 700 18 773 19 695 5 738 4 749 10 758 8 736 9 732 7 749 6 730 3 654 2 620
3507 4.112102608839356 -11.297804516971786 34.904316542359751 174 162 184 0.22970735897947586 17 91 3 88 16 92 18 91
3508 -20.959687041182431 -9.1413564227178341 54.77839252165451 0 0 0 0.25565732653849693 10 388 17 581
3510 -11.061448959692159 -1.4217315321200061 51.867793843907357 46 27 33 2.7285655627548913 4 715 5 632 6 685 7 657 8 696 9 688 10 715 22 1204 3 670 23 1148 25 1164 29 1196 30 1175 24 1143 28 1189 2 635
3512 2.5471752969852393 -2.7492036163436677 -0.066554087114766014 0 0 0 0.20770256566003042 4 7 5 228 7 224
3514 2.518598740763331 -3.1711479364131834 1.3421550581865804 127 124 145 0.83040330097552206 8 43 2 31
3515 -4.3775355592362208 -11.251573726564386 29.527258871368225 128 119 141 0.71966776091948592 13 269 2 33 16 27 19 27 20 246
3516 -6.6720932222805684 -10.744243233170893 29.223885638928397 122 89 104 1.1694897748473672 13 55 2 38 18 309
3517 2.4877502008665955 -2.8170942381041875 0.18746830771552767 121 111 131 0.33827431078315395 10 40 2 44
3518 -2.094493889759923 -9.5876440897698849 25.543861211921623 144 141 168 0.26833022257222106 17 59 2 49
3521 -3.4828106757774382 -9.4552727140099488 28.576324253227511 76 33 53 0.36898494324595676 14 82 2 77 13 95 17 328
3523 -2.0852309586716653 -9.1834619868843284 28.689369415029343 197 187 210 0.31984527750691732 10 95 30 90 28 79 2 84
3524 2.8570358726184066 -10.365811119823299 34.393151889267948 167 161 187 0.31912863628100069 7 106 12 124 15 360 2 97
3525 4.9978167637168216 -8.7905247933164397 29.032162011859111 100 70 93 0.27521207685286009 17 136 19 108 2 112
3526 1.380107000385115 -9.3081316765358011 35.780192659288744 177 174 202 0.42608083216733167 18 402 2 124
3527 -5.6622361803711279 -3.6559137504302099 31.109540592875021 181 153 161 1.7133141495163313 8 190 17 176 2 188
3528 -10.543117290188736 -3.0564343190257528 53.881893854145588 187 146 162 1.2604037618965744 6 195 22 170 2 198 7 192 9 186
3529 -0.28214557949857061 -12.058562638923874 29.811049861538145 180 177 198 0.62360965430296766 12 11 2 222
3530 5.1307217997949408 -16.007817007238312 42.587463247999025 127 118 139 0.021435174298829168 15 240 2 234
3531 -3.3265207630683475 -11.328649241264085 28.797365724924493 200 190 214 0.62894224809438537 24 14 2 235
3533 1.7102104078886855 -3.9041237360347716 3.9590395818021014 0 0 0 0.23281002023885294 7 240 8 248
3534 2.556069847173827 -11.358962166628817 29.769896297553171 180 167 191 0.38668218138005506 5 248 6 257 8 253 9 249 10 257 13 272 2 257 12 260 14 241 15 264 16 238 17 262 18 286 19 220 7 464 3 439 20 50
3537 -2.8726599796314507 -10.483864475845332 29.015073225425844 147 143 168 0.33593478116351161 5 272 28 374 8 276 10 281 4 322 2 276
3539 1.5429424207739479 -24.011695577175026 101.99450303057515 0 0 0 0.26565862742521495 3 305 16 350 5 331 6 315 4 375
3541 1.763007803376599 -8.1664567706365538 30.004135617392585 75 83 114 0.21170174750175108 13 399 2 337
3543 -3.0305832551104745 -5.3783166398046305 55.546959536655692 144 72 82 1.0084324008063981 10 395 23 173 2 363 6 544 2 580
3545 2.6003054754953405 -10.899700455973253 29.245473007268156 171 161 185 0.25736862902608887 3 448 4 315 7 472 10 493 24 402 2 426 22 377 23 400 25 411 26 423 27 398 28 371 29 420 30 374 5 266 6 271 8 270 9 462
3546 5.077728097280847 -10.959161030049556 29.089645600453515 157 144 170 1.5388279630133268 13 482 19 252 37 384 2 428 14 270
3548 0.58986814081894778 -9.839581127931444 28.868139575742966 143 142 171 0.45795627663850036 3 461 8 482 24 760 22 711 30 775 2 446
3549 2.2436109654195766 -8.7126399051014012 28.552945263516115 187 178 205 0.37418211784180128 7 510 8 507 9 504 10 530 25 794 28 796 29 797 30 795 2 469 22 731 26 803
3550 2.3875936545176275 -2.9557074535552674 0.98759340910149729 0 0 0 0.49254015332144752 8 510 9 507
3551 7.3820194442653619 -7.8101756277531917 29.871501186518774 9 0 1 0.59619826483395655 22 747 23 804 26 824 27 818 28 818 29 1043 30 819 2 498 24 532 25 526 29 817
3552 -2.1678458432248511 -10.340239818780582 53.172241796717955 145 64 69 1.5797646885358452 12 415 16 384 17 398 2 500 19 376 17 397
3553 2.2517261795039967 -3.1845534578389754 2.0027747155814235 0 0 0 0.33399931701275959 5 604 7 626 9 605 10 630 6 617
3554 2.5471864402467177 -2.7490884405901026 -0.066524063096345343 0 0 0 0.26340856715322403 4 696 7 678 5 653
3555 3.1037999221612846 -11.138136815380353 29.557696698149542 158 146 167 0.25171502727099027 23 1234 27 1273 2 655 22 1174
3556 1.2520379602946416 -11.813960598564137 29.472361656247685 122 114 135 0.2362564392164799 3 730 4 776 5 760 6 756 7 770 8 756 9 751 10 781 22 1163 24 1209 26 1259 28 1257 29 1267 2 693 23 1226 25 1234 27 1262 30 1254
3557 2.0800484936078307 -3.7548571186396238 3.9119447416548145 0 0 0 0.53880924442654998 4 799 8 779
3558 2.2622476276771066 -3.2294020923091398 2.0320730996660661 0 0 0 0.37261515442211302 7 804 8 789
3560 -1.4817106748266538 -6.0192689215262813 27.543862916602151 179 137 149 1.1840346695059101 3 797 4 849 5 838 6 830 7 856 8 832 9 833 10 852 22 1310 23 1374 24 1356 30 1406 2 760 25 1378 26 1413 27 1418 28 1401 29 1411
3562 3.278333866419608 -7.9679702926163225 28.623033475322686 72 63 96 0.5616466387204434 22 148 29 148 14 147 25 129 19 121 16 150 9 124 8 145 2 128 26 518 18 412 10 358 7 329
3563 3.80129871399929 -10.874533371695536 29.650989383328991 120 114 140 0.29864277635069741 24 424 6 280 2 284 22 391 4 330 8 282 9 275
3564 2.8450956364881832 -8.0958317716999151 28.568553163478221 179 167 189 0.59288657090966512 5 514 8 523 9 520 25 803 7 529 22 740 29 803 30 808 6 521 3 497 2 484 26 513 15 387 16 364 14 363 4 395 10 349
3565 2.4041030665409213 -3.0326343786764092 1.1078465803462858 148 144 171 1.96468045628746 6 68 7 78 2 70
3566 -2.4190159558041158 -8.8303062818576592 28.558607109546035 203 194 211 0.12228941860694201 3 104 4 119 15 116 2 94 14 106
3567 2.4133474958109495 -2.9800716295980831 1.024852560294973 0 0 0 0.34491440295655834 5 108 10 111 4 121
3568 0.81712857173562592 -7.9448931649078594 29.075184383951637 77 82 125 0.0033108640157889224 15 157 2 126
3569 -1.8319654552534559 -13.929317490186753 50.357577725741955 0 0 0 0.31040536522776685 3 291 18 369
3572 1.3955189478441696 -12.235302927621591 30.158317595464801 202 196 224 0.12649296552270517 17 223 11 11 13 241 19 197
3573 2.1953706936976678 -10.815752088048628 26.042728806614964 0 0 0 0.5714073349499218 4 26 20 23 18 17 12 26 17 12
3574 4.4628283641002575 -11.811090604555442 29.96708056498851 78 73 123 0.58645524988257403 3 32 17 21 11 31
3575 -0.35161603193906399 -11.564696439670383 29.659451713822193 103 101 148 0.031320086485226481 14 234 11 33
3576 0.20839091515935892 -11.62219549380843 30.132954319801332 141 134 178 0.2094095015537453 19 24 11 35 16 25
3577 -1.5672649250120998 -11.117927591170945 29.534016054908562 196 190 220 0.20168658595176739 12 288 11 47 14 38
3578 4.2080491336855479 -11.200616677070377 29.728484635426 82 65 106 0.42444395084045933 16 44 19 249 11 53 18 52
3579 -3.9747592398954854 -10.852726576997307 29.541043188068514 63 56 100 0.13235783131789139 16 48 11 57 17 290
3580 -3.974759239895485 -10.852726576997313 29.541043188068535 63 56 100 0.13235783131790457 16 49 17 291 11 58
3581 0.94673308625221475 -11.015345832489448 29.640354191720025 84 68 107 0.2330114095397261 12 49 11 61 15 293 16 46
3582 -3.647834304235281 -10.484287759195176 28.982256367002663 121 118 161 0.57346189754501464 2 48 11 73 7 44
3583 0.063650344697264924 -10.510026998770686 29.566126151098587 173 167 211 0.25609622798738346 12 59 14 52 20 77 11 81 18 67
3584 -1.6215043955728756 -10.243220202155937 29.350298805232136 122 115 158 0.53111120076086071 39 12 11 88 40 181
3585 0.19623890095585583 -10.207201383633491 29.37602443778745 57 51 89 0.24335585554811318 12 85 13 82 11 92 16 300 19 295
3586 2.2197977434655205 -10.105036818772382 29.59427637882612 102 93 140 0.41116935996091492 7 82 13 89 11 99
3587 1.1906379582026736 -9.8287728113536179 29.600661907379422 66 56 91 0.37823593536856609 18 96 11 107 13 96
3588 3.4254451636389569 -9.9286623932285334 29.709480876837244 73 58 98 0.32174274785024637 14 77 11 109 19 307
3589 4.1514233115291086 -9.7852065751909318 29.46911135134124 67 47 82 0.38675379988896685 2 83 11 115 17 102 25 80
3590 0.15613754832496293 -9.4886507067714874 28.915826735525496 113 105 144 0.50918677213240837 4 107 11 117
3591 4.0186461894520198 -9.5547811350958014 29.256078865298662 158 142 188 0.1824865213291284 14 96 18 111 11 123 16 111 19 81
3592 -1.223167049667276 -9.102929017036784 28.727554873567563 133 127 175 0.25147726491835487 5 312 11 127 29 496 26 480 28 83
3593 -1.1265430985129266 -16.791069893130771 90.941890291814303 85 77 118 0.13848700505401673 21 103 11 131
3594 -2.8084526590645815 -8.9453797911052586 29.353323132132154 53 56 107 0.36821770669645409 15 117 18 124 20 122 11 133
3596 1.0315731831592863 -9.0313497975866213 29.2396909984143 193 182 225 0.26241109474678337 12 374 20 354 11 136 16 339 19 333 14 344 15 364
3597 0.89669819940615425 -8.8925500636156123 29.045622358736086 45 37 76 0.49806341275581129 13 131 11 139
3598 -2.682544333540164 -8.2950481763455048 28.298076143771521 76 77 124 0.95331061000692563 28 103 11 146 22 437 23 484 24 127 25 489 26 119 27 476 29 128 30 123
3599 -3.2449443564793032 -8.0702780138248631 28.18794252355514 42 40 83 0.2599038674282802 2 113 11 149 3 126 4 151 10 137
3600 3.4676570812985235 -8.3329639653162655 29.024148435688421 118 102 147 0.27239597763038498 14 136 18 161 11 153
3601 1.5557401744597901 -7.7682001501404256 28.546304723325182 52 58 95 1.112172339208267 31 234 11 176
3607 -0.82907806847540211 -1.5651763442146147 45.193676258809703 59 49 57 0.46720249084105403 6 210 8 210 11 217 9 199
3608 -13.996569105214371 -1.8098979885676809 28.278692696341288 193 185 213 2.1256907728253074 40 49 11 218
3611 5.4821732950633288 -12.44558600908543 30.384989850700325 163 151 185 0.23545053243937714 23 10 24 362 26 377 27 352 28 318 29 372 30 16 11 243
3612 3.2567597926246568 -12.029979711458342 30.174463616298969 79 71 112 0.48732818218139728 18 257 11 255 13 251 15 244 16 228 17 238 20 230 12 246
3613 2.4842531377304526 -11.977446964880079 30.054746458120544 83 73 108 0.34584011763974848 13 249 15 243 16 227 18 256 19 209 11 256 12 244
3614 2.4851237648897078 -12.002169884598402 30.142577220429558 83 73 108 0.095245607961322559 13 250 11 257
3615 -1.7209649617860459 -11.252085396537254 29.914225759239933 20 14 41 0.17967854761426333 17 284 19 243 11 285 12 282 13 294 14 266 15 287 16 258 18 302 20 270
3616 -3.2157231611692554 -10.870588558009345 29.730043390271945 60 52 93 0.31724222299109989 19 257 11 293 16 268
3617 -3.2157231611692554 -10.870588558009345 29.730043390271945 60 52 93 0.31724222299109989 19 258 11 294 16 269
3618 4.0196706546690368 -11.02434681328968 29.448416732617211 158 143 191 0.29691839359582251 17 289 11 296 13 303 18 312
3619 2.572392476318289 -10.980814234306516 29.58664001148713 160 147 190 0.16995532789417445 15 298 16 267 18 314 11 298 19 255 20 279
3620 -0.35341086072404082 -10.880122757175068 29.594401822894287 174 166 209 0.22672967979191941 13 308 11 301 17 293 18 317 20 282 16 51
3621 -3.0343070277644997 -10.693789315128079 29.302205571515799 185 179 219 0.40834101355289992 15 301 18 319 11 305 13 310 19 265 12 304
3622 1.8398076627263333 -10.537397871834537 29.738183719285981 183 173 210 0.19850547370468835 12 513 14 293 18 535 19 467 20 494 11 316 17 492 13 329 16 289 15 316
3623 3.3057565513442935 -10.583002297355227 29.702051847008079 182 169 205 0.35722305261475901 14 292 16 473 19 280 20 493 11 317 12 515 15 494 18 532 13 505 17 488
3624 0.34797517453737431 -10.467494655379111 29.655045176838005 190 180 221 0.097685673202859799 19 284 11 320 13 332 16 290 18 332 20 291 12 319
3625 1.1024937824894732 -10.508761177255288 29.730580584935748 186 175 214 0.13795896956713305 14 478 11 321 15 495 18 534 20 498 17 491 12 320 13 328 19 285
3626 -1.8552839501827314 -10.007204905254873 29.350603056071403 191 183 222 0.29350894521464194 14 303 11 329 12 335 17 319 20 304 15 327
3627 3.2186160157208734 -9.8818880764775692 29.37627607285598 174 160 200 0.49823478235289559 15 521 16 504 19 304 11 335 13 348 14 312 17 94 18 345 12 537 20 100 16 93
3628 3.9510166740252113 -9.9334541885730854 29.392762607324386 168 150 189 0.22861926991714215 15 335 16 311 11 336 12 343 20 313 19 68 14 74
3629 2.0834443105763327 -9.8284388614456102 29.583892305799552 183 172 218 0.2134716027373261 12 348 13 351 14 316 16 313 17 325 18 349 19 308 20 520 11 339 15 527
3630 0.58682619252193202 -9.7621614021915715 29.496813805802027 194 179 220 0.25650869145572869 15 338 18 350 11 344 16 315 12 346 17 326 19 309 20 316 13 99 14 314
3631 2.5057942023722757 -9.6864105247508441 29.249737076178501 176 158 206 0.35261681509449777 14 322 19 75 11 347
3632 -3.5912937291877807 -9.3774996842282885 28.663016565492473 71 23 47 0.63938111304164924 12 354 13 356 16 511 17 333 18 574 20 324 11 348
3633 -1.8831491384109298 -9.3010040274042858 28.983754674248132 185 179 217 0.24038832573520871 15 350 11 352
3634 -0.10917471888926719 -9.3546626044412022 29.129851522935883 189 183 218 0.35763169299333519 12 360 11 354 14 328
3635 -2.3414853440623342 -9.2594717510442219 29.180802229158878 192 187 220 0.41133891547621476 13 364 15 355 18 361 11 356 14 331 16 326 17 350
3636 -0.84504840909182244 -9.3318614539729836 29.264054839816609 185 178 220 0.38540531498721126 18 362 11 358 12 359 14 330
3637 2.6658721873663196 -9.4029388477506295 29.218084564818625 51 43 94 0.29827834564507144 12 553 17 531 11 361 13 544 14 514 15 540 16 521 19 512 20 536
3638 1.5160293757520658 -9.3406184837660575 29.333443434667416 119 106 160 0.43898544600537542 15 358 11 362 12 363 17 355
3640 3.2478650438178702 -9.1443274916832546 29.286808141497147 196 182 218 0.21695049416207696 17 359 11 369 16 335 20 350 18 593 19 516 12 557 13 550 14 520 15 546
3641 0.030926252321380448 -8.9865541070515356 29.278482677736182 189 179 216 0.32290089457013682 12 373 11 372 18 379
3642 1.5488441029185112 -9.0560867501959113 29.450676407140762 181 169 207 0.484244816407773 13 374 15 366 11 374 16 119 18 126 20 125
3643 0.76334131903754188 -8.7691492621097087 28.981062108502528 184 176 217 0.39887028841227823 17 538 19 343 11 378 13 379 16 528
3644 -1.1534808915229517 -8.5874137718525549 28.748250371080356 193 185 230 0.52016192473087941 18 385 11 382 13 383 12 380 15 560 17 545 14 533 20 550
3645 0.3322712994890758 -8.6658935979887914 28.875436550205539 189 182 226 0.44798052628165519 14 534 15 561 11 383 12 565 20 552 17 544 18 604 19 529 13 560
3646 1.7188362529340191 -8.7765346164138993 29.493189280387497 72 65 105 0.36466684862163257 12 569 14 538 17 548 18 609 20 554 11 384 13 568 15 564 16 537 19 531
3647 -2.4668037646165653 -8.4202073614756063 28.788179642790844 127 126 173 0.4048719138202081 16 358 11 385 19 347
3648 -2.4738648253650801 -7.84384073908336 28.576896539862833 186 184 228 0.50989746813274694 19 550 11 396
3649 -2.4665073337935395 -7.8242206551917439 28.369320055685478 186 184 228 0.62980355576730362 12 394 13 390 17 377 18 404 11 397 16 147 20 376 14 142 15 150
3650 2.3153124295064438 -8.0065910386700256 29.044123141086477 29 31 80 0.39871130173679903 13 398 17 573 18 407 20 580 11 402
3651 3.6705476758533115 -7.9136300765927299 29.072371680179089 57 59 104 0.018378857637023169 15 397 11 404
3654 6.3171388558936821 -12.855731933113944 30.854579964057507 43 35 51 0.66794547373901159 8 580 11 438
3656 -1.766837042974345 -11.703407473138753 29.628376944181184 184 178 216 0.25407033187011041 13 469 14 443 16 441 17 455 19 437 20 447 11 454 12 474 18 488
3657 2.6743108760226955 -11.897665849799422 30.04650457993149 173 160 203 0.2229990117855622 12 477 15 459 17 453 19 438 11 455 13 471 14 446 16 438 18 489 20 448
3659 -1.2784870310654723 -11.676338762001585 30.026853395914369 182 174 205 0.19088791990414045 20 458 11 461 12 483
3660 3.6535673858500122 -11.042033794626846 29.722176375734879 170 160 205 0.22771422326473664 12 496 15 476 16 457 18 504 19 450 11 466 13 485 17 465
3661 4.3904906974081657 -11.057298631181085 29.669892735040609 171 155 197 0.32398753988302792 12 497 13 483 14 457 15 475 16 456 17 466 18 505 19 451 20 470 11 467
3662 2.9402487670666666 -11.022931272759701 29.827494031463292 166 157 199 0.19710654039690487 16 459 20 472 11 469 12 498 13 489 14 463 17 469 18 506
3663 0.68662349464117778 -10.871481581516699 29.477348007522956 184 177 216 0.2139908484127041 14 462 15 484 19 456 20 474 11 470 12 501 13 486 16 460 18 508
3664 -1.5326017105701928 -10.8063713807437 29.502563954736306 181 175 219 0.35755075505287237 13 490 14 460 17 474 20 477 11 471 15 481 18 514
3665 4.1648123058152828 -10.889793835486328 29.541823120390937 62 49 102 0.11259524081186711 16 619 17 635 20 645 11 473
3666 0.52715152639446883 -10.802973370586875 29.690175445348569 54 52 102 0.23527273334214424 14 467 15 487 17 476 18 523 19 459 20 483 11 474 12 508
3667 1.9938848060698224 -10.851414224494045 29.698307873639642 63 54 97 0.21997804784683289 12 503 13 494 16 465 17 478 11 475 14 465 15 485 18 519 19 460 20 485
3668 3.4686844512981634 -10.89251074137195 29.722670690912054 61 56 105 0.27370148338131844 12 505 17 479 18 521 19 462 11 477 16 468
3669 -0.20817757256174027 -10.752557849478654 29.682180195182173 57 52 99 0.16830923765765546 12 509 20 486 11 483
3670 4.0425656770277412 -10.629852151539721 29.701597863531759 180 163 208 0.25479610793529883 12 511 16 472 17 486 18 529 20 492 11 485 14 472 15 313 13 326 19 281
3671 2.5820583296486208 -10.56295789596639 29.750333661971123 193 177 215 0.21222635531830955 13 504 14 476 15 493 16 474 17 487 18 531 19 468 20 495 11 491 12 514
3672 6.8044304769843631 -10.28012862439609 28.06976813274747 66 23 32 0.78649829549891737 13 500 15 490 16 470 18 328 11 493
3673 3.3424978289557061 -10.28126503540385 29.602469156100025 183 169 205 0.28305289627377977 13 512 14 486 15 505 17 495 18 544 19 476 20 502 11 496
3674 4.0432205157054337 -10.252313662728989 29.41904466893741 173 157 200 0.28145330889669279 12 519 14 487 15 503 16 477 20 503 11 500 18 542 19 472 17 316
3675 4.8041379823021551 -10.291053473954328 29.503186738919236 183 164 204 0.27241204004081032 12 524 13 514 14 489 15 507 16 479 17 497 18 545 19 473 20 505 11 502
3676 1.7904876281556004 -9.5504838122152034 29.348009533064918 166 159 200 0.29342558059013357 14 506 15 529 17 523 18 575 19 500 11 515 12 544 13 534 16 512
3677 -1.1634739801536205 -9.3656226334890178 29.087777174624716 190 185 221 0.42978320817360771 19 503 20 528 11 516 12 545 14 508
3678 0.65164460288485759 -9.4582745230659526 29.447405547814981 176 167 208 0.36141290446927044 12 548 13 541 20 531 11 519 15 538
3679 3.5997448026562084 -9.5525973236917547 29.384487576263101 175 166 210 0.20952956248220989 12 550 14 511 15 532 16 513 17 525 18 577 19 502 20 526 11 521
3680 4.0330398016586519 -9.1898982852452189 29.390068436557247 185 169 211 0.24852653396375235 15 547 16 524 17 533 18 591 19 517 11 525 12 558 13 551 14 521
3681 1.4967473761865826 -8.8014723643191495 28.998423990329258 180 169 205 0.28858307372873859 19 520 11 528 13 556 14 528 15 373 16 346
3682 -2.2052527644356332 -8.6091623990534103 28.718095814794374 194 185 226 0.56593252304161912 12 560 13 555 14 527 15 553 16 530 18 601 19 524 20 548 11 530
3683 1.0953727512771991 -8.7661775854816959 29.099496124073891 192 182 222 0.34921680995981613 13 561 14 531 15 555 17 541 18 605 19 525 20 549 11 532 12 563
3684 3.3246709616627061 -8.8622610137289204 29.251171480443769 182 170 209 0.28476149484564289 12 564 15 558 16 532 17 543 18 599 19 523 20 545 11 533 13 566
3685 1.8319785201419203 -8.7763626852733125 29.108021763771511 184 174 213 0.24595268033496853 13 564 14 535 15 556 18 602 19 526 20 543 11 534
3686 2.5544360973186082 -8.7890061974256639 29.061213297020966 187 174 216 0.2988608943578217 12 566 13 565 14 536 15 557 17 542 18 606 19 527 20 544 11 535 16 531
3687 1.2611929400315085 -8.6020440603168566 28.919487254582062 124 114 160 0.47800754172724486 13 570 11 539 16 538
3688 3.8836049634334628 -8.4616704757115002 29.101270183589779 172 159 202 0.44846269956133833 15 578 19 543 11 547 17 562 16 139 1 169
3689 3.8819237261877357 -8.454308102185637 29.075316850673605 172 159 202 0.33721729583911486 13 580 14 549 15 577 17 561 18 618 19 542 20 564 11 548 12 391
3690 4.761680233269443 -8.3485126647393439 29.029141983969712 175 161 181 0.36124248360968753 13 582 15 580 16 551 17 564 18 621 11 552 12 584 20 569
3691 3.8966066323217263 -8.1321904925542814 28.73048113350616 168 161 206 0.33762360311448236 13 666 17 650 19 633 11 562 15 666 16 631
3692 -26.884772539296296 -10.443479773817812 69.240759494531972 197 168 196 0.18175569803989039 18 428 11 565
3693 -6.9897169173648788 -5.9622142713648856 31.102820823073408 166 103 139 1.2313673266317129 3 356 4 422 11 575 5 387 6 367 8 538 9 542
3694 -7.5899379176432014 -4.8331884842309965 30.959593510932066 159 91 122 1.0614298843822401 14 567 16 570 19 566 11 578 15 415 18 434
3695 -5.3459843329860854 -3.1897155697623738 45.908675396570963 36 11 28 0.91025039916446637 12 428 13 611 15 609 16 395 17 181 18 440 19 389 20 407 11 582
3697 3.889417366123249 -10.852153639548639 29.761570878972357 102 94 143 0.28528572566758659 13 732 14 686 17 698 20 720 11 631
3698 5.6446398982707189 -10.680579371430468 28.885038485240084 121 47 74 0.64010486586592197 13 651 11 633
3699 4.1302616362518236 -8.9578880301775747 29.470672554272632 182 166 205 0.36607680664480896 19 627 11 644 20 541 12 561 13 562 14 529 15 559 16 529 17 537 18 600
3700 -2.5268621364545734 -7.8075542782113008 27.878598195393987 177 174 215 0.53182072445615147 12 654 11 650
3701 5.9579142744142271 -8.0453805203753532 28.000879280456218 31 6 20 0.44956279842338204 16 696 17 704 18 770 20 726 11 653 13 740 14 695 15 721 19 692 12 657
3702 -5.3370906320136076 -3.5140109074031938 47.44400329825072 146 110 138 1.8745712993885177 13 430 17 588 11 667
3703 3.8545334007105008 -11.548783102305523 29.360705505148371 88 82 123 0.88001197872476644 35 834 39 844 40 846 11 692 32 576 33 604 34 799 36 637 37 640
3704 3.8361725282945467 -11.555104722782861 29.379042378450546 88 82 123 0.88266369011786328 39 845 40 845 11 693 34 800 35 835
3705 -5.9512368839770291 -10.510868807288292 28.771952161301954 96 21 41 0.65624164945109764 12 706 17 696 18 761 20 717 11 700
3706 6.2721392647915408 -10.625535342315112 29.708994801725158 45 1 14 2.1049516873045633 18 693 11 705 1 584
3707 5.6774577377897577 -8.9182732645141805 28.863960112311176 48 11 28 0.31118695056202855 5 671 11 709 1 511
3708 -3.9381397169567869 -3.9510928073497715 46.610233337566001 39 20 35 0.7685463654382011 12 675 13 754 14 710 15 734 18 718 19 644 20 675 11 722 17 586
3709 -6.5700340787117844 -3.4255151162217157 41.208793781029549 159 127 153 0.83374793342040332 12 835 13 864 14 821 15 845 16 816 17 819 18 889 19 818 20 848 11 724
3710 -6.5812198415297916 -3.4378125457604449 41.087894346098409 159 127 153 1.5603131381114679 13 865 15 846 18 890 11 725
3711 11.836720779431523 -3.5132992075933354 52.526398994620067 0 0 0 1.0982278001737391 2 519 8 556 13 760 14 715 16 717 20 789 4 674 10 412 9 633 15 792 17 764 18 834
3713 5.9786337792608171 -10.115842917552285 28.902219480199644 97 37 46 0.83902517882757988 4 736 5 725 8 721 10 746 11 755 1 645
3718 6.2179539681624068 -10.572213355719841 28.744248917343189 58 11 31 0.52478562963080377 12 825 13 855 14 815 15 836 16 807 17 812 18 880 19 808 20 837 11 817
3719 5.2009585363261142 -7.5236753676102959 29.086706190880076 0 0 1 1.1584845655574394 12 831 15 856 17 829 18 897 11 821
3720 1.3064385459080818 -6.4203934710852488 29.341531097776642 88 57 75 1.2579713329681281 38 1153 11 837
3721 -5.6356606560883193 -5.706663979962209 30.61277628557373 49 21 33 0.65705591493514182 12 860 13 889 14 848 15 871 16 843 17 849 18 913 19 843 20 867 11 844
3722 -5.6356606560883193 -5.706663979962209 30.61277628557373 49 21 33 0.65705591493514182 12 859 13 888 14 847 15 870 16 842 17 848 18 912 19 842 20 866 11 845
3723 2.4218313201406616 -0.99101727650942328 42.15317040429801 31 28 43 0.69782337007914341 13 892 17 851 18 916 19 845 20 869 11 847
3724 2.4218313201406616 -0.99101727650942328 42.15317040429801 31 28 43 0.69782337007914341 13 893 17 852 18 917 19 846 20 870 11 848
3725 -2.2496165673890598 -8.5244440046881245 29.530091452145296 125 127 177 1.1165854316402364 13 895 14 852 19 848 20 871 11 849
3726 -5.0985020453008909 -6.7315158291512569 27.810279923468755 8 1 8 0.84910675096015853 12 864 13 897 14 853 15 874 16 847 17 854 18 919 19 849 20 873 11 850
3727 -3.2245600742331937 -3.0001553161761803 45.782721848040538 20 13 21 0.70800576115372227 12 876 16 853 17 860 18 923 19 855 20 877 11 851
3729 -5.6621455319104168 -5.3092458852322606 52.222493696461072 157 114 142 0.74560389048105713 12 875 13 904 14 860 15 882 16 859 17 866 18 930 19 861 20 884 11 854
3733 4.5629810223578948 -12.000271964063796 30.021981246378356 176 169 186 0.36324762247452186 24 731 28 725 29 731 30 722 5 440 4 477 10 462 8 438 7 438 6 432 3 422 2 406 11 452 13 252 15 247 6 21 17 239 20 234 19 430 12 468 14 440 16 433 18 481
3734 4.6004586482323706 -8.7659222261009848 29.08655531079275 103 97 129 1.4579350665548405 15 135 8 126 9 113 7 122 3 125 2 111 11 144 29 134 10 130 8 124 9 338 1 155
3735 3.70606488112128 -10.165826775274123 29.593468669575664 131 127 153 0.53654777834416878 15 85 5 90 11 100 25 65 28 423 7 282 29 78 26 73 24 76
3736 5.9004795186326611 -7.1824359691496689 30.806834185772988 56 42 57 1.7037055460811894 13 862 14 820 15 844 16 815 17 830 18 886 19 815 20 845 11 806 12 812 11 767
3737 6.857430145661124 -3.5329632998333849 48.251456195775773 8 2 6 1.3567645478948835 12 817 13 851 16 798 18 874 11 808 15 791 13 808 18 833
3738 5.2290813131866889 -0.78468950621713862 47.242039290562403 38 31 49 1.276442576635191 12 838 14 826 15 861 17 834 18 892 19 820 11 835
3740 -15.465537059381656 -5.9366610555096573 56.816799723856228 182 149 178 0.87834982098834591 18 939 19 870 20 893 11 859 13 911 14 868 15 890 16 866 17 874
3741 -6.3835238391713283 -8.708670263197579 47.926277129169563 172 143 177 0.14690324948704958 5 180 1 17
3742 2.9495141205138502 -8.8034120557319202 48.818930790240259 32 10 21 2.2455560055559456 4 421 5 184 1 18
3743 -2.610524896445225 -11.627506591442293 29.223694712207429 139 140 186 0.9679800569539303 6 18 9 19 1 35
3744 -0.52404554775884593 -10.818666603101295 29.201842312188791 100 94 143 1.0119269980758376 20 62 1 72
3746 -0.59109543981154855 -9.4140775823738529 28.937519959377354 107 108 165 0.34028825902097593 10 90 1 134 8 98
3748 0.31308434069217467 -13.035414882813818 49.344517111666441 40 1 9 0.99980509637447057 22 494 25 531 27 512 29 549 1 180 28 824
3749 0.35929531243551294 -13.020038992851646 49.472505633383605 40 1 9 0.52410800493555276 22 493 25 530 26 161 27 513 1 181 24 176
3750 3.0308841443824894 -13.007509069396386 49.509503629722694 40 37 46 1.1196525218181475 27 516 28 826 30 513 1 182
3753 3.1720623258628735 -8.0791635048869104 28.749578060859289 173 166 219 0.38257907520077494 18 626 1 292 16 634 20 574 15 664 20 655
3755 7.4304775431358676 -11.149784374105987 29.195263162120444 31 8 26 0.69596878645351401 9 264 10 39 1 337
3756 -2.934394083343157 -9.6950885959699775 28.815328908313525 116 121 177 0.050700254825389375 28 408 1 349
3759 -18.382902078073233 -1.1621910406907134 43.531680628838863 254 253 255 1.2562332385288215 3 534 1 377 2 369 8 204
3760 1.9548823499954469 -5.2793251273614104 35.711738553947562 165 163 213 0.68680182602870865 21 569 1 384
3761 0.035824245674368101 -12.711663598292388 49.430238525666695 119 37 52 0.57633111444320906 23 808 26 831 29 826 1 389 22 495
3763 -1.949303112053929 -9.5387265639517196 28.839453030903421 190 187 232 0.51483033970181236 24 762 30 777 1 464 23 763 25 776 27 776 28 775
3764 -5.1396243014345622 -9.4402975553171924 28.033404646922044 13 0 11 0.89361310448555853 10 80 1 469 3 584 5 87 4 636 7 616 8 606 5 667
3767 -4.9690947168053041 -11.024982087887937 50.752191272489213 98 79 110 0.9178242179262327 22 1190 23 1305 25 1261 26 1295 27 1295 28 1285 29 1346 30 1281 1 564 25 1309 27 1357
3768 -0.33677070968379669 -13.212474531440757 49.421142874487067 92 46 59 0.79053673075951281 22 1248 23 1253 24 1291 25 1306 27 1354 1 599 26 1348 28 1335 29 1343
3773 -1.4874617486920698 -13.414595158848638 46.370260226083133 112 45 66 0.24499588587199234 21 1312 1 562
3774 3.8464609805705048 -7.1783610944238649 37.241886289026141 145 138 186 3.5102831301843 21 1370 1 660
